ID,Warehouse_block,Mode_of_Shipment,Customer_care_calls,Customer_rating,Cost_of_the_Product,Prior_purchases,Product_importance,Gender,Discount_offered,Weight_in_gms,failed_delivery,DA_id,time_slot
1,D,Flight,4,2,177,3,low,F,44,1233,0,28,Morning
2,F,Flight,4,5,216,2,low,M,59,3088,0,48,Night
3,A,Flight,2,2,183,4,low,M,48,3374,0,17,Morning
4,B,Flight,3,3,176,4,medium,M,10,1177,0,32,Morning
5,C,Flight,2,2,184,3,medium,F,46,2484,0,39,Morning
6,F,Flight,3,1,162,3,medium,F,12,1417,0,15,Afternoon
7,D,Flight,3,4,250,3,low,F,3,2371,0,42,Morning
8,F,Flight,4,1,233,2,low,F,48,2804,0,49,Morning
9,A,Flight,3,4,150,3,low,F,11,1861,0,22,Night
10,B,Flight,3,2,164,3,medium,F,29,1187,0,46,Afternoon
11,C,Flight,3,4,189,2,medium,M,12,2888,0,26,Night
12,F,Flight,4,5,232,3,medium,F,32,3253,0,2,Night
13,D,Flight,3,5,198,3,medium,F,1,3667,0,12,Morning
14,F,Flight,4,4,275,3,high,M,29,2602,0,28,Night
15,A,Flight,4,3,152,3,low,M,43,1009,0,5,Afternoon
16,B,Flight,4,3,227,3,low,F,45,2707,0,23,Morning
17,C,Flight,3,4,143,2,medium,F,6,1194,0,29,Afternoon
18,F,Ship,5,5,227,3,medium,M,36,3952,0,13,Morning
19,D,Ship,5,5,239,3,high,M,18,2495,0,26,Afternoon
20,F,Ship,4,5,145,3,medium,M,45,1059,0,39,Night
21,A,Ship,3,3,161,2,medium,F,38,1521,0,10,Night
22,B,Ship,3,1,232,4,medium,F,51,2899,0,9,Morning
23,C,Ship,2,5,156,2,low,M,2,1750,0,38,Morning
24,F,Ship,4,3,211,3,high,M,12,3922,0,2,Morning
25,D,Ship,4,5,251,2,medium,F,28,3561,0,20,Morning
26,F,Ship,3,1,225,4,low,M,29,3496,0,21,Night
27,A,Ship,4,1,172,3,high,F,24,1066,0,11,Morning
28,B,Ship,5,1,162,3,medium,M,31,1435,0,17,Night
29,C,Ship,2,3,234,4,low,M,44,3134,0,22,Morning
30,F,Ship,5,4,183,2,low,F,36,3819,0,10,Morning
31,D,Ship,3,4,266,2,medium,F,38,2741,0,32,Night
32,F,Ship,5,3,257,2,low,F,61,3341,0,5,Morning
33,A,Ship,3,1,223,3,low,F,22,3795,0,18,Night
34,B,Ship,4,2,234,3,medium,M,4,3261,0,18,Night
35,C,Ship,4,2,227,4,medium,F,22,2460,0,38,Afternoon
36,F,Ship,5,4,149,3,medium,F,44,1811,0,40,Night
37,D,Ship,3,5,137,4,high,F,62,1477,0,33,Night
38,F,Ship,2,4,181,6,medium,F,16,3605,0,19,Night
39,A,Ship,5,1,215,4,low,F,56,3905,0,31,Morning
40,B,Ship,4,2,269,5,low,F,45,2383,0,29,Morning
41,C,Ship,5,1,227,2,low,M,15,3798,0,12,Afternoon
42,F,Ship,5,5,139,4,medium,M,61,1265,0,38,Night
43,D,Ship,3,5,137,2,medium,M,38,1647,0,26,Afternoon
44,F,Ship,3,1,174,2,low,M,44,1556,0,31,Afternoon
45,A,Ship,3,1,151,2,low,M,29,1328,0,20,Morning
46,B,Ship,5,1,210,3,low,F,9,2944,0,10,Night
47,C,Ship,3,4,169,4,medium,F,32,1245,0,24,Afternoon
48,F,Ship,5,1,160,2,low,M,32,1576,0,9,Night
49,D,Ship,5,4,190,2,medium,M,9,3753,0,8,Morning
50,F,Ship,5,3,216,3,low,F,40,2146,0,40,Morning
51,A,Ship,4,1,183,3,low,M,37,2042,0,24,Night
52,B,Ship,4,4,141,3,low,M,22,1735,0,38,Afternoon
53,C,Ship,4,3,165,3,low,F,44,1320,0,24,Afternoon
54,F,Ship,2,1,170,3,low,M,41,1128,0,33,Afternoon
55,D,Ship,4,3,203,3,high,M,12,3539,0,47,Night
56,F,Ship,2,5,246,5,low,M,46,2437,0,37,Night
57,A,Ship,3,3,238,3,low,F,61,3096,0,32,Morning
58,B,Ship,3,3,193,3,medium,F,29,3453,0,11,Morning
59,C,Ship,5,5,141,3,high,M,41,1367,0,19,Night
60,F,Ship,4,1,150,3,high,F,17,1923,0,11,Night
61,D,Ship,3,1,221,3,low,F,64,2794,0,31,Morning
62,F,Ship,3,3,179,3,medium,M,52,1158,0,50,Night
63,A,Ship,5,1,105,6,medium,M,62,1292,0,48,Afternoon
64,B,Ship,3,1,177,3,medium,M,61,1880,0,15,Afternoon
65,C,Ship,4,5,261,2,high,M,49,3045,0,1,Morning
66,F,Ship,3,2,202,3,low,M,49,2881,0,4,Morning
67,D,Ship,3,2,109,3,medium,F,15,1710,0,10,Morning
68,F,Ship,3,3,158,3,low,F,6,1878,0,23,Morning
69,A,Ship,4,2,231,4,medium,F,6,2512,0,46,Night
70,B,Ship,3,5,206,3,medium,M,39,2929,0,47,Morning
71,C,Ship,5,1,187,4,high,M,14,3849,0,12,Night
72,F,Ship,5,5,230,2,low,F,2,2229,0,18,Morning
73,D,Ship,5,5,232,3,medium,F,33,2998,0,14,Night
74,F,Ship,4,5,215,3,medium,F,21,3984,0,33,Morning
75,A,Ship,6,1,238,6,low,F,13,2442,0,12,Night
76,B,Ship,4,1,266,3,low,F,23,3775,0,34,Night
77,C,Ship,2,3,158,2,medium,F,36,1788,0,16,Afternoon
78,F,Ship,3,3,113,3,low,F,43,1518,0,27,Morning
79,D,Ship,3,4,223,3,low,M,18,3959,0,13,Night
80,F,Ship,3,5,257,2,medium,F,56,3711,0,32,Night
81,A,Ship,3,4,180,2,medium,F,49,1942,0,25,Afternoon
82,B,Ship,2,5,132,3,low,M,18,1759,0,24,Night
83,C,Ship,4,4,217,3,high,F,26,2875,0,25,Morning
84,F,Ship,5,5,162,3,high,F,31,1364,0,9,Night
85,D,Ship,4,5,197,2,medium,F,40,2710,0,41,Night
86,F,Ship,3,4,197,3,medium,M,13,2148,0,14,Afternoon
87,A,Ship,4,1,185,2,low,M,44,2910,0,23,Afternoon
88,B,Ship,6,2,278,3,medium,F,3,2974,0,20,Afternoon
89,C,Ship,3,3,229,3,low,M,49,2339,0,50,Morning
90,F,Ship,4,1,186,4,medium,F,57,3880,0,34,Afternoon
91,D,Ship,5,3,174,6,high,F,41,1085,0,23,Night
92,F,Ship,5,5,286,3,low,F,18,3163,0,36,Morning
93,A,Ship,4,4,175,2,medium,F,7,1188,0,1,Afternoon
94,B,Ship,3,3,219,3,medium,F,17,3387,0,50,Afternoon
95,C,Ship,4,1,213,4,high,F,35,2343,0,3,Afternoon
96,F,Ship,2,3,235,3,low,M,57,2034,0,45,Morning
97,D,Ship,3,3,149,2,medium,M,18,1225,0,40,Afternoon
98,F,Ship,4,1,271,2,medium,F,8,2401,0,1,Night
99,A,Ship,3,5,144,4,medium,M,5,1104,0,13,Night
100,B,Ship,4,2,145,2,medium,M,21,1617,0,1,Morning
101,C,Ship,5,3,143,2,medium,M,59,1837,0,37,Afternoon
102,F,Ship,5,5,227,4,low,M,53,2624,0,34,Night
103,D,Ship,2,1,213,3,low,M,29,2732,0,50,Afternoon
104,F,Ship,5,1,144,4,low,M,37,1658,0,44,Morning
105,A,Ship,3,3,218,3,low,M,3,2255,0,28,Night
106,B,Ship,4,2,144,3,medium,M,59,1588,0,34,Night
107,C,Ship,3,1,238,3,low,M,17,2624,0,19,Night
108,F,Ship,4,5,216,3,high,M,26,2053,0,10,Afternoon
109,D,Ship,4,5,238,3,high,F,55,3257,0,5,Afternoon
110,F,Ship,4,1,141,3,medium,M,47,1250,0,1,Afternoon
111,A,Road,3,1,158,2,low,M,2,1284,0,20,Night
112,B,Road,4,2,239,3,low,F,65,3679,0,42,Afternoon
113,C,Road,4,3,175,2,low,M,25,1816,0,19,Night
114,F,Road,3,2,263,3,low,M,41,2817,0,16,Night
115,D,Road,3,5,168,2,high,M,50,1616,0,50,Morning
116,F,Road,3,4,176,3,high,M,36,1779,0,39,Afternoon
117,A,Road,4,1,150,4,high,M,60,1024,0,40,Morning
118,B,Road,4,3,265,2,medium,F,31,2326,0,14,Morning
119,C,Road,2,5,263,3,low,F,5,2947,0,27,Afternoon
120,F,Road,5,1,145,3,low,M,20,1387,0,3,Morning
121,D,Road,4,2,183,3,low,F,33,2741,0,25,Night
122,F,Road,3,3,205,3,medium,F,19,2167,0,45,Morning
123,A,Road,4,2,160,3,low,M,64,1714,0,47,Morning
124,B,Road,3,3,252,2,medium,F,48,2102,0,13,Afternoon
125,C,Road,5,5,222,3,low,M,10,2280,0,34,Morning
126,F,Road,3,3,203,2,low,M,25,3607,0,41,Morning
127,D,Road,4,5,220,3,medium,M,40,3516,0,35,Afternoon
128,F,Road,3,3,147,4,low,F,60,1722,0,28,Morning
129,A,Road,4,4,200,4,medium,M,16,2060,0,22,Night
130,B,Road,4,5,224,4,medium,M,21,2026,0,6,Night
131,C,Road,3,5,179,2,low,F,17,1364,0,36,Afternoon
132,F,Road,3,4,144,3,low,M,50,1865,0,48,Night
133,D,Flight,5,2,247,3,low,M,17,3889,0,43,Afternoon
134,F,Flight,5,4,280,6,medium,F,51,3582,0,3,Afternoon
135,A,Flight,3,3,168,2,medium,F,1,1829,0,1,Afternoon
136,B,Flight,3,5,157,3,medium,F,4,1889,0,37,Afternoon
137,C,Flight,3,3,189,4,medium,F,51,2208,0,37,Night
138,F,Flight,3,5,162,2,medium,M,7,1739,0,7,Morning
139,D,Flight,4,1,207,5,low,M,48,2399,0,9,Afternoon
140,F,Flight,5,1,237,2,low,F,10,3860,0,22,Night
141,A,Flight,4,4,264,3,high,M,59,2020,0,20,Night
142,B,Flight,5,4,149,3,low,M,51,1645,0,46,Morning
143,C,Flight,5,5,162,3,low,M,41,1462,0,19,Afternoon
144,F,Flight,2,1,205,4,medium,F,63,2156,0,3,Night
145,D,Flight,2,1,158,3,medium,F,51,1540,0,49,Morning
146,F,Flight,2,2,248,2,low,M,46,3707,0,7,Morning
147,A,Flight,3,5,191,3,low,M,23,3750,0,16,Morning
148,B,Flight,4,3,146,4,medium,F,24,1844,0,9,Morning
149,C,Flight,3,3,135,3,low,M,56,1490,0,7,Night
150,F,Flight,5,1,149,3,low,M,40,1062,0,38,Morning
151,D,Flight,4,4,220,2,medium,F,7,2551,0,7,Afternoon
152,F,Flight,5,3,98,5,medium,M,44,1269,0,16,Night
153,A,Flight,3,4,97,4,low,M,32,1238,0,33,Afternoon
154,B,Flight,3,3,183,2,low,M,53,3932,0,33,Afternoon
155,C,Ship,3,3,162,3,medium,F,8,1869,0,6,Night
156,F,Ship,5,1,114,4,low,F,47,1443,0,41,Morning
157,D,Ship,6,3,275,5,low,M,41,2491,0,4,Afternoon
158,F,Ship,3,2,203,2,medium,F,39,3845,0,42,Morning
159,A,Ship,5,5,205,2,high,M,65,3671,0,2,Afternoon
160,B,Ship,3,3,149,3,low,F,63,1946,0,35,Afternoon
161,C,Ship,2,2,112,4,medium,M,56,1138,0,33,Morning
162,F,Ship,3,1,207,3,medium,F,56,3482,0,8,Afternoon
163,D,Ship,4,1,261,4,low,F,58,3427,0,30,Afternoon
164,F,Ship,5,2,274,3,medium,M,6,3375,0,11,Morning
165,A,Ship,3,5,141,2,low,M,52,1692,0,29,Morning
166,B,Ship,3,3,166,4,medium,F,17,1498,0,39,Night
167,C,Ship,5,2,141,3,high,F,34,1020,0,45,Night
168,F,Ship,4,5,152,3,low,M,43,1709,0,23,Morning
169,D,Ship,4,2,250,3,low,F,53,2478,0,20,Morning
170,F,Ship,4,3,161,3,medium,F,28,1809,0,19,Night
171,A,Ship,4,3,185,3,medium,F,10,2263,0,35,Morning
172,B,Ship,4,4,176,4,high,F,52,1096,0,48,Night
173,C,Ship,3,4,148,3,low,M,56,1550,0,34,Afternoon
174,F,Ship,3,2,270,3,low,F,63,2751,0,14,Afternoon
175,D,Ship,3,3,242,3,low,F,51,3935,0,13,Afternoon
176,F,Ship,4,4,150,2,medium,M,3,1285,0,36,Morning
177,A,Ship,4,5,192,3,high,M,20,3872,0,11,Night
178,B,Ship,4,5,116,3,medium,M,54,1314,0,44,Afternoon
179,C,Ship,3,3,192,3,medium,F,2,3995,0,31,Morning
180,F,Ship,5,5,255,4,medium,M,3,3440,0,6,Night
181,D,Ship,4,1,161,7,medium,F,18,1294,0,4,Night
182,F,Ship,4,5,157,3,low,M,20,1487,0,21,Afternoon
183,A,Ship,3,2,164,10,high,F,28,1940,0,15,Afternoon
184,B,Ship,3,5,162,7,medium,F,16,1052,0,3,Afternoon
185,C,Ship,3,3,146,2,low,M,50,1486,0,5,Night
186,F,Ship,3,2,209,3,medium,M,54,3001,0,49,Morning
187,D,Ship,5,4,134,2,medium,F,55,1386,0,22,Night
188,F,Ship,2,1,222,2,medium,M,5,3778,0,13,Night
189,A,Ship,2,5,139,3,low,F,27,1233,0,9,Afternoon
190,B,Ship,2,4,134,3,low,F,42,1415,0,40,Afternoon
191,C,Ship,2,5,130,3,low,M,16,1092,0,45,Afternoon
192,F,Ship,2,5,133,3,low,F,62,1596,0,4,Morning
193,D,Ship,2,4,140,3,low,F,7,1411,0,24,Morning
194,F,Ship,2,2,158,3,low,M,28,1968,0,49,Afternoon
195,A,Ship,4,2,270,4,low,F,46,1736,0,17,Night
196,B,Ship,2,5,140,3,low,F,30,1030,0,37,Night
197,C,Ship,2,2,135,3,low,M,15,1339,0,13,Afternoon
198,F,Ship,2,3,136,3,low,F,19,1568,0,47,Night
199,D,Ship,2,3,142,3,medium,F,38,7640,0,38,Night
200,F,Ship,2,2,154,3,medium,M,38,7846,0,9,Morning
201,A,Ship,2,3,139,3,low,M,9,1471,0,37,Afternoon
202,B,Ship,2,3,160,3,low,F,43,1251,0,36,Night
203,C,Ship,2,4,134,3,low,M,58,1067,0,9,Morning
204,F,Ship,5,3,161,5,high,M,48,1883,0,9,Night
205,D,Ship,2,5,155,3,low,M,23,1602,0,49,Night
206,F,Ship,2,3,145,3,medium,F,24,7588,0,45,Afternoon
207,A,Ship,2,2,157,3,low,M,1,1477,0,22,Night
208,B,Ship,2,2,160,3,low,M,48,1691,0,18,Morning
209,C,Ship,2,4,152,3,low,M,55,1498,0,22,Night
210,F,Ship,2,5,148,3,high,F,11,1502,0,11,Afternoon
211,D,Ship,2,1,127,3,low,F,15,1522,0,2,Night
212,F,Ship,2,5,154,3,low,F,21,1113,0,13,Night
213,A,Ship,2,5,127,3,low,M,44,1341,0,46,Night
214,B,Ship,2,5,160,3,medium,F,31,7401,0,4,Morning
215,C,Ship,2,4,129,3,low,F,48,1219,0,10,Afternoon
216,F,Ship,2,5,158,3,low,F,40,1722,0,19,Night
217,D,Ship,4,3,185,3,medium,M,3,3131,0,14,Morning
218,F,Ship,4,4,176,4,high,F,63,1293,0,19,Night
219,A,Ship,3,4,148,3,low,M,37,1523,0,1,Night
220,B,Ship,3,5,270,3,low,M,60,3885,0,33,Morning
221,C,Ship,3,4,242,3,low,M,29,2381,0,34,Morning
222,F,Ship,4,3,150,2,medium,M,31,1588,0,17,Night
223,D,Ship,4,2,192,3,high,M,4,2061,0,15,Afternoon
224,F,Ship,4,5,116,3,medium,F,9,1314,0,43,Night
225,A,Ship,3,4,192,3,medium,F,31,3331,0,48,Night
226,B,Ship,5,4,255,4,medium,F,38,2771,0,25,Night
227,C,Ship,4,3,161,7,medium,M,63,1496,0,2,Afternoon
228,F,Ship,4,2,157,3,low,F,48,1393,0,5,Afternoon
229,D,Ship,3,2,164,10,high,M,14,1375,0,39,Afternoon
230,F,Ship,3,3,162,7,medium,F,42,1278,0,34,Night
231,A,Ship,3,1,146,2,low,F,54,1528,0,11,Morning
232,B,Ship,3,4,209,3,medium,F,60,2240,0,46,Morning
233,C,Ship,5,5,134,2,medium,M,53,1088,0,47,Morning
234,F,Ship,2,1,222,2,medium,M,58,3626,0,43,Night
235,D,Ship,2,1,139,3,low,F,39,1582,0,2,Morning
236,F,Ship,2,2,134,3,low,M,38,1352,0,8,Night
237,A,Ship,2,3,130,3,low,F,48,1801,0,36,Morning
238,B,Ship,2,2,133,3,low,M,5,1268,0,35,Afternoon
239,C,Ship,2,3,140,3,low,F,23,1372,0,21,Night
240,F,Ship,2,3,158,3,low,M,10,1515,0,41,Afternoon
241,D,Ship,4,5,270,4,low,M,65,1818,0,15,Afternoon
242,F,Ship,2,4,140,3,low,F,33,1278,0,6,Morning
243,A,Ship,2,2,135,3,low,M,58,1734,0,9,Afternoon
244,B,Ship,2,4,136,3,low,M,43,1958,0,3,Afternoon
245,C,Ship,2,1,142,3,medium,F,8,6064,0,49,Night
246,F,Ship,2,4,154,3,medium,F,48,7684,0,30,Morning
247,D,Ship,2,3,139,3,low,F,3,1788,0,36,Night
248,F,Road,2,4,160,3,low,F,50,1030,0,24,Night
249,A,Road,2,2,134,3,low,F,38,1530,0,17,Morning
250,B,Road,5,5,161,5,high,F,54,1511,0,50,Afternoon
251,C,Road,2,3,155,3,low,F,45,1639,0,32,Morning
252,F,Road,2,2,145,3,medium,F,5,6102,0,27,Morning
253,D,Road,2,1,157,3,low,M,58,1930,0,22,Afternoon
254,F,Road,2,5,160,3,low,F,19,1399,0,3,Morning
255,A,Road,2,2,152,3,low,F,61,1800,0,32,Morning
256,B,Road,2,2,148,3,high,F,35,1349,0,19,Night
257,C,Road,2,2,127,3,low,M,13,1128,0,29,Afternoon
258,F,Road,2,2,129,3,medium,F,22,6614,0,42,Morning
259,D,Road,2,3,158,3,low,F,13,1245,0,11,Night
260,F,Road,2,4,147,3,low,M,5,1920,0,36,Night
261,A,Road,2,5,159,3,low,F,49,1621,0,33,Afternoon
262,B,Road,2,3,151,3,low,F,23,1930,0,44,Morning
263,C,Road,3,1,294,4,low,F,52,1089,0,14,Afternoon
264,F,Road,3,2,226,2,medium,M,45,1446,0,3,Afternoon
265,D,Road,5,3,271,5,high,M,9,1813,0,25,Morning
266,F,Road,7,2,203,5,medium,F,61,1856,0,46,Morning
267,A,Road,2,3,264,4,low,F,10,1648,0,18,Night
268,B,Road,4,1,258,3,medium,M,36,2211,0,42,Night
269,C,Road,3,5,241,3,low,F,21,3078,0,47,Night
270,F,Flight,4,5,208,3,medium,M,23,2056,0,35,Afternoon
271,D,Flight,3,2,209,5,medium,F,12,3054,0,30,Afternoon
272,F,Flight,5,1,182,2,medium,F,23,2707,0,44,Afternoon
273,A,Flight,4,5,148,2,medium,F,43,1087,0,43,Afternoon
274,B,Flight,2,3,183,2,medium,F,52,3199,0,44,Night
275,C,Flight,3,5,229,6,medium,M,22,2717,0,35,Night
276,F,Flight,5,5,115,5,low,F,26,1692,0,11,Morning
277,D,Flight,4,2,136,3,low,F,65,1962,0,44,Night
278,F,Flight,4,4,212,3,low,M,21,3307,0,8,Afternoon
279,A,Flight,4,3,171,3,low,F,24,1304,0,7,Afternoon
280,B,Flight,3,1,151,2,low,M,60,1925,0,49,Morning
281,C,Flight,3,1,205,3,medium,M,39,3062,0,36,Afternoon
282,F,Flight,5,4,147,3,medium,M,23,1132,0,39,Morning
283,D,Flight,3,3,155,3,low,F,29,1712,0,50,Afternoon
284,F,Flight,5,4,165,3,low,F,20,1150,0,39,Night
285,A,Flight,5,5,230,3,low,F,32,3249,0,42,Night
286,B,Flight,2,4,181,4,medium,M,13,2309,0,2,Morning
287,C,Flight,5,3,234,2,low,F,55,3308,0,4,Morning
288,F,Flight,4,4,149,3,low,M,34,1977,0,45,Morning
289,D,Flight,5,5,156,2,low,M,44,1561,0,17,Morning
290,F,Flight,4,2,172,3,medium,F,59,1858,0,36,Morning
291,A,Flight,4,4,270,3,low,M,12,3279,0,24,Morning
292,B,Ship,4,1,206,3,medium,M,23,3807,0,5,Afternoon
293,C,Ship,4,3,211,4,medium,M,40,3106,0,15,Night
294,F,Ship,3,2,136,4,low,M,62,1090,0,15,Afternoon
295,D,Ship,5,1,186,2,high,F,52,3981,0,17,Afternoon
296,F,Ship,3,1,202,2,medium,M,62,3398,0,50,Morning
297,A,Ship,4,2,183,3,medium,F,12,3646,0,38,Night
298,B,Ship,4,4,232,2,low,M,36,2861,0,6,Afternoon
299,C,Ship,4,2,147,4,medium,M,52,1129,0,8,Night
300,F,Ship,4,3,136,3,medium,M,20,1531,0,2,Night
301,D,Ship,5,3,127,3,low,F,43,1446,0,15,Afternoon
302,F,Ship,4,5,202,2,medium,M,35,3695,0,46,Afternoon
303,A,Ship,3,4,241,2,low,M,57,3671,0,10,Morning
304,B,Ship,4,3,222,2,medium,M,55,3833,0,49,Afternoon
305,C,Ship,3,2,183,4,medium,F,12,2777,0,7,Morning
306,F,Ship,4,4,249,3,medium,F,36,3769,0,27,Afternoon
307,D,Ship,3,1,243,4,high,M,59,3838,0,32,Afternoon
308,F,Ship,3,3,163,3,medium,M,9,1257,0,31,Afternoon
309,A,Ship,4,2,165,2,high,M,11,1596,0,18,Night
310,B,Ship,5,5,266,3,medium,F,53,3089,0,14,Morning
311,C,Ship,3,4,193,2,medium,M,48,3909,0,27,Morning
312,F,Ship,3,2,154,3,low,F,56,1136,0,8,Morning
313,D,Ship,3,3,140,3,medium,M,51,1046,0,41,Morning
314,F,Ship,4,3,272,3,medium,M,38,3705,0,2,Night
315,A,Ship,4,2,143,6,medium,M,20,1654,0,7,Night
316,B,Ship,4,2,138,3,low,F,30,1805,0,32,Afternoon
317,C,Ship,4,2,238,2,high,M,17,3358,0,47,Afternoon
318,F,Ship,4,5,273,4,medium,F,31,2373,0,21,Night
319,D,Ship,3,1,200,2,medium,M,27,2551,0,6,Night
320,F,Ship,4,5,213,4,low,M,39,2381,0,25,Morning
321,A,Ship,3,4,224,2,medium,F,15,2701,0,31,Afternoon
322,B,Ship,4,5,141,3,medium,M,12,1672,0,8,Morning
323,C,Ship,3,3,150,3,low,M,46,1040,0,29,Afternoon
324,F,Ship,3,1,192,2,low,M,33,2818,0,33,Afternoon
325,D,Ship,5,1,279,4,medium,F,24,3440,0,42,Afternoon
326,F,Ship,3,4,246,3,medium,M,30,3748,0,41,Night
327,A,Ship,3,4,173,3,medium,M,52,1587,0,1,Morning
328,B,Ship,4,4,233,4,medium,F,59,2358,0,1,Afternoon
329,C,Ship,5,1,274,2,medium,M,24,2423,0,35,Night
330,F,Ship,4,5,243,4,medium,F,41,2782,0,11,Afternoon
331,D,Ship,3,4,197,3,medium,F,56,3427,0,36,Night
332,F,Ship,4,3,140,3,high,F,46,1072,0,28,Afternoon
333,A,Ship,3,5,215,3,medium,F,22,2585,0,3,Night
334,B,Ship,3,4,211,3,medium,M,8,3710,0,21,Morning
335,C,Ship,4,2,220,5,low,M,33,2854,0,9,Morning
336,F,Ship,3,1,194,4,low,M,64,2026,0,43,Night
337,D,Ship,5,1,262,3,medium,F,58,3599,0,8,Night
338,F,Ship,4,4,201,2,low,F,1,3147,0,48,Night
339,A,Ship,3,5,261,3,medium,M,15,2989,0,21,Morning
340,B,Ship,4,4,191,6,low,F,60,3425,0,39,Morning
341,C,Ship,2,5,255,5,medium,F,53,3775,0,6,Morning
342,F,Ship,3,2,169,2,high,M,30,1698,0,4,Morning
343,D,Ship,4,5,162,2,medium,M,64,1918,0,18,Afternoon
344,F,Ship,2,5,248,6,low,F,62,2750,0,10,Morning
345,A,Ship,5,3,197,4,low,F,2,2222,0,46,Afternoon
346,B,Ship,5,1,264,3,low,M,6,2882,0,10,Morning
347,C,Ship,5,5,260,2,medium,F,55,2791,0,26,Morning
348,F,Ship,5,3,186,2,medium,F,58,2259,0,47,Morning
349,D,Ship,4,5,233,4,low,F,44,2551,0,22,Afternoon
350,F,Ship,5,1,161,3,low,M,47,1954,0,4,Night
351,A,Ship,4,5,188,3,low,F,13,2409,0,24,Afternoon
352,B,Ship,5,5,171,2,medium,F,22,1695,0,46,Night
353,C,Ship,2,2,267,3,medium,M,15,2481,0,3,Night
354,F,Ship,4,3,255,2,high,M,47,2956,0,27,Morning
355,D,Ship,3,2,132,3,low,F,56,1303,0,37,Night
356,F,Ship,5,1,266,3,low,F,31,3157,0,25,Afternoon
357,A,Ship,3,4,198,2,low,M,25,2774,0,17,Night
358,B,Ship,2,3,247,2,medium,F,62,3127,0,4,Morning
359,C,Ship,3,1,140,3,medium,F,65,1291,0,21,Morning
360,F,Ship,4,3,131,5,low,M,6,1659,0,43,Night
361,D,Ship,5,2,246,3,medium,M,49,3236,0,46,Morning
362,F,Ship,3,2,159,3,medium,F,4,1681,0,45,Morning
363,A,Ship,3,5,203,2,medium,M,61,3642,0,25,Night
364,B,Ship,4,3,187,4,high,F,29,3141,0,33,Morning
365,C,Ship,6,2,146,3,low,F,62,1936,0,25,Morning
366,F,Ship,3,2,234,3,medium,M,39,2099,0,36,Afternoon
367,D,Ship,3,4,122,3,high,F,15,1354,0,32,Night
368,F,Ship,3,3,135,3,low,M,8,1074,0,19,Night
369,A,Ship,3,5,103,3,low,M,3,1403,0,45,Night
370,B,Ship,3,5,257,3,medium,F,19,2173,0,7,Morning
371,C,Ship,4,3,169,2,low,M,2,1399,0,11,Night
372,F,Ship,4,5,159,3,medium,M,18,1808,0,29,Night
373,D,Ship,4,5,188,3,low,M,38,3031,0,10,Morning
374,F,Ship,5,1,136,3,medium,M,19,1420,0,50,Morning
375,A,Ship,5,1,227,3,low,F,19,3007,0,35,Afternoon
376,B,Ship,3,5,262,2,low,F,53,3275,0,30,Night
377,C,Ship,2,3,157,2,low,M,45,1965,0,11,Morning
378,F,Ship,5,3,238,2,medium,F,21,2053,0,9,Morning
379,D,Ship,3,5,152,3,low,M,43,1282,0,39,Night
380,F,Ship,3,2,201,3,medium,M,5,2040,0,40,Afternoon
381,A,Ship,3,4,148,2,low,M,54,1778,0,32,Night
382,B,Ship,5,2,199,4,low,F,59,2885,0,1,Night
383,C,Ship,5,4,215,2,low,F,45,3501,0,7,Night
384,F,Ship,4,5,175,2,low,M,40,1270,0,44,Morning
385,D,Road,4,3,236,2,high,M,23,3123,0,10,Morning
386,F,Road,2,5,182,2,medium,F,57,2896,0,27,Morning
387,A,Road,3,1,251,3,medium,M,42,3698,0,26,Afternoon
388,B,Road,5,2,173,3,low,F,7,1855,0,21,Night
389,C,Road,4,3,225,3,low,F,62,2587,0,33,Morning
390,F,Road,4,2,167,4,low,F,20,1705,0,11,Afternoon
391,D,Road,4,1,259,3,low,M,20,2154,0,4,Morning
392,F,Road,4,1,178,3,medium,F,63,1573,0,14,Night
393,A,Road,4,4,178,4,medium,F,13,1614,0,37,Afternoon
394,B,Road,5,4,169,2,low,F,20,1765,0,6,Night
395,C,Road,3,2,272,2,low,M,33,2321,0,15,Night
396,F,Road,4,4,183,3,low,M,29,3251,0,22,Afternoon
397,D,Road,3,4,205,3,low,F,10,2728,0,20,Night
398,F,Road,2,1,123,4,low,F,53,1036,0,17,Night
399,A,Road,4,3,152,3,low,M,58,1453,0,25,Afternoon
400,B,Road,3,1,220,2,high,F,40,3773,0,37,Morning
401,C,Road,4,3,134,3,low,M,51,1965,0,46,Night
402,F,Road,3,2,217,2,high,M,19,2992,0,11,Morning
403,D,Road,3,2,265,3,low,F,49,2791,0,14,Afternoon
404,F,Road,4,2,249,5,medium,M,36,3836,0,48,Morning
405,A,Road,5,3,213,4,medium,F,50,2003,0,1,Afternoon
406,B,Road,2,2,124,3,low,F,56,1494,0,28,Morning
407,C,Flight,4,1,180,2,low,M,23,1193,0,40,Afternoon
408,F,Flight,4,5,193,3,medium,M,65,2267,0,5,Night
409,D,Flight,3,2,192,3,medium,M,43,3339,0,40,Morning
410,F,Flight,2,5,166,3,medium,M,3,1832,0,21,Morning
411,A,Flight,3,2,264,3,medium,M,5,3861,0,21,Morning
412,B,Flight,3,4,200,2,medium,M,14,3528,0,6,Morning
413,C,Flight,4,3,142,4,medium,M,12,1396,0,5,Morning
414,F,Flight,4,1,215,2,low,M,32,3066,0,7,Morning
415,D,Flight,2,1,218,2,low,M,15,2745,0,31,Morning
416,F,Flight,3,2,115,3,low,F,27,1814,0,47,Afternoon
417,A,Flight,4,3,159,3,low,M,33,1330,0,33,Night
418,B,Flight,5,5,133,3,low,M,63,1218,0,43,Night
419,C,Flight,5,2,178,3,low,M,48,1517,0,46,Morning
420,F,Flight,4,2,134,2,low,F,43,1714,0,30,Afternoon
421,D,Flight,3,1,184,5,medium,F,58,2544,0,3,Afternoon
422,F,Flight,4,2,251,2,medium,M,24,2405,0,47,Afternoon
423,A,Flight,3,2,141,3,low,M,7,1933,0,50,Night
424,B,Flight,4,4,229,2,medium,M,45,3776,0,15,Morning
425,C,Flight,4,1,203,4,low,M,34,3813,0,41,Night
426,F,Flight,4,3,158,3,medium,F,57,1911,0,29,Night
427,D,Flight,3,4,167,3,medium,M,52,1755,0,8,Afternoon
428,F,Flight,5,4,197,4,low,F,40,3303,0,29,Morning
429,A,Ship,2,2,140,3,low,F,19,1806,0,4,Afternoon
430,B,Ship,5,1,205,2,medium,M,27,3569,0,41,Morning
431,C,Ship,5,5,208,3,low,F,45,2018,0,41,Afternoon
432,F,Ship,4,2,96,3,low,M,22,1294,0,5,Morning
433,D,Ship,6,4,205,3,low,F,44,2064,0,49,Night
434,F,Ship,4,2,215,3,medium,F,48,2953,0,13,Morning
435,A,Ship,4,1,216,3,low,F,43,2643,0,42,Morning
436,B,Ship,3,1,112,2,high,M,22,1846,0,19,Night
437,C,Ship,5,4,222,3,low,F,20,3632,0,7,Morning
438,F,Ship,5,2,186,3,medium,F,15,2153,0,13,Night
439,D,Ship,3,5,241,3,medium,M,48,2841,0,21,Night
440,F,Ship,3,3,172,3,low,F,58,1269,0,8,Night
441,A,Ship,3,5,251,2,high,M,23,2426,0,5,Night
442,B,Ship,5,3,190,3,high,M,45,2628,0,42,Night
443,C,Ship,4,3,186,2,medium,F,48,2805,0,25,Morning
444,F,Ship,4,4,207,2,medium,M,35,2596,0,28,Afternoon
445,D,Ship,3,3,135,3,low,F,19,1366,0,16,Night
446,F,Ship,4,4,189,2,medium,F,18,2955,0,43,Morning
447,A,Ship,4,4,173,5,medium,F,51,1691,0,13,Night
448,B,Ship,3,4,194,3,medium,M,3,2169,0,33,Night
449,C,Ship,3,1,183,3,low,M,19,3018,0,14,Afternoon
450,F,Ship,4,3,140,2,low,F,22,1248,0,7,Afternoon
451,D,Ship,4,4,244,3,medium,F,55,2782,0,35,Morning
452,F,Ship,2,3,189,4,low,M,34,3355,0,26,Afternoon
453,A,Ship,3,2,157,2,medium,M,53,1390,0,35,Afternoon
454,B,Ship,4,1,275,10,medium,F,23,2726,0,50,Afternoon
455,C,Ship,4,5,133,3,low,F,53,1467,0,39,Afternoon
456,F,Ship,4,1,149,3,medium,M,54,1178,0,4,Afternoon
457,D,Ship,3,3,254,2,high,M,17,3153,0,16,Night
458,F,Ship,3,4,145,8,low,F,15,1429,0,45,Afternoon
459,A,Ship,3,2,179,5,low,F,52,1991,0,27,Morning
460,B,Ship,5,2,168,3,low,M,26,1526,0,35,Morning
461,C,Ship,4,1,202,3,medium,F,18,3940,0,49,Night
462,F,Ship,3,4,220,7,low,M,43,2620,0,46,Night
463,D,Ship,3,4,244,8,low,M,1,2703,0,15,Morning
464,F,Ship,4,2,186,7,medium,F,40,3111,0,42,Morning
465,A,Ship,5,2,263,8,medium,M,24,3139,0,6,Night
466,B,Ship,3,2,294,4,low,F,15,1318,0,16,Morning
467,C,Ship,3,5,226,2,medium,F,2,1043,0,36,Afternoon
468,F,Ship,4,4,173,5,medium,F,2,1175,0,5,Night
469,D,Ship,3,5,194,3,medium,F,10,2277,0,29,Night
470,F,Ship,3,5,183,3,low,F,2,3459,0,48,Night
471,A,Ship,4,1,140,2,low,M,61,1770,0,28,Afternoon
472,B,Ship,4,3,244,3,medium,M,8,3318,0,36,Night
473,C,Ship,2,2,189,4,low,M,9,3413,0,49,Morning
474,F,Ship,3,1,157,2,medium,F,39,1525,0,21,Morning
475,D,Ship,4,3,275,10,medium,M,10,2093,0,30,Morning
476,F,Ship,4,5,133,3,low,M,59,1092,0,33,Afternoon
477,A,Ship,4,2,149,3,medium,M,26,1863,0,30,Night
478,B,Ship,3,4,254,2,high,F,41,3973,0,34,Afternoon
479,C,Ship,3,4,145,8,low,F,24,1594,0,36,Night
480,F,Ship,3,5,179,5,low,M,56,1113,0,50,Afternoon
481,D,Ship,5,4,168,3,low,F,13,1317,0,22,Morning
482,F,Ship,4,5,202,3,medium,F,46,3181,0,14,Morning
483,A,Ship,3,3,220,7,low,M,25,2141,0,32,Afternoon
484,B,Ship,3,2,244,8,low,F,50,3562,0,43,Night
485,C,Ship,4,3,186,7,medium,F,30,2062,0,40,Night
486,F,Ship,5,5,263,8,medium,F,9,2236,0,43,Morning
487,D,Ship,3,1,294,4,low,F,25,1498,0,26,Morning
488,F,Ship,4,1,139,3,low,F,56,1811,0,33,Morning
489,A,Ship,7,5,192,3,low,M,46,1550,0,36,Afternoon
490,B,Ship,3,3,235,3,low,M,5,3065,0,15,Morning
491,C,Ship,2,1,176,3,low,F,15,1996,0,5,Night
492,F,Ship,5,4,224,3,low,F,34,2627,0,16,Afternoon
493,D,Ship,3,4,128,3,medium,F,51,1524,0,40,Night
494,F,Ship,5,4,226,5,low,M,47,2240,0,11,Night
495,A,Ship,5,1,160,5,medium,F,16,1526,0,32,Night
496,B,Ship,3,1,197,5,low,M,45,2224,0,44,Night
497,C,Ship,4,2,216,3,low,F,12,2273,0,24,Afternoon
498,F,Ship,4,4,199,2,low,M,9,3075,0,1,Afternoon
499,D,Ship,5,5,271,2,low,M,27,3957,0,31,Night
500,F,Ship,5,1,201,3,low,F,47,2657,0,4,Night
501,A,Ship,3,4,212,2,low,M,33,2021,0,10,Morning
502,B,Ship,3,2,177,3,low,M,10,1641,0,25,Morning
503,C,Ship,3,4,191,4,medium,F,43,2903,0,49,Night
504,F,Ship,3,2,174,3,low,M,30,1986,0,35,Morning
505,D,Ship,5,3,162,2,low,F,14,1045,0,16,Morning
506,F,Ship,3,1,219,2,low,F,39,2696,0,9,Afternoon
507,A,Ship,4,4,155,3,medium,F,35,1421,0,17,Morning
508,B,Ship,5,3,230,3,medium,F,3,2923,0,2,Night
509,C,Ship,4,5,192,2,medium,F,36,2497,0,27,Night
510,F,Ship,5,2,235,3,low,M,14,2984,0,27,Morning
511,D,Ship,3,2,200,3,low,M,46,3642,0,14,Morning
512,F,Ship,5,2,172,3,medium,M,65,1667,0,24,Night
513,A,Ship,5,4,160,4,low,F,6,1603,0,12,Night
514,B,Ship,5,3,250,5,low,M,12,2722,0,50,Morning
515,C,Ship,4,2,174,3,low,M,9,1682,0,19,Night
516,F,Ship,3,2,204,3,high,F,54,3608,0,14,Morning
517,D,Ship,3,5,274,3,medium,F,51,3476,0,16,Night
518,F,Ship,5,5,262,2,medium,F,62,3744,0,33,Night
519,A,Ship,4,5,138,3,medium,M,23,1785,0,48,Morning
520,B,Ship,3,1,215,3,medium,F,2,3873,0,44,Morning
521,C,Ship,3,1,145,2,low,F,34,1773,0,40,Night
522,F,Road,4,5,149,2,medium,M,56,1141,0,29,Morning
523,D,Road,6,5,212,2,medium,M,38,2359,0,14,Afternoon
524,F,Road,3,1,155,3,medium,F,47,1193,0,16,Afternoon
525,A,Road,5,2,154,3,low,M,40,1238,0,14,Afternoon
526,B,Road,3,3,249,3,medium,M,51,2173,0,36,Morning
527,C,Road,5,1,206,2,low,M,2,3490,0,33,Night
528,F,Road,4,5,235,3,medium,F,22,2015,0,31,Morning
529,D,Road,5,5,261,3,medium,F,8,3257,0,26,Morning
530,F,Road,6,1,243,4,high,F,22,3537,0,13,Afternoon
531,A,Road,3,2,237,2,high,M,26,3103,0,47,Night
532,B,Road,2,4,179,2,low,F,19,1900,0,39,Afternoon
533,C,Road,4,3,192,3,low,F,43,3498,0,49,Morning
534,F,Road,3,1,141,3,medium,F,39,1838,0,25,Morning
535,D,Road,3,2,245,3,low,F,61,2188,0,39,Morning
536,F,Road,4,4,177,4,medium,F,32,1774,0,29,Night
537,A,Road,2,3,154,4,high,F,17,1897,0,31,Night
538,B,Road,4,4,228,3,medium,F,12,3359,0,30,Afternoon
539,C,Road,3,3,207,6,high,F,24,3702,0,15,Night
540,F,Road,4,4,266,4,medium,F,33,2701,0,29,Afternoon
541,D,Road,3,3,172,3,medium,F,42,1707,0,33,Night
542,F,Road,4,3,142,3,low,F,35,1512,0,9,Afternoon
543,A,Road,4,5,218,3,low,F,40,3200,0,16,Morning
544,B,Flight,3,3,231,2,low,M,46,2962,0,33,Afternoon
545,C,Flight,4,2,180,3,low,F,47,1434,0,28,Night
546,F,Flight,3,1,168,3,low,M,46,1886,0,46,Morning
547,D,Flight,5,5,147,4,high,F,42,1642,0,46,Morning
548,F,Flight,5,4,245,5,low,M,6,3592,0,19,Night
549,A,Flight,2,4,182,3,medium,M,47,3792,0,6,Morning
550,B,Flight,3,4,176,3,medium,F,8,1567,0,33,Night
551,C,Flight,5,3,197,4,medium,F,51,2917,0,11,Morning
552,F,Flight,3,5,233,3,medium,M,52,3519,0,50,Afternoon
553,D,Flight,3,4,156,2,low,M,8,1145,0,15,Morning
554,F,Flight,2,3,257,4,medium,F,52,2073,0,25,Afternoon
555,A,Flight,5,4,250,3,low,F,11,3373,0,5,Night
556,B,Flight,5,4,189,5,low,M,3,3301,0,42,Afternoon
557,C,Flight,3,3,255,2,high,M,7,3311,0,22,Night
558,F,Flight,2,3,198,2,medium,M,28,3514,0,47,Night
559,D,Flight,4,2,164,3,medium,M,15,1489,0,23,Morning
560,F,Flight,5,2,271,3,medium,M,32,3785,0,2,Morning
561,A,Flight,3,1,185,2,medium,F,34,3299,0,31,Night
562,B,Flight,2,5,157,6,high,F,17,1764,0,17,Night
563,C,Flight,3,2,137,2,medium,M,17,1673,0,18,Night
564,F,Flight,3,3,229,3,low,M,14,2164,0,13,Night
565,D,Flight,3,3,234,2,medium,F,39,2449,0,4,Afternoon
566,F,Ship,4,3,216,2,low,M,52,3578,0,37,Morning
567,A,Ship,3,1,163,4,low,F,20,1940,0,3,Afternoon
568,B,Ship,5,2,268,3,low,M,19,2526,0,13,Afternoon
569,C,Ship,3,3,205,5,medium,M,35,2988,0,11,Afternoon
570,F,Ship,4,5,265,2,medium,F,18,2969,0,12,Afternoon
571,D,Ship,2,2,236,3,medium,M,3,3416,0,2,Night
572,F,Ship,4,1,132,3,low,M,63,1901,0,23,Afternoon
573,A,Ship,3,4,234,2,medium,M,46,3108,0,9,Night
574,B,Ship,4,3,108,6,low,F,22,1745,0,15,Night
575,C,Ship,4,2,276,2,low,M,54,3706,0,36,Night
576,F,Ship,4,2,179,4,low,M,1,1063,0,5,Afternoon
577,D,Ship,4,1,230,3,medium,M,40,2225,0,22,Afternoon
578,F,Ship,3,2,210,3,medium,F,43,2096,0,46,Night
579,A,Ship,3,2,173,3,low,F,15,1992,0,14,Afternoon
580,B,Ship,2,5,201,3,medium,F,29,3894,0,22,Afternoon
581,C,Ship,3,3,214,2,low,M,21,3342,0,45,Afternoon
582,F,Ship,4,2,216,2,medium,F,22,3024,0,44,Morning
583,D,Ship,2,5,144,3,medium,M,61,1313,0,23,Morning
584,F,Ship,5,5,182,3,medium,F,27,3039,0,6,Afternoon
585,A,Ship,3,3,163,2,medium,F,48,1369,0,9,Night
586,B,Ship,3,3,234,3,medium,F,8,2334,0,30,Night
587,C,Ship,3,2,158,3,high,F,59,1307,0,16,Night
588,F,Ship,3,5,194,2,medium,M,4,3496,0,43,Morning
589,D,Ship,3,1,201,6,medium,F,3,2497,0,49,Night
590,F,Ship,3,2,178,2,medium,F,59,1933,0,9,Morning
591,A,Ship,4,1,214,5,medium,M,51,2669,0,50,Night
592,B,Ship,3,3,281,2,medium,M,55,3047,0,14,Afternoon
593,C,Ship,3,2,260,3,medium,F,2,2176,0,32,Morning
594,F,Ship,3,2,200,2,medium,F,46,3174,0,3,Morning
595,D,Ship,5,3,209,2,high,F,49,2581,0,8,Morning
596,F,Ship,3,1,185,3,low,M,61,3280,0,2,Night
597,A,Ship,4,3,230,3,low,F,62,2236,0,14,Afternoon
598,B,Ship,3,4,134,3,medium,F,31,1540,0,49,Night
599,C,Ship,4,5,270,2,low,F,34,2821,0,45,Afternoon
600,F,Ship,4,1,140,3,medium,F,1,1464,0,6,Afternoon
601,D,Ship,6,3,133,5,medium,M,32,1367,0,44,Night
602,F,Ship,3,4,145,3,medium,M,44,1218,0,20,Afternoon
603,A,Ship,4,3,206,3,medium,M,58,2135,0,14,Morning
604,B,Ship,3,1,162,2,low,F,52,1125,0,38,Night
605,C,Ship,4,3,187,2,low,F,58,3665,0,44,Morning
606,F,Ship,4,4,166,5,low,F,54,1203,0,38,Afternoon
607,D,Ship,4,5,178,3,low,F,48,1819,0,15,Morning
608,F,Ship,3,1,167,2,high,F,34,1967,0,3,Night
609,A,Ship,4,4,224,3,high,M,60,3145,0,25,Morning
610,B,Ship,4,4,158,3,medium,M,11,1224,0,12,Afternoon
611,C,Ship,3,4,134,2,medium,M,43,1198,0,46,Afternoon
612,F,Ship,4,2,147,2,medium,F,20,1387,0,42,Night
613,D,Ship,4,3,187,3,low,M,61,2207,0,50,Afternoon
614,F,Ship,4,5,247,2,medium,F,18,2404,0,25,Night
615,A,Ship,5,4,182,4,high,M,20,2212,0,25,Afternoon
616,B,Ship,4,1,177,4,medium,F,33,1049,0,41,Afternoon
617,C,Ship,5,5,143,2,high,F,18,1066,0,9,Night
618,F,Ship,5,3,245,2,medium,F,8,3231,0,36,Morning
619,D,Ship,4,1,133,4,medium,M,64,1834,0,7,Morning
620,F,Ship,3,5,224,2,low,M,13,3891,0,39,Night
621,A,Ship,2,5,265,2,low,F,50,3859,0,39,Afternoon
622,B,Ship,4,1,138,2,low,M,28,1528,0,25,Afternoon
623,C,Ship,3,4,253,3,low,M,6,3788,0,8,Afternoon
624,F,Ship,4,1,165,3,medium,M,51,1293,0,12,Morning
625,D,Ship,4,3,265,3,low,F,65,3578,0,20,Morning
626,F,Ship,3,2,238,3,high,F,54,3142,0,21,Morning
627,A,Ship,5,2,236,3,low,F,51,3402,0,12,Morning
628,B,Ship,4,2,190,5,high,F,38,3022,0,9,Afternoon
629,C,Ship,6,1,104,4,medium,F,23,1442,0,28,Morning
630,F,Ship,4,5,245,2,low,F,19,2616,0,13,Night
631,D,Ship,3,1,155,3,medium,F,27,1022,0,11,Morning
632,F,Ship,3,2,233,3,low,M,63,2143,0,18,Morning
633,A,Ship,4,3,171,4,low,F,55,1539,0,39,Night
634,B,Ship,2,3,164,2,low,M,56,1491,0,44,Night
635,C,Ship,3,1,141,3,low,M,6,1361,0,4,Afternoon
636,F,Ship,5,3,266,2,low,F,61,2118,0,40,Night
637,D,Ship,3,4,192,2,low,F,56,3765,0,5,Afternoon
638,F,Ship,3,3,229,6,medium,F,61,2298,0,46,Morning
639,A,Ship,6,2,269,4,medium,M,38,3171,0,2,Morning
640,B,Ship,3,4,247,4,low,M,59,2939,0,12,Afternoon
641,C,Ship,4,4,157,2,low,F,2,1087,0,5,Morning
642,F,Ship,3,2,148,3,medium,F,64,1280,0,29,Night
643,D,Ship,4,1,240,2,low,M,14,2437,0,9,Afternoon
644,F,Ship,4,3,197,4,medium,M,58,3617,0,14,Night
645,A,Ship,6,4,121,5,low,M,23,1734,0,33,Morning
646,B,Ship,4,2,124,3,high,M,60,1107,0,10,Morning
647,C,Ship,4,2,153,3,medium,F,53,1185,0,12,Night
648,F,Ship,5,2,105,4,high,M,1,1622,0,10,Night
649,D,Ship,4,3,202,3,medium,M,2,3962,0,32,Night
650,F,Ship,5,4,162,2,low,F,54,1635,0,49,Night
651,A,Ship,3,4,164,3,medium,M,13,1158,0,38,Morning
652,B,Ship,3,2,231,4,medium,M,48,3370,0,50,Night
653,C,Ship,5,2,209,4,medium,F,12,2933,0,49,Morning
654,F,Ship,3,1,157,2,high,M,19,1898,0,40,Afternoon
655,D,Ship,4,5,249,2,low,M,4,2725,0,6,Morning
656,F,Ship,2,3,264,2,low,F,63,2896,0,16,Morning
657,A,Ship,3,1,111,4,low,M,61,1844,0,31,Morning
658,B,Ship,3,1,242,3,medium,F,10,3606,0,13,Night
659,C,Road,4,4,169,3,low,M,23,1058,0,22,Night
660,F,Road,5,3,138,2,low,M,13,1056,0,28,Morning
661,D,Road,5,1,158,3,low,M,9,1483,0,38,Afternoon
662,F,Road,5,3,146,4,low,M,5,1718,0,25,Morning
663,A,Road,4,4,218,5,medium,F,36,2995,0,49,Night
664,B,Road,3,2,178,2,medium,F,22,1247,0,21,Morning
665,C,Road,4,5,197,3,low,F,34,3784,0,38,Night
666,F,Road,3,3,243,2,medium,M,17,3230,0,2,Afternoon
667,D,Road,5,2,254,4,high,M,37,2608,0,40,Afternoon
668,F,Road,3,1,237,4,low,M,33,2782,0,46,Morning
669,A,Road,5,1,179,3,low,F,62,1945,0,17,Afternoon
670,B,Road,3,2,189,3,medium,M,38,2108,0,9,Night
671,C,Road,4,3,244,3,medium,M,1,3982,0,23,Afternoon
672,F,Road,3,3,266,2,medium,M,46,3594,0,40,Morning
673,D,Road,5,4,263,3,high,M,10,2538,0,13,Night
674,F,Road,3,2,247,2,medium,M,39,3189,0,30,Night
675,A,Road,4,5,202,3,low,F,6,2616,0,12,Morning
676,B,Road,4,4,227,3,medium,F,1,2761,0,11,Night
677,C,Road,4,5,189,2,low,F,15,2457,0,7,Morning
678,F,Road,6,4,160,2,low,F,31,1689,0,21,Morning
679,D,Road,3,3,117,3,medium,M,56,1618,0,13,Night
680,F,Road,3,1,202,2,high,M,52,2312,0,24,Morning
681,A,Flight,4,3,201,3,medium,F,54,2487,0,40,Afternoon
682,B,Flight,3,4,273,2,medium,F,39,2651,0,1,Morning
683,C,Flight,4,4,143,2,medium,M,58,1038,0,5,Afternoon
684,F,Flight,4,5,137,4,high,M,29,1262,0,36,Night
685,D,Flight,5,5,236,3,high,M,34,3455,0,46,Morning
686,F,Flight,4,2,241,2,low,M,17,3844,0,20,Morning
687,A,Flight,4,2,187,2,low,F,6,3625,0,39,Afternoon
688,B,Flight,4,5,273,2,high,M,63,3516,0,25,Morning
689,C,Flight,5,2,170,3,low,M,15,1314,0,22,Afternoon
690,F,Flight,3,5,138,3,low,F,37,1266,0,16,Night
691,D,Flight,5,4,150,2,low,M,60,1034,0,7,Afternoon
692,F,Flight,5,5,140,3,high,F,42,1384,0,32,Afternoon
693,A,Flight,4,1,250,2,low,M,17,3544,0,50,Night
694,B,Flight,3,3,207,7,medium,M,19,2182,0,50,Morning
695,C,Flight,4,4,214,3,low,M,36,2684,0,6,Afternoon
696,F,Flight,4,1,179,3,low,M,63,1215,0,13,Night
697,D,Flight,5,1,149,4,medium,F,20,1110,0,10,Night
698,F,Flight,3,5,151,2,low,F,16,1422,0,48,Night
699,A,Flight,4,3,264,3,medium,M,23,2376,0,50,Afternoon
700,B,Flight,6,5,113,3,high,M,31,1037,0,17,Morning
701,C,Flight,6,1,281,3,medium,F,36,2536,0,31,Afternoon
702,F,Flight,4,2,197,7,medium,M,43,3730,0,22,Morning
703,D,Ship,3,4,265,8,low,F,35,3299,0,34,Night
704,F,Ship,4,2,259,3,low,F,47,3764,0,11,Morning
705,A,Ship,5,1,200,8,low,F,18,3806,0,9,Afternoon
706,B,Ship,2,4,111,2,high,M,60,1787,0,3,Night
707,C,Ship,3,5,223,3,medium,M,53,3670,0,34,Night
708,F,Ship,3,3,241,3,low,M,5,2713,0,42,Night
709,D,Ship,4,1,139,3,low,F,25,1152,0,25,Morning
710,F,Ship,7,1,192,3,low,M,38,1372,0,38,Morning
711,A,Ship,3,4,117,3,medium,M,23,1527,0,38,Morning
712,B,Ship,3,1,202,2,high,F,21,3120,0,26,Morning
713,C,Ship,4,2,201,3,medium,F,39,2066,0,48,Morning
714,F,Ship,3,3,273,2,medium,F,16,2466,0,18,Morning
715,D,Ship,4,3,143,2,medium,F,64,1910,0,50,Night
716,F,Ship,4,1,137,4,high,M,15,1391,0,41,Morning
717,A,Ship,5,3,236,3,high,F,47,3519,0,3,Night
718,B,Ship,4,1,241,2,low,F,39,2935,0,10,Afternoon
719,C,Ship,4,5,187,2,low,M,44,3218,0,5,Morning
720,F,Ship,4,3,273,2,high,M,43,3462,0,48,Morning
721,D,Ship,5,3,170,3,low,F,12,1018,0,20,Afternoon
722,F,Ship,3,4,138,3,low,F,54,1648,0,21,Night
723,A,Ship,5,3,150,2,low,M,2,1682,0,27,Morning
724,B,Ship,5,4,140,3,high,F,56,1332,0,13,Afternoon
725,C,Ship,4,3,250,2,low,F,46,2878,0,14,Afternoon
726,F,Ship,3,4,207,7,medium,F,46,2670,0,25,Morning
727,D,Ship,4,2,214,3,low,F,18,2574,0,16,Morning
728,F,Ship,4,3,179,3,low,M,45,1903,0,19,Morning
729,A,Ship,5,2,149,4,medium,M,48,1068,0,47,Morning
730,B,Ship,3,1,151,2,low,F,4,1748,0,18,Afternoon
731,C,Ship,4,5,264,3,medium,M,16,2245,0,7,Morning
732,F,Ship,6,5,113,3,high,F,35,1402,0,44,Morning
733,D,Ship,6,3,281,3,medium,M,11,2135,0,18,Night
734,F,Ship,4,4,197,7,medium,F,22,2065,0,10,Morning
735,A,Ship,3,4,265,8,low,M,2,3622,0,10,Night
736,B,Ship,4,1,259,3,low,M,39,2427,0,19,Afternoon
737,C,Ship,5,3,200,8,low,F,9,2741,0,48,Morning
738,F,Ship,2,1,111,2,high,F,10,1920,0,18,Morning
739,D,Ship,3,2,223,3,medium,F,6,2127,0,37,Morning
740,F,Ship,3,2,241,3,low,M,22,3030,0,44,Night
741,A,Ship,4,5,139,3,low,F,65,1277,0,23,Night
742,B,Ship,7,4,192,3,low,F,33,1694,0,13,Morning
743,C,Ship,3,5,180,4,medium,F,59,1481,0,39,Night
744,F,Ship,3,3,153,5,low,M,35,1089,0,34,Afternoon
745,D,Ship,2,4,280,4,low,M,48,1463,0,1,Morning
746,F,Ship,7,5,243,5,medium,M,28,1100,0,29,Night
747,A,Ship,3,4,214,2,low,M,50,3881,0,31,Morning
748,B,Ship,4,4,177,2,low,M,6,1112,0,2,Night
749,C,Ship,3,2,182,3,medium,F,39,3828,0,3,Morning
750,F,Ship,4,5,185,3,medium,M,17,2824,0,12,Morning
751,D,Ship,3,3,143,3,medium,M,23,1281,0,41,Morning
752,F,Ship,3,3,162,3,medium,M,7,1901,0,37,Morning
753,A,Ship,3,1,171,2,low,M,34,1999,0,18,Morning
754,B,Ship,5,1,227,3,low,F,14,2589,0,47,Night
755,C,Ship,3,5,205,6,low,F,25,2232,0,31,Night
756,F,Ship,3,5,258,3,low,M,17,3033,0,42,Night
757,D,Ship,4,5,195,5,medium,F,10,3537,0,1,Morning
758,F,Ship,4,1,224,2,low,M,8,3638,0,7,Night
759,A,Ship,2,5,192,6,low,F,41,2673,0,33,Afternoon
760,B,Ship,3,3,202,3,medium,F,35,3986,0,2,Morning
761,C,Ship,5,3,235,2,medium,F,12,3358,0,37,Morning
762,F,Ship,3,4,218,3,low,M,22,3818,0,10,Afternoon
763,D,Ship,6,5,176,4,medium,M,31,1262,0,8,Night
764,F,Ship,3,3,221,2,medium,F,26,3120,0,48,Night
765,A,Ship,3,4,157,3,low,F,32,1370,0,39,Morning
766,B,Ship,4,2,259,4,low,F,13,2495,0,11,Afternoon
767,C,Ship,2,1,249,3,low,M,11,2534,0,17,Morning
768,F,Ship,4,1,263,5,low,F,62,2292,0,18,Morning
769,D,Ship,4,3,141,3,low,F,2,1915,0,35,Night
770,F,Ship,4,1,114,3,medium,F,9,1240,0,27,Morning
771,A,Ship,3,4,179,4,low,F,44,1004,0,26,Night
772,B,Ship,4,3,179,3,medium,M,40,1584,0,30,Morning
773,C,Ship,3,5,193,3,low,F,47,3523,0,4,Night
774,F,Ship,3,2,137,3,medium,F,23,1246,0,27,Afternoon
775,D,Ship,3,5,110,3,low,M,55,1875,0,27,Afternoon
776,F,Ship,3,1,270,3,medium,F,61,3582,0,23,Afternoon
777,A,Ship,5,1,175,3,medium,F,64,1110,0,46,Night
778,B,Ship,5,1,234,2,low,M,12,2372,0,31,Night
779,C,Ship,2,4,177,3,medium,M,48,1113,0,45,Afternoon
780,F,Ship,3,4,153,2,low,F,24,1442,0,30,Morning
781,D,Ship,4,5,252,3,low,M,16,2332,0,9,Afternoon
782,F,Ship,2,4,122,2,low,F,32,1213,0,2,Night
783,A,Ship,4,5,215,2,medium,F,34,2258,0,44,Afternoon
784,B,Ship,3,3,140,4,low,F,47,1207,0,13,Night
785,C,Ship,3,1,209,2,low,M,43,2237,0,22,Afternoon
786,F,Ship,2,3,144,3,high,M,40,1500,0,17,Afternoon
787,D,Ship,4,2,210,3,low,M,16,2046,0,19,Night
788,F,Ship,5,1,160,3,medium,F,22,1693,0,32,Night
789,A,Ship,5,4,134,2,low,F,20,1549,0,14,Morning
790,B,Ship,3,2,138,3,medium,F,34,1159,0,20,Afternoon
791,C,Ship,4,3,200,2,medium,M,65,3485,0,21,Morning
792,F,Ship,5,4,133,2,medium,M,30,1161,0,39,Afternoon
793,D,Ship,2,4,121,5,low,M,32,1788,0,4,Afternoon
794,F,Ship,4,3,257,3,medium,M,5,2489,0,5,Night
795,A,Ship,4,5,255,4,low,M,14,3099,0,4,Night
796,B,Road,4,1,158,3,low,F,32,1061,0,5,Night
797,C,Road,4,4,248,4,low,F,49,2322,0,20,Night
798,F,Road,2,3,194,4,medium,M,65,3795,0,33,Afternoon
799,D,Road,4,3,184,3,medium,F,19,2774,0,19,Morning
800,F,Road,5,5,249,4,medium,F,38,2797,0,3,Afternoon
801,A,Road,5,5,170,2,medium,F,36,1278,0,38,Night
802,B,Road,3,4,261,2,medium,F,1,3398,0,8,Afternoon
803,C,Road,3,2,262,2,low,F,26,2370,0,41,Morning
804,F,Road,4,4,224,3,medium,M,9,2952,0,22,Afternoon
805,D,Road,3,4,130,2,medium,F,42,1213,0,18,Afternoon
806,F,Road,4,1,133,3,low,M,57,1379,0,41,Night
807,A,Road,3,1,145,4,low,F,58,1751,0,37,Morning
808,B,Road,2,4,136,6,low,F,53,1213,0,45,Night
809,C,Road,4,5,163,5,low,M,24,1658,0,2,Night
810,F,Road,3,3,183,3,low,F,45,2181,0,43,Morning
811,D,Road,5,3,216,3,medium,F,1,2434,0,20,Morning
812,F,Road,4,1,182,3,medium,M,28,2005,0,19,Afternoon
813,A,Road,4,5,191,3,low,F,19,2392,0,7,Night
814,B,Road,3,2,140,2,high,F,7,1401,0,19,Night
815,C,Road,4,4,161,3,high,F,59,1165,0,40,Morning
816,F,Road,4,2,200,4,low,M,43,2747,0,43,Morning
817,D,Road,4,1,176,3,medium,F,36,1891,0,30,Afternoon
818,F,Flight,5,2,247,3,low,M,32,3645,0,4,Night
819,A,Flight,3,4,262,2,low,M,15,3287,0,4,Morning
820,B,Flight,4,5,154,2,low,F,49,1532,0,7,Afternoon
821,C,Flight,3,1,186,3,medium,F,11,3800,0,11,Morning
822,F,Flight,2,1,98,3,low,F,29,1806,0,37,Morning
823,D,Flight,3,3,268,3,low,F,33,3872,0,27,Afternoon
824,F,Flight,5,3,178,2,medium,F,60,1830,0,35,Afternoon
825,A,Flight,3,1,142,2,high,M,18,1428,0,18,Night
826,B,Flight,4,5,160,3,low,M,33,1837,0,9,Morning
827,C,Flight,5,2,232,2,medium,M,24,2174,0,28,Morning
828,F,Flight,4,2,209,2,low,F,23,2533,0,50,Afternoon
829,D,Flight,4,2,230,3,medium,M,33,3602,0,1,Night
830,F,Flight,5,4,223,3,low,F,40,2074,0,10,Night
831,A,Flight,4,4,201,3,high,F,7,2644,0,7,Morning
832,B,Flight,3,5,224,3,medium,F,20,2937,0,42,Morning
833,C,Flight,2,3,251,3,low,F,2,3351,0,19,Afternoon
834,F,Flight,3,4,145,6,medium,M,57,1949,0,33,Morning
835,D,Flight,5,4,271,3,medium,F,16,2563,0,18,Morning
836,F,Flight,3,5,218,4,medium,M,60,3048,0,2,Morning
837,A,Flight,3,4,229,2,low,M,51,2628,0,41,Night
838,B,Flight,5,2,278,2,low,F,17,2493,0,41,Afternoon
839,C,Flight,2,4,168,3,low,F,15,1886,0,40,Night
840,F,Ship,5,2,151,6,medium,M,12,1920,0,47,Afternoon
841,D,Ship,3,1,232,3,low,M,9,2958,0,48,Night
842,F,Ship,3,2,140,2,low,F,16,1685,0,14,Afternoon
843,A,Ship,4,2,141,3,low,M,34,1619,0,12,Afternoon
844,B,Ship,5,4,182,5,medium,F,23,3398,0,12,Afternoon
845,C,Ship,4,2,139,5,low,F,52,1977,0,31,Night
846,F,Ship,5,2,145,5,medium,F,22,1818,0,37,Afternoon
847,D,Ship,4,4,140,3,medium,M,11,1911,0,19,Night
848,F,Ship,3,4,267,3,medium,F,62,3589,0,36,Night
849,A,Ship,3,1,191,3,high,F,60,2069,0,11,Morning
850,B,Ship,4,2,133,4,medium,F,52,1401,0,48,Night
851,C,Ship,4,2,170,2,low,F,1,1446,0,41,Morning
852,F,Ship,4,5,170,2,low,F,57,1533,0,15,Morning
853,D,Ship,3,2,149,4,medium,F,21,1636,0,2,Morning
854,F,Ship,5,4,279,2,medium,F,1,3933,0,29,Afternoon
855,A,Ship,4,3,121,2,medium,M,11,1906,0,33,Night
856,B,Ship,3,2,139,2,low,M,63,1767,0,26,Morning
857,C,Ship,3,4,265,2,high,F,64,2493,0,26,Night
858,F,Ship,5,2,239,5,medium,M,24,2472,0,3,Afternoon
859,D,Ship,4,3,119,5,medium,M,5,1841,0,23,Afternoon
860,F,Ship,4,1,265,4,low,F,30,3896,0,22,Night
861,A,Ship,5,3,144,6,medium,F,35,1009,0,41,Morning
862,B,Ship,3,2,148,2,low,F,58,1537,0,28,Morning
863,C,Ship,5,4,269,2,medium,M,38,2770,0,22,Morning
864,F,Ship,2,3,188,3,medium,F,51,3191,0,5,Morning
865,D,Ship,3,4,187,2,high,M,8,3725,0,22,Afternoon
866,F,Ship,6,1,168,5,high,F,65,1601,0,4,Night
867,A,Ship,4,1,199,2,low,F,46,3371,0,25,Night
868,B,Ship,4,3,261,3,low,F,10,2802,0,29,Night
869,C,Ship,3,1,218,3,low,M,4,2304,0,18,Morning
870,F,Ship,3,1,196,3,low,F,64,2911,0,34,Morning
871,D,Ship,4,5,147,3,medium,F,46,1469,0,49,Night
872,F,Ship,4,2,208,3,high,M,17,2777,0,11,Afternoon
873,A,Ship,3,1,178,5,low,F,15,1242,0,32,Afternoon
874,B,Ship,4,4,197,3,medium,M,20,3080,0,9,Morning
875,C,Ship,2,4,206,2,low,F,30,3955,0,29,Afternoon
876,F,Ship,4,1,222,3,medium,M,45,3158,0,50,Night
877,D,Ship,3,3,247,2,medium,M,55,3461,0,45,Night
878,F,Ship,4,1,222,3,medium,M,25,2582,0,13,Night
879,A,Ship,6,1,205,5,low,M,14,3213,0,8,Morning
880,B,Ship,5,2,244,3,low,M,8,3571,0,5,Night
881,C,Ship,2,4,194,6,medium,F,39,3770,0,21,Morning
882,F,Ship,4,5,190,2,low,M,36,3548,0,2,Afternoon
883,D,Ship,3,4,169,2,low,M,17,1242,0,48,Morning
884,F,Ship,3,2,251,2,low,F,5,3443,0,27,Morning
885,A,Ship,2,2,161,2,medium,F,1,1642,0,23,Afternoon
886,B,Ship,3,2,252,4,low,M,29,2353,0,28,Night
887,C,Ship,4,2,271,3,low,F,19,2693,0,4,Morning
888,F,Ship,5,3,150,3,medium,M,21,1187,0,42,Morning
889,D,Ship,3,5,212,3,high,M,6,2069,0,25,Morning
890,F,Ship,5,3,198,4,high,M,65,3407,0,22,Morning
891,A,Ship,3,4,266,2,high,F,33,3798,0,37,Morning
892,B,Ship,3,4,255,4,low,F,12,2266,0,13,Morning
893,C,Ship,4,1,166,3,high,F,3,1453,0,41,Night
894,F,Ship,3,2,232,2,low,F,39,2139,0,23,Afternoon
895,D,Ship,3,5,198,2,medium,F,62,3015,0,30,Night
896,F,Ship,4,3,170,3,low,F,21,1588,0,47,Afternoon
897,A,Ship,4,2,162,2,low,M,16,1014,0,27,Morning
898,B,Ship,3,4,135,3,low,M,22,1378,0,19,Night
899,C,Ship,3,5,242,3,medium,M,19,3753,0,39,Night
900,F,Ship,4,3,206,3,medium,F,20,2247,0,4,Night
901,D,Ship,5,5,253,6,medium,M,59,2627,0,33,Afternoon
902,F,Ship,5,3,208,3,medium,M,35,3884,0,2,Night
903,A,Ship,3,3,250,3,low,F,33,3463,0,49,Morning
904,B,Ship,4,1,143,2,medium,M,3,1996,0,47,Afternoon
905,C,Ship,5,5,236,3,medium,F,62,3365,0,24,Afternoon
906,F,Ship,4,4,147,3,low,M,13,1145,0,29,Afternoon
907,D,Ship,2,5,113,5,low,M,43,1638,0,28,Afternoon
908,F,Ship,5,1,165,2,high,M,54,1190,0,17,Afternoon
909,A,Ship,4,1,235,4,low,M,22,2066,0,7,Morning
910,B,Ship,4,5,186,10,low,F,42,3521,0,28,Night
911,C,Ship,4,2,274,10,medium,F,29,2949,0,4,Afternoon
912,F,Ship,2,5,163,3,medium,F,37,1079,0,33,Night
913,D,Ship,4,4,161,3,low,F,6,1386,0,17,Night
914,F,Ship,4,4,264,2,low,M,35,2336,0,37,Morning
915,A,Ship,3,1,255,2,medium,M,42,3459,0,21,Night
916,B,Ship,4,1,258,3,medium,M,3,3928,0,47,Night
917,C,Ship,5,5,261,8,medium,M,39,2103,0,26,Afternoon
918,F,Ship,5,3,188,7,medium,M,3,3637,0,21,Morning
919,D,Ship,3,4,188,3,high,M,11,3072,0,14,Afternoon
920,F,Ship,3,2,160,10,medium,M,25,1548,0,18,Night
921,A,Ship,3,2,214,2,low,M,26,3503,0,33,Afternoon
922,B,Ship,4,4,209,8,medium,F,46,3345,0,21,Morning
923,C,Ship,4,1,208,7,high,M,8,2193,0,34,Afternoon
924,F,Ship,3,3,265,4,low,M,47,2557,0,30,Morning
925,D,Ship,4,1,161,2,high,F,41,1992,0,29,Night
926,F,Ship,5,3,217,3,high,F,61,3067,0,49,Morning
927,A,Ship,3,1,210,2,low,F,52,2444,0,23,Morning
928,B,Ship,3,3,179,2,low,F,60,1808,0,3,Morning
929,C,Ship,3,2,180,4,medium,M,55,1165,0,10,Morning
930,F,Ship,3,3,153,5,low,F,12,1972,0,11,Afternoon
931,D,Ship,4,3,162,2,low,M,2,1714,0,19,Afternoon
932,F,Ship,3,2,135,3,low,M,27,1898,0,25,Night
933,A,Road,3,5,242,3,medium,F,3,2268,0,31,Night
934,B,Road,4,4,206,3,medium,F,33,2804,0,21,Afternoon
935,C,Road,5,1,253,6,medium,M,12,2486,0,22,Morning
936,F,Road,5,2,208,3,medium,M,8,3442,0,2,Afternoon
937,D,Road,3,2,250,3,low,F,49,3798,0,39,Afternoon
938,F,Road,4,5,143,2,medium,F,20,1360,0,34,Night
939,A,Road,5,3,236,3,medium,M,7,3589,0,35,Night
940,B,Road,4,1,147,3,low,F,15,1956,0,18,Night
941,C,Road,2,1,113,5,low,F,9,1957,0,32,Night
942,F,Road,5,4,165,2,high,M,46,1482,0,43,Afternoon
943,D,Road,4,4,235,4,low,M,50,2020,0,8,Afternoon
944,F,Road,4,2,186,10,low,M,45,3722,0,8,Morning
945,A,Road,4,5,274,10,medium,F,5,3910,0,3,Night
946,B,Road,2,2,163,3,medium,M,35,1547,0,16,Afternoon
947,C,Road,4,2,161,3,low,F,22,1819,0,46,Night
948,F,Road,4,1,264,2,low,M,8,2436,0,16,Afternoon
949,D,Road,3,3,255,2,medium,M,3,2894,0,20,Night
950,F,Road,4,1,258,3,medium,M,53,2428,0,13,Morning
951,A,Road,5,2,261,8,medium,F,1,3308,0,24,Night
952,B,Road,5,4,188,7,medium,F,48,2466,0,11,Night
953,C,Road,3,5,188,3,high,F,9,3206,0,42,Night
954,F,Road,3,1,160,10,medium,F,29,1952,0,37,Morning
955,D,Flight,3,1,214,2,low,F,50,2720,0,39,Night
956,F,Flight,4,5,209,8,medium,F,59,2948,0,32,Morning
957,A,Flight,4,1,208,7,high,F,65,2674,0,9,Night
958,B,Flight,3,1,265,4,low,M,50,2249,0,17,Night
959,C,Flight,4,1,161,2,high,F,21,1075,0,45,Morning
960,F,Flight,5,2,217,3,high,M,21,2600,0,19,Night
961,D,Flight,3,4,210,2,low,F,35,2741,0,34,Afternoon
962,F,Flight,3,3,179,2,low,F,62,1765,0,5,Morning
963,A,Flight,3,2,180,4,medium,M,52,1329,0,31,Morning
964,B,Flight,4,5,158,5,medium,F,55,1936,0,39,Morning
965,C,Flight,6,1,291,5,medium,F,53,1682,0,16,Morning
966,F,Flight,5,2,231,2,medium,F,55,3894,0,26,Night
967,D,Flight,4,5,163,4,low,F,49,1470,0,17,Afternoon
968,F,Flight,5,3,146,3,low,M,41,1204,0,19,Morning
969,A,Flight,2,5,272,2,low,M,24,3638,0,24,Afternoon
970,B,Flight,2,1,121,2,medium,F,18,1839,0,31,Afternoon
971,C,Flight,6,2,118,2,low,M,40,1014,0,8,Night
972,F,Flight,3,5,173,2,low,M,14,1638,0,9,Morning
973,D,Flight,4,5,243,2,low,M,23,2686,0,8,Morning
974,F,Flight,5,4,229,3,medium,M,29,2505,0,38,Morning
975,A,Flight,5,3,96,4,medium,F,12,1655,0,24,Morning
976,B,Flight,5,5,249,3,medium,M,55,3558,0,22,Afternoon
977,C,Ship,3,2,165,2,low,F,24,1966,0,26,Morning
978,F,Ship,4,5,223,3,medium,F,63,2427,0,17,Afternoon
979,D,Ship,3,3,267,2,low,F,52,2949,0,14,Morning
980,F,Ship,4,4,140,2,low,F,47,1831,0,36,Night
981,A,Ship,4,4,209,3,low,F,44,2075,0,43,Morning
982,B,Ship,3,5,243,3,medium,M,4,3189,0,33,Night
983,C,Ship,3,2,175,4,medium,F,17,1276,0,13,Night
984,F,Ship,5,4,133,3,low,M,9,1051,0,50,Morning
985,D,Ship,3,3,167,3,medium,F,24,1111,0,3,Morning
986,F,Ship,6,1,172,6,high,F,50,1052,0,44,Afternoon
987,A,Ship,5,4,257,2,low,M,55,2257,0,24,Afternoon
988,B,Ship,3,3,202,2,medium,M,39,3857,0,7,Morning
989,C,Ship,3,1,223,3,medium,F,31,3942,0,8,Night
990,F,Ship,3,2,182,2,low,F,40,2592,0,50,Afternoon
991,D,Ship,3,2,234,3,medium,M,33,2789,0,5,Afternoon
992,F,Ship,3,5,140,3,low,F,30,1035,0,14,Morning
993,A,Ship,4,3,136,3,medium,M,9,1548,0,41,Afternoon
994,B,Ship,4,3,210,3,medium,F,6,2568,0,46,Morning
995,C,Ship,5,1,259,3,high,F,37,3023,0,30,Morning
996,F,Ship,4,2,141,2,medium,M,52,1012,0,36,Morning
997,D,Ship,4,3,151,4,medium,M,13,1583,0,2,Morning
998,F,Ship,3,5,164,3,medium,F,43,1423,0,15,Night
999,A,Ship,3,3,141,2,medium,F,48,1758,0,1,Night
1000,B,Ship,3,3,271,2,medium,M,15,3542,0,5,Night
1001,C,Ship,4,3,191,4,low,F,15,2544,0,42,Night
1002,F,Ship,3,1,181,3,medium,M,22,3266,0,17,Afternoon
1003,D,Ship,3,3,241,5,low,M,8,2182,0,46,Night
1004,F,Ship,3,3,254,3,medium,M,3,2837,0,46,Night
1005,A,Ship,3,2,146,6,medium,F,62,1162,0,6,Morning
1006,B,Ship,5,1,271,2,high,M,46,2744,0,20,Afternoon
1007,C,Ship,3,1,185,2,medium,F,42,2803,0,20,Morning
1008,F,Ship,4,5,170,3,low,F,9,1138,0,22,Morning
1009,D,Ship,4,1,265,2,medium,M,18,3327,0,28,Night
1010,F,Ship,4,4,142,4,low,F,8,1777,0,41,Morning
1011,A,Ship,2,5,228,2,low,F,49,3024,0,43,Night
1012,B,Ship,4,5,262,4,low,M,16,2871,0,23,Morning
1013,C,Ship,3,3,205,2,medium,F,54,2427,0,48,Morning
1014,F,Ship,4,1,178,2,high,M,39,1362,0,11,Night
1015,D,Ship,2,2,153,2,low,M,46,1130,0,5,Morning
1016,F,Ship,3,4,186,2,low,M,63,3447,0,33,Morning
1017,A,Ship,4,1,167,3,high,F,22,1403,0,10,Morning
1018,B,Ship,3,3,148,2,low,M,42,1950,0,45,Afternoon
1019,C,Ship,3,2,167,2,low,M,2,1010,0,6,Morning
1020,F,Ship,3,2,261,5,medium,M,45,2488,0,38,Night
1021,D,Ship,3,4,166,3,medium,M,43,1095,0,18,Morning
1022,F,Ship,3,1,226,2,low,M,18,2319,0,19,Night
1023,A,Ship,3,4,260,3,low,F,21,2003,0,33,Morning
1024,B,Ship,5,1,246,3,medium,F,44,3993,0,1,Night
1025,C,Ship,3,2,221,3,low,F,21,3686,0,46,Afternoon
1026,F,Ship,5,4,191,4,medium,M,63,2039,0,38,Night
1027,D,Ship,3,1,138,5,medium,F,8,1349,0,50,Night
1028,F,Ship,3,1,146,3,medium,M,16,1714,0,38,Night
1029,A,Ship,3,3,193,3,medium,M,11,3188,0,8,Morning
1030,B,Ship,3,1,229,2,medium,F,12,3111,0,29,Night
1031,C,Ship,4,1,239,2,high,M,16,2504,0,40,Afternoon
1032,F,Ship,6,2,103,4,medium,M,37,1093,0,22,Afternoon
1033,D,Ship,5,4,254,5,low,F,36,2039,0,24,Night
1034,F,Ship,2,2,198,2,low,M,11,3686,0,7,Afternoon
1035,A,Ship,3,3,208,3,medium,M,61,3783,0,46,Night
1036,B,Ship,3,5,253,2,medium,M,17,2205,0,36,Afternoon
1037,C,Ship,4,3,261,2,high,M,47,2336,0,43,Night
1038,F,Ship,3,1,156,3,medium,M,49,1253,0,41,Night
1039,D,Ship,4,3,97,2,low,M,26,1598,0,33,Morning
1040,F,Ship,2,5,275,2,low,M,41,2546,0,7,Night
1041,A,Ship,2,1,189,2,high,M,48,2429,0,32,Morning
1042,B,Ship,3,1,236,3,medium,M,28,3290,0,1,Afternoon
1043,C,Ship,5,1,170,3,medium,F,60,1883,0,24,Afternoon
1044,F,Ship,4,2,251,2,low,M,53,2673,0,1,Night
1045,D,Ship,3,3,205,2,medium,F,58,2187,0,25,Afternoon
1046,F,Ship,4,5,135,3,medium,F,53,1744,0,24,Night
1047,A,Ship,3,3,231,2,medium,F,24,2177,0,21,Night
1048,B,Ship,3,4,257,3,medium,M,56,2941,0,16,Afternoon
1049,C,Ship,5,2,162,3,high,M,57,1233,0,38,Night
1050,F,Ship,6,5,237,5,high,F,63,2573,0,15,Morning
1051,D,Ship,3,4,134,4,medium,M,53,1887,0,2,Night
1052,F,Ship,2,1,163,3,medium,F,24,1119,0,38,Afternoon
1053,A,Ship,5,5,264,3,medium,F,27,2019,0,21,Night
1054,B,Ship,5,2,173,4,low,M,21,1674,0,41,Afternoon
1055,C,Ship,2,4,191,3,low,F,58,2586,0,28,Afternoon
1056,F,Ship,3,3,152,3,medium,M,5,1385,0,34,Night
1057,D,Ship,3,4,272,4,low,F,23,2048,0,49,Afternoon
1058,F,Ship,4,2,198,2,low,M,60,3368,0,9,Morning
1059,A,Ship,4,3,260,4,medium,M,40,3668,0,45,Night
1060,B,Ship,4,3,158,6,medium,M,43,1478,0,32,Afternoon
1061,C,Ship,5,3,252,4,medium,M,63,3729,0,32,Morning
1062,F,Ship,4,2,199,3,low,M,64,2470,0,3,Afternoon
1063,D,Ship,4,2,272,4,low,M,62,2307,0,50,Morning
1064,F,Ship,3,4,209,3,low,M,37,2215,0,24,Morning
1065,A,Ship,3,2,147,4,low,M,13,1657,0,7,Afternoon
1066,B,Ship,4,2,166,4,low,F,63,1759,0,11,Afternoon
1067,C,Ship,3,4,165,2,low,M,48,1706,0,43,Morning
1068,F,Ship,4,5,162,2,medium,F,57,1715,0,4,Afternoon
1069,D,Ship,3,3,255,3,medium,M,23,3764,0,42,Night
1070,F,Road,5,5,179,5,low,M,38,1437,0,44,Afternoon
1071,A,Road,3,4,250,2,high,M,61,3207,0,29,Night
1072,B,Road,3,5,251,2,low,F,28,3936,0,23,Morning
1073,C,Road,4,4,198,2,low,F,5,2270,0,4,Night
1074,F,Road,3,1,148,2,medium,M,34,1053,0,15,Night
1075,D,Road,4,5,268,3,medium,F,3,2758,0,2,Night
1076,F,Road,5,2,239,3,low,F,47,3673,0,2,Night
1077,A,Road,3,4,195,3,medium,M,10,2021,0,26,Afternoon
1078,B,Road,4,3,252,2,medium,F,51,2658,0,38,Morning
1079,C,Road,3,5,272,3,medium,M,48,3780,0,36,Afternoon
1080,F,Road,2,4,141,3,medium,F,27,1628,0,21,Afternoon
1081,D,Road,3,1,224,3,low,F,45,3624,0,19,Afternoon
1082,F,Road,6,3,270,3,low,F,56,3251,0,27,Afternoon
1083,A,Road,6,3,236,3,medium,M,6,2639,0,49,Afternoon
1084,B,Road,3,1,227,3,medium,F,47,3512,0,17,Morning
1085,C,Road,3,4,262,3,low,M,7,2424,0,27,Afternoon
1086,F,Road,3,1,228,2,low,M,45,2257,0,8,Night
1087,D,Road,4,2,176,3,low,M,23,1909,0,2,Afternoon
1088,F,Road,4,2,147,3,medium,M,44,1873,0,31,Morning
1089,A,Road,5,2,196,3,medium,M,44,2085,0,15,Night
1090,B,Road,3,1,112,5,medium,F,41,1249,0,48,Afternoon
1091,C,Road,4,2,221,2,medium,M,54,3065,0,44,Afternoon
1092,F,Flight,3,5,154,3,medium,M,46,1312,0,20,Morning
1093,D,Flight,4,4,200,3,low,M,19,2976,0,34,Night
1094,F,Flight,2,5,216,2,medium,F,57,3807,0,3,Afternoon
1095,A,Flight,3,1,185,3,medium,M,3,3051,0,35,Night
1096,B,Flight,4,2,199,3,low,M,23,2994,0,41,Night
1097,C,Flight,5,2,265,3,low,F,12,2892,0,37,Night
1098,F,Flight,3,2,263,3,low,F,57,2113,0,6,Morning
1099,D,Flight,4,2,181,2,low,F,28,2815,0,42,Afternoon
1100,F,Flight,4,3,163,2,low,F,12,1092,0,30,Night
1101,A,Flight,5,2,260,2,medium,M,23,3962,0,33,Afternoon
1102,B,Flight,6,2,159,5,medium,F,22,1247,0,22,Afternoon
1103,C,Flight,4,1,227,3,medium,M,54,3043,0,11,Afternoon
1104,F,Flight,3,3,104,5,medium,F,41,1936,0,5,Afternoon
1105,D,Flight,3,4,188,4,low,F,49,3067,0,1,Morning
1106,F,Flight,5,3,202,3,high,M,41,3536,0,22,Afternoon
1107,A,Flight,3,3,213,6,low,F,17,2424,0,15,Afternoon
1108,B,Flight,3,1,211,2,low,F,45,3332,0,19,Night
1109,C,Flight,4,4,232,3,medium,F,61,2484,0,28,Night
1110,F,Flight,4,3,143,2,high,M,39,1727,0,10,Night
1111,D,Flight,5,1,196,3,medium,M,24,2957,0,28,Night
1112,F,Flight,4,1,150,6,medium,F,42,1070,0,21,Morning
1113,A,Flight,5,1,222,3,high,M,21,2351,0,13,Afternoon
1114,B,Ship,3,2,203,3,high,M,3,2791,0,32,Morning
1115,C,Ship,5,2,178,3,medium,M,60,1176,0,28,Morning
1116,F,Ship,4,2,272,2,low,M,21,3271,0,48,Afternoon
1117,D,Ship,4,2,182,3,low,M,58,3943,0,10,Afternoon
1118,F,Ship,4,4,205,3,low,F,11,2255,0,40,Night
1119,A,Ship,3,2,171,3,medium,M,11,1282,0,30,Afternoon
1120,B,Ship,4,1,172,2,low,M,48,1993,0,27,Afternoon
1121,C,Ship,3,2,210,2,medium,M,30,3928,0,19,Afternoon
1122,F,Ship,2,1,264,3,medium,M,10,3409,0,47,Afternoon
1123,D,Ship,4,1,181,4,low,F,46,2399,0,30,Afternoon
1124,F,Ship,3,5,240,3,medium,F,54,2919,0,41,Afternoon
1125,A,Ship,4,4,140,4,medium,F,46,1442,0,18,Night
1126,B,Ship,6,4,283,5,medium,F,35,2686,0,39,Afternoon
1127,C,Ship,4,3,263,4,medium,M,23,2960,0,47,Afternoon
1128,F,Ship,4,4,136,3,high,F,35,1234,0,38,Morning
1129,D,Ship,4,4,145,4,low,F,35,1210,0,31,Morning
1130,F,Ship,3,3,162,2,low,F,42,1763,0,28,Morning
1131,A,Ship,5,1,230,6,low,F,60,2067,0,6,Night
1132,B,Ship,3,3,148,5,medium,M,61,1452,0,15,Morning
1133,C,Ship,3,3,175,3,high,F,45,1212,0,5,Afternoon
1134,F,Ship,4,2,227,2,high,M,35,3583,0,8,Morning
1135,D,Ship,4,1,177,4,low,F,13,1569,0,42,Morning
1136,F,Ship,6,1,257,3,medium,M,60,3416,0,26,Night
1137,A,Ship,5,5,198,5,medium,M,36,2803,0,23,Night
1138,B,Ship,3,5,251,3,medium,M,59,3651,0,23,Afternoon
1139,C,Ship,5,5,158,3,medium,F,47,1246,0,28,Morning
1140,F,Ship,4,5,171,6,medium,F,27,1840,0,30,Morning
1141,D,Ship,4,1,260,2,low,M,2,2980,0,3,Night
1142,F,Ship,3,4,263,3,low,M,42,2992,0,6,Morning
1143,A,Ship,6,3,269,2,high,M,43,2300,0,3,Morning
1144,B,Ship,3,3,224,2,low,F,37,3220,0,4,Night
1145,C,Ship,4,1,118,5,low,M,50,1413,0,1,Afternoon
1146,F,Ship,5,1,186,10,low,M,64,2529,0,21,Afternoon
1147,D,Ship,5,5,191,2,high,M,34,2708,0,44,Night
1148,F,Ship,5,5,174,6,medium,F,26,1184,0,33,Morning
1149,A,Ship,3,1,140,2,medium,F,55,1339,0,2,Night
1150,B,Ship,4,2,193,2,high,F,48,2371,0,7,Afternoon
1151,C,Ship,3,4,148,10,high,F,12,1779,0,28,Night
1152,F,Ship,2,2,176,5,low,F,55,1211,0,48,Afternoon
1153,D,Ship,4,1,135,10,medium,M,35,1989,0,16,Night
1154,F,Ship,6,5,154,10,medium,F,48,1990,0,11,Night
1155,A,Ship,4,5,143,8,low,M,44,1756,0,14,Morning
1156,B,Ship,4,3,173,2,low,F,10,1179,0,1,Morning
1157,C,Ship,4,5,262,3,medium,F,38,3139,0,23,Morning
1158,F,Ship,4,1,171,3,low,F,58,1516,0,23,Afternoon
1159,D,Ship,4,3,246,2,low,M,55,2387,0,43,Afternoon
1160,F,Ship,3,4,266,2,high,F,55,2779,0,37,Afternoon
1161,A,Ship,4,5,127,8,low,M,39,1411,0,38,Morning
1162,B,Ship,5,2,167,8,low,M,28,1921,0,14,Afternoon
1163,C,Ship,4,2,187,4,medium,M,37,2200,0,4,Night
1164,F,Ship,3,2,162,2,low,F,54,1614,0,50,Night
1165,D,Ship,5,2,230,6,low,M,10,3604,0,7,Morning
1166,F,Ship,3,4,148,5,medium,F,50,1540,0,46,Night
1167,A,Ship,3,3,175,3,high,F,55,1229,0,7,Afternoon
1168,B,Ship,4,1,227,2,high,M,60,3080,0,30,Morning
1169,C,Ship,4,3,177,4,low,M,38,1767,0,31,Morning
1170,F,Ship,6,1,257,3,medium,M,37,2239,0,16,Morning
1171,D,Ship,5,1,198,5,medium,F,49,3187,0,5,Night
1172,F,Ship,3,1,251,3,medium,F,18,2240,0,36,Night
1173,A,Ship,5,2,158,3,medium,M,16,1499,0,21,Afternoon
1174,B,Ship,4,3,171,6,medium,F,9,1909,0,40,Afternoon
1175,C,Ship,4,3,260,2,low,M,38,2526,0,33,Night
1176,F,Ship,3,1,263,3,low,M,25,3689,0,13,Morning
1177,D,Ship,6,4,269,2,high,M,47,4000,0,6,Morning
1178,F,Ship,3,2,224,2,low,F,49,3749,0,1,Night
1179,A,Ship,4,3,118,5,low,F,15,1601,0,33,Afternoon
1180,B,Ship,5,4,186,10,low,F,24,3621,0,9,Morning
1181,C,Ship,5,2,191,2,high,F,6,2059,0,44,Afternoon
1182,F,Ship,5,1,174,6,medium,M,44,1635,0,16,Morning
1183,D,Ship,3,3,140,2,medium,M,55,1847,0,20,Morning
1184,F,Ship,4,1,193,2,high,M,37,3510,0,43,Night
1185,A,Ship,3,5,148,10,high,F,35,1597,0,2,Morning
1186,B,Ship,2,3,176,5,low,M,29,1254,0,43,Night
1187,C,Ship,4,4,135,10,medium,F,57,1361,0,49,Night
1188,F,Ship,6,5,154,10,medium,F,14,1204,0,11,Morning
1189,D,Ship,4,5,143,8,low,M,38,1095,0,13,Night
1190,F,Ship,4,2,173,2,low,F,30,1336,0,18,Night
1191,A,Ship,4,3,262,3,medium,M,46,2904,0,46,Afternoon
1192,B,Ship,4,5,171,3,low,F,21,1683,0,14,Night
1193,C,Ship,4,4,246,2,low,M,11,2282,0,50,Morning
1194,F,Ship,3,4,266,2,high,M,49,2643,0,29,Morning
1195,D,Ship,4,1,127,8,low,F,12,1519,0,27,Afternoon
1196,F,Ship,5,5,167,8,low,M,44,1547,0,32,Morning
1197,A,Ship,4,2,187,4,medium,M,49,3225,0,18,Morning
1198,B,Ship,6,2,294,4,low,M,35,1625,0,21,Night
1199,C,Ship,4,2,158,4,low,F,13,1785,0,21,Afternoon
1200,F,Ship,6,5,135,5,low,M,55,1078,0,44,Afternoon
1201,D,Ship,4,2,238,3,low,F,28,1915,0,46,Night
1202,F,Ship,6,1,213,3,low,M,63,1548,0,41,Night
1203,A,Ship,4,4,237,2,medium,M,21,1495,0,15,Afternoon
1204,B,Ship,4,1,257,3,low,M,47,1308,0,14,Night
1205,C,Ship,5,2,198,5,low,M,65,1994,0,17,Morning
1206,F,Ship,3,3,218,3,medium,M,48,3425,0,40,Morning
1207,D,Road,4,4,236,4,low,M,65,2280,0,16,Night
1208,F,Road,3,1,100,3,low,F,17,1129,0,15,Night
1209,A,Road,3,1,154,2,low,F,44,1994,0,45,Night
1210,B,Road,5,1,238,3,low,M,32,3832,0,25,Afternoon
1211,C,Road,5,5,128,5,low,M,34,1008,0,29,Afternoon
1212,F,Road,4,1,140,3,medium,M,9,1431,0,37,Afternoon
1213,D,Road,2,4,187,3,low,M,50,3878,0,2,Night
1214,F,Road,4,3,256,3,low,F,15,3155,0,43,Night
1215,A,Road,3,3,270,4,low,F,18,2397,0,36,Afternoon
1216,B,Road,4,2,202,2,low,F,45,3008,0,29,Night
1217,C,Road,3,5,256,3,low,F,62,2971,0,26,Night
1218,F,Road,4,3,135,2,medium,F,37,1597,0,27,Night
1219,D,Road,4,4,184,4,medium,M,8,2306,0,12,Night
1220,F,Road,5,5,169,4,medium,F,23,1922,0,19,Afternoon
1221,A,Road,3,2,178,4,medium,F,48,1079,0,27,Morning
1222,B,Road,4,5,265,3,medium,F,41,3101,0,18,Afternoon
1223,C,Road,4,3,217,2,medium,M,22,2138,0,22,Morning
1224,F,Road,3,1,258,2,medium,M,11,2791,0,46,Morning
1225,D,Road,3,3,218,2,medium,M,9,2069,0,44,Morning
1226,F,Road,3,1,135,2,medium,M,7,1316,0,11,Morning
1227,A,Road,3,3,150,2,medium,F,61,1053,0,50,Afternoon
1228,B,Road,3,4,200,3,medium,F,49,2942,0,13,Afternoon
1229,C,Flight,6,1,136,3,high,M,12,1592,0,31,Night
1230,F,Flight,3,2,119,2,low,M,32,1791,0,41,Morning
1231,D,Flight,5,4,212,6,medium,F,5,2041,0,1,Morning
1232,F,Flight,4,2,272,2,low,M,57,2377,0,43,Morning
1233,A,Flight,4,2,166,3,low,M,5,1610,0,8,Morning
1234,B,Flight,3,5,176,3,high,F,1,1982,0,16,Night
1235,C,Flight,2,3,280,4,low,M,17,3555,0,33,Afternoon
1236,F,Flight,3,2,169,2,medium,F,19,1922,0,17,Afternoon
1237,D,Flight,3,1,231,6,medium,F,64,3627,0,25,Night
1238,F,Flight,4,1,140,2,low,F,5,1274,0,23,Afternoon
1239,A,Flight,3,5,183,3,medium,F,44,3158,0,36,Morning
1240,B,Flight,4,5,157,3,medium,M,28,1557,0,49,Afternoon
1241,C,Flight,4,5,210,4,medium,F,28,3905,0,39,Afternoon
1242,F,Flight,4,5,227,4,low,F,20,2217,0,24,Morning
1243,D,Flight,4,1,250,2,medium,M,45,3021,0,43,Morning
1244,F,Flight,6,3,171,5,high,M,61,1947,0,6,Morning
1245,A,Flight,4,2,136,2,medium,F,17,1285,0,21,Night
1246,B,Flight,4,3,258,3,medium,M,58,2579,0,16,Afternoon
1247,C,Flight,6,2,271,5,low,M,14,2514,0,35,Afternoon
1248,F,Flight,4,4,197,3,low,F,29,2915,0,27,Morning
1249,D,Flight,5,2,217,3,low,M,27,2999,0,28,Afternoon
1250,F,Flight,4,1,247,3,low,F,9,2414,0,38,Morning
1251,A,Ship,4,4,192,4,medium,F,46,3599,0,29,Night
1252,B,Ship,3,1,254,3,medium,M,6,3496,0,42,Afternoon
1253,C,Ship,5,5,226,3,medium,F,65,3840,0,35,Night
1254,F,Ship,5,3,197,2,low,F,48,2481,0,46,Afternoon
1255,D,Ship,3,1,203,4,medium,M,12,2779,0,28,Morning
1256,F,Ship,4,5,196,3,medium,M,16,3722,0,46,Afternoon
1257,A,Ship,2,2,180,3,low,M,33,1217,0,31,Night
1258,B,Ship,3,5,219,3,low,F,54,3145,0,25,Afternoon
1259,C,Ship,4,4,266,2,low,F,15,3425,0,43,Morning
1260,F,Ship,5,1,144,2,low,F,20,1082,0,23,Night
1261,D,Ship,5,3,197,2,low,F,12,3400,0,35,Night
1262,F,Ship,4,1,258,3,medium,F,4,3686,0,4,Morning
1263,A,Ship,3,3,187,3,low,F,63,2481,0,27,Night
1264,B,Ship,5,4,184,3,low,M,9,3332,0,5,Night
1265,C,Ship,4,3,142,2,medium,F,63,1615,0,16,Afternoon
1266,F,Ship,3,5,283,5,low,F,50,2848,0,45,Night
1267,D,Ship,4,2,221,2,low,F,13,3097,0,16,Morning
1268,F,Ship,3,2,233,5,low,M,44,2010,0,35,Night
1269,A,Ship,6,4,129,5,low,F,58,1463,0,4,Night
1270,B,Ship,3,4,154,2,medium,F,43,1542,0,21,Morning
1271,C,Ship,4,4,158,3,medium,M,63,1387,0,41,Afternoon
1272,F,Ship,5,3,236,6,medium,M,9,3715,0,31,Night
1273,D,Ship,3,5,257,3,low,F,52,2170,0,11,Morning
1274,F,Ship,4,5,160,3,medium,M,50,1511,0,46,Afternoon
1275,A,Ship,4,2,255,4,low,F,62,3198,0,18,Morning
1276,B,Ship,4,3,210,2,medium,M,22,3124,0,8,Morning
1277,C,Ship,5,3,169,4,medium,F,37,1290,0,37,Night
1278,F,Ship,3,1,275,2,high,F,1,2597,0,20,Morning
1279,D,Ship,3,2,185,3,medium,M,47,2467,0,8,Night
1280,F,Ship,3,2,213,2,medium,F,54,2809,0,32,Night
1281,A,Ship,3,4,179,3,high,M,57,1582,0,49,Afternoon
1282,B,Ship,3,3,110,3,low,M,7,1235,0,38,Afternoon
1283,C,Ship,3,4,216,3,low,F,41,2042,0,31,Night
1284,F,Ship,4,1,267,3,medium,M,37,2716,0,26,Afternoon
1285,D,Ship,5,4,214,2,medium,F,1,3709,0,4,Morning
1286,F,Ship,5,2,196,3,low,M,38,2211,0,49,Morning
1287,A,Ship,2,2,192,2,low,F,8,3127,0,22,Night
1288,B,Ship,4,1,191,3,low,M,4,2724,0,27,Night
1289,C,Ship,3,4,222,3,medium,M,57,2714,0,12,Afternoon
1290,F,Ship,3,3,141,3,medium,M,10,1751,0,20,Afternoon
1291,D,Ship,4,3,242,3,low,M,1,2808,0,5,Night
1292,F,Ship,3,4,212,2,high,M,13,2733,0,24,Night
1293,A,Ship,5,5,133,3,medium,F,21,1648,0,21,Afternoon
1294,B,Ship,5,5,254,5,low,F,35,2508,0,19,Morning
1295,C,Ship,4,3,190,3,medium,F,2,2125,0,6,Night
1296,F,Ship,5,3,185,3,low,M,25,2503,0,43,Morning
1297,D,Ship,3,5,191,3,medium,M,54,3890,0,3,Night
1298,F,Ship,4,4,158,2,medium,M,15,1030,0,28,Afternoon
1299,A,Ship,3,5,171,3,low,F,49,1333,0,8,Night
1300,B,Ship,3,4,160,2,medium,M,32,1085,0,36,Morning
1301,C,Ship,4,2,235,3,low,F,21,3088,0,32,Night
1302,F,Ship,4,4,247,3,low,M,55,2361,0,9,Afternoon
1303,D,Ship,4,1,152,3,medium,F,65,1706,0,16,Night
1304,F,Ship,4,3,138,3,medium,M,15,1080,0,1,Night
1305,A,Ship,5,4,270,2,high,F,43,2971,0,36,Afternoon
1306,B,Ship,6,1,193,4,medium,M,8,2952,0,32,Night
1307,C,Ship,4,3,252,2,medium,M,1,2336,0,50,Morning
1308,F,Ship,3,1,203,2,medium,F,51,3976,0,22,Night
1309,D,Ship,5,4,141,3,medium,M,64,1677,0,26,Afternoon
1310,F,Ship,4,3,197,3,low,F,20,3617,0,35,Morning
1311,A,Ship,6,2,142,3,low,F,54,1332,0,45,Afternoon
1312,B,Ship,3,4,161,3,low,F,25,1048,0,13,Night
1313,C,Ship,2,2,139,3,medium,F,23,1283,0,29,Afternoon
1314,F,Ship,2,5,186,2,low,M,17,3896,0,8,Afternoon
1315,D,Ship,5,3,190,3,low,M,52,2611,0,9,Morning
1316,F,Ship,5,3,186,4,low,M,23,3981,0,40,Afternoon
1317,A,Ship,3,2,181,3,low,F,29,2164,0,30,Night
1318,B,Ship,4,4,111,6,low,M,8,1145,0,21,Morning
1319,C,Ship,2,3,159,3,medium,M,62,1124,0,16,Morning
1320,F,Ship,4,3,205,3,medium,F,44,2291,0,44,Afternoon
1321,D,Ship,5,1,134,3,high,F,12,1775,0,29,Afternoon
1322,F,Ship,3,1,191,3,low,F,4,3947,0,17,Morning
1323,A,Ship,2,3,141,2,medium,F,28,1624,0,9,Morning
1324,B,Ship,5,1,225,2,medium,M,31,3454,0,31,Afternoon
1325,C,Ship,3,5,171,3,medium,F,24,1300,0,41,Morning
1326,F,Ship,4,3,286,5,low,M,37,2938,0,5,Afternoon
1327,D,Ship,3,1,255,5,low,F,1,2713,0,48,Morning
1328,F,Ship,4,5,113,6,medium,M,25,1538,0,40,Afternoon
1329,A,Ship,5,1,201,3,medium,F,65,2488,0,6,Night
1330,B,Ship,3,1,184,3,medium,F,49,2823,0,13,Afternoon
1331,C,Ship,3,1,199,2,medium,F,18,3346,0,35,Afternoon
1332,F,Ship,4,4,255,2,medium,M,29,2267,0,49,Night
1333,D,Ship,4,5,269,4,medium,M,60,3456,0,9,Afternoon
1334,F,Ship,5,5,260,2,low,F,23,3065,0,35,Night
1335,A,Ship,3,1,198,4,medium,F,44,2848,0,38,Afternoon
1336,B,Ship,4,2,256,2,medium,M,10,3128,0,2,Morning
1337,C,Ship,3,1,140,4,low,M,27,1184,0,35,Afternoon
1338,F,Ship,3,4,165,4,medium,F,7,1627,0,9,Afternoon
1339,D,Ship,3,3,144,3,low,M,1,1274,0,9,Morning
1340,F,Ship,2,2,240,3,low,M,53,2980,0,36,Afternoon
1341,A,Ship,4,2,183,4,low,M,15,3632,0,3,Morning
1342,B,Ship,5,3,201,2,low,M,4,3757,0,26,Night
1343,C,Ship,4,4,216,2,medium,F,6,3255,0,27,Night
1344,F,Road,4,5,218,3,low,M,25,2682,0,17,Morning
1345,D,Road,3,4,147,3,low,F,2,1307,0,19,Afternoon
1346,F,Road,3,5,264,2,medium,F,1,3947,0,3,Morning
1347,A,Road,4,4,145,3,low,F,43,1651,0,40,Night
1348,B,Road,3,5,264,6,low,M,30,2751,0,48,Afternoon
1349,C,Road,4,5,253,2,medium,F,43,2589,0,1,Night
1350,F,Road,2,4,257,6,low,M,5,3986,0,45,Morning
1351,D,Road,4,1,202,3,high,M,59,2563,0,42,Afternoon
1352,F,Road,5,5,245,4,medium,F,12,2225,0,22,Afternoon
1353,A,Road,4,1,162,2,low,F,47,1540,0,8,Night
1354,B,Road,3,2,158,3,medium,F,39,1512,0,44,Afternoon
1355,C,Road,3,1,182,3,medium,F,40,3536,0,48,Night
1356,F,Road,3,4,218,3,medium,F,4,3534,0,18,Night
1357,D,Road,4,5,201,3,medium,M,41,3563,0,14,Night
1358,F,Road,5,1,184,4,medium,F,38,2232,0,41,Night
1359,A,Road,4,1,241,3,medium,F,61,3812,0,1,Morning
1360,B,Road,5,5,263,2,medium,M,59,3238,0,18,Afternoon
1361,C,Road,5,5,230,2,medium,F,36,3381,0,10,Morning
1362,F,Road,3,4,240,3,low,F,28,2356,0,18,Night
1363,D,Road,4,5,233,3,medium,F,43,3856,0,28,Night
1364,F,Road,4,3,237,2,medium,M,22,2912,0,5,Morning
1365,A,Road,5,4,144,3,low,F,59,1178,0,46,Afternoon
1366,B,Flight,3,1,167,3,low,M,1,1252,0,24,Night
1367,C,Flight,4,5,138,3,low,F,64,1708,0,45,Morning
1368,F,Flight,5,3,165,2,medium,M,51,1429,0,38,Morning
1369,D,Flight,4,3,247,4,low,F,19,3838,0,39,Morning
1370,F,Flight,3,2,152,6,low,F,7,1674,0,48,Morning
1371,A,Flight,5,3,199,4,low,F,24,3473,0,24,Morning
1372,B,Flight,5,4,268,3,medium,M,6,2206,0,47,Afternoon
1373,C,Flight,4,5,150,2,low,F,30,1782,0,31,Morning
1374,F,Flight,5,5,190,4,medium,F,47,3644,0,19,Night
1375,D,Flight,4,3,153,4,low,M,36,1171,0,20,Afternoon
1376,F,Flight,4,2,185,3,low,M,27,3410,0,25,Night
1377,A,Flight,5,1,274,3,medium,M,58,2098,0,10,Night
1378,B,Flight,4,3,258,2,high,M,11,2252,0,19,Afternoon
1379,C,Flight,3,1,110,3,low,F,54,1155,0,49,Afternoon
1380,F,Flight,3,5,240,6,low,M,21,3559,0,25,Night
1381,D,Flight,6,5,118,2,low,F,6,1726,0,47,Morning
1382,F,Flight,3,2,243,2,low,F,38,3850,0,1,Morning
1383,A,Flight,6,2,225,6,low,M,44,2057,0,19,Morning
1384,B,Flight,3,2,238,4,medium,F,49,3179,0,41,Morning
1385,C,Flight,4,4,127,5,low,F,16,1955,0,8,Morning
1386,F,Flight,3,5,166,2,low,M,45,1665,0,50,Night
1387,D,Flight,3,1,180,3,low,F,29,1414,0,38,Morning
1388,F,Ship,4,4,161,2,medium,M,59,1941,0,7,Night
1389,A,Ship,5,1,230,3,low,F,43,2994,0,37,Afternoon
1390,B,Ship,5,3,167,3,low,F,51,1573,0,16,Morning
1391,C,Ship,4,5,186,3,low,F,16,2693,0,1,Morning
1392,F,Ship,4,4,150,3,high,M,9,1620,0,10,Night
1393,D,Ship,4,1,253,7,medium,M,37,2955,0,23,Morning
1394,F,Ship,5,2,239,2,medium,F,59,2897,0,28,Morning
1395,A,Ship,6,2,294,4,low,M,57,1265,0,7,Morning
1396,B,Ship,4,2,158,4,low,F,45,1758,0,7,Night
1397,C,Ship,6,3,135,5,low,F,20,1266,0,6,Night
1398,F,Ship,4,2,238,3,low,F,28,1040,0,22,Night
1399,D,Ship,6,3,213,3,low,M,17,1656,0,4,Night
1400,F,Ship,5,2,165,2,medium,F,18,1918,0,16,Morning
1401,A,Ship,4,3,247,4,low,M,16,2362,0,38,Night
1402,B,Ship,3,5,152,6,low,F,32,1158,0,19,Night
1403,C,Ship,5,4,199,4,low,M,24,3443,0,15,Night
1404,F,Ship,5,2,268,3,medium,F,41,3716,0,16,Night
1405,D,Ship,4,3,150,2,low,M,51,1491,0,46,Night
1406,F,Ship,5,1,190,4,medium,M,24,3446,0,30,Afternoon
1407,A,Ship,4,1,153,4,low,M,7,1130,0,2,Night
1408,B,Ship,4,4,185,3,low,M,13,2080,0,33,Morning
1409,C,Ship,5,3,274,3,medium,F,54,2905,0,46,Night
1410,F,Ship,4,5,258,2,high,M,5,3512,0,10,Night
1411,D,Ship,3,4,110,3,low,F,55,1281,0,8,Night
1412,F,Ship,3,2,240,6,low,F,26,2683,0,46,Afternoon
1413,A,Ship,6,2,118,2,low,F,2,1744,0,38,Night
1414,B,Ship,3,4,243,2,low,F,14,3693,0,36,Night
1415,C,Ship,6,5,225,6,low,F,55,2052,0,42,Morning
1416,F,Ship,3,3,238,4,medium,M,57,3537,0,23,Afternoon
1417,D,Ship,4,3,127,5,low,F,5,1205,0,26,Afternoon
1418,F,Ship,3,3,166,2,low,F,45,1791,0,11,Afternoon
1419,A,Ship,3,5,180,3,low,M,6,1228,0,39,Night
1420,B,Ship,4,5,161,2,medium,M,55,1457,0,21,Night
1421,C,Ship,5,4,230,3,low,F,39,3989,0,36,Morning
1422,F,Ship,5,5,167,3,low,F,53,1564,0,30,Morning
1423,D,Ship,4,3,186,3,low,F,25,3851,0,42,Morning
1424,F,Ship,4,2,150,3,high,F,32,1689,0,41,Morning
1425,A,Ship,4,5,253,7,medium,F,11,3825,0,42,Morning
1426,B,Ship,5,2,239,2,medium,F,15,2471,0,32,Night
1427,C,Ship,6,3,294,4,low,M,52,1667,0,15,Morning
1428,F,Ship,4,5,158,4,low,F,4,1595,0,50,Night
1429,D,Ship,6,2,135,5,low,M,26,1585,0,11,Morning
1430,F,Ship,4,5,238,3,low,M,9,1724,0,29,Afternoon
1431,A,Ship,6,2,265,3,low,M,3,1904,0,27,Afternoon
1432,B,Ship,5,5,180,5,medium,M,35,1725,0,29,Afternoon
1433,C,Ship,7,2,229,3,low,F,43,1793,0,29,Afternoon
1434,F,Ship,3,2,176,3,low,M,51,1297,0,40,Morning
1435,D,Ship,3,5,172,2,medium,M,60,1840,0,17,Night
1436,F,Ship,6,5,100,4,medium,F,3,1440,0,47,Night
1437,A,Ship,4,3,142,6,low,M,6,1459,0,15,Afternoon
1438,B,Ship,4,3,153,3,medium,M,2,1095,0,1,Morning
1439,C,Ship,3,4,160,4,low,F,56,1408,0,37,Afternoon
1440,F,Ship,4,3,217,3,medium,F,16,3444,0,12,Afternoon
1441,D,Ship,3,2,273,3,low,M,41,3464,0,4,Afternoon
1442,F,Ship,3,4,133,3,low,M,17,1187,0,31,Night
1443,A,Ship,3,4,155,4,low,M,54,1885,0,18,Night
1444,B,Ship,5,3,184,4,medium,F,2,3798,0,7,Night
1445,C,Ship,5,5,230,3,medium,M,43,3609,0,22,Night
1446,F,Ship,3,4,254,3,high,M,53,3538,0,23,Afternoon
1447,D,Ship,4,5,108,6,medium,M,46,1882,0,9,Night
1448,F,Ship,4,4,154,3,low,M,52,1367,0,27,Afternoon
1449,A,Ship,5,3,177,3,low,F,1,1916,0,41,Afternoon
1450,B,Ship,3,3,162,2,medium,M,65,1184,0,46,Morning
1451,C,Ship,3,4,285,6,low,F,27,2249,0,28,Afternoon
1452,F,Ship,3,2,257,3,low,F,6,3620,0,47,Afternoon
1453,D,Ship,4,5,143,3,low,F,48,1922,0,35,Afternoon
1454,F,Ship,6,3,223,6,medium,M,29,2980,0,34,Afternoon
1455,A,Ship,3,5,230,2,low,M,27,3840,0,20,Morning
1456,B,Ship,4,5,241,4,medium,M,58,2874,0,31,Morning
1457,C,Ship,3,5,156,3,medium,M,44,1424,0,12,Night
1458,F,Ship,4,4,232,4,low,M,27,3436,0,43,Night
1459,D,Ship,3,2,231,3,low,M,55,3952,0,21,Night
1460,F,Ship,3,4,183,2,medium,F,52,2078,0,21,Morning
1461,A,Ship,4,1,240,3,low,M,50,2430,0,40,Night
1462,B,Ship,4,4,218,2,medium,M,27,2824,0,39,Afternoon
1463,C,Ship,5,1,248,3,low,M,37,3830,0,12,Morning
1464,F,Ship,4,3,170,2,medium,F,33,1980,0,5,Night
1465,D,Ship,3,2,226,3,low,M,11,3708,0,4,Afternoon
1466,F,Ship,4,3,232,3,low,M,11,2624,0,7,Morning
1467,A,Ship,4,1,192,3,low,F,15,3460,0,40,Afternoon
1468,B,Ship,3,5,250,4,low,F,11,3464,0,25,Night
1469,C,Ship,5,5,224,3,medium,F,48,2298,0,2,Night
1470,F,Ship,3,3,167,3,medium,F,42,1363,0,47,Night
1471,D,Ship,2,3,123,2,medium,M,11,1383,0,34,Night
1472,F,Ship,5,2,243,2,medium,F,4,3681,0,45,Afternoon
1473,A,Ship,4,3,233,2,low,F,45,2732,0,41,Afternoon
1474,B,Ship,3,3,201,2,high,M,36,3340,0,28,Morning
1475,C,Ship,3,1,230,2,medium,F,18,2832,0,9,Afternoon
1476,F,Ship,4,3,271,3,low,M,59,2996,0,18,Night
1477,D,Ship,4,1,159,3,medium,M,13,1445,0,10,Afternoon
1478,F,Ship,3,3,249,3,low,M,55,3375,0,4,Afternoon
1479,A,Ship,3,4,137,3,medium,F,17,1212,0,5,Morning
1480,B,Ship,3,5,225,3,medium,M,8,3813,0,23,Morning
1481,C,Road,4,1,226,3,low,F,28,2211,0,9,Night
1482,F,Road,4,4,174,3,low,M,49,1141,0,36,Morning
1483,D,Road,5,2,264,5,low,F,27,3118,0,47,Afternoon
1484,F,Road,4,4,151,3,medium,F,6,1930,0,35,Afternoon
1485,A,Road,3,1,180,2,low,F,65,1321,0,49,Night
1486,B,Road,3,4,149,2,medium,F,37,1080,0,22,Afternoon
1487,C,Road,3,1,209,3,low,F,20,3181,0,37,Afternoon
1488,F,Road,6,1,219,6,low,F,10,2385,0,46,Night
1489,D,Road,4,3,164,3,low,M,28,1880,0,27,Morning
1490,F,Road,3,1,268,3,medium,M,3,3040,0,11,Night
1491,A,Road,4,4,204,4,medium,F,35,2513,0,35,Morning
1492,B,Road,5,5,226,3,medium,M,23,2626,0,5,Afternoon
1493,C,Road,5,1,105,5,low,M,1,1101,0,50,Morning
1494,F,Road,4,5,153,3,low,M,10,1183,0,3,Night
1495,D,Road,3,5,192,2,medium,F,5,2339,0,29,Morning
1496,F,Road,4,3,199,2,low,F,28,2607,0,24,Night
1497,A,Road,5,2,156,4,medium,M,39,1204,0,9,Afternoon
1498,B,Road,3,2,180,2,low,M,53,1853,0,11,Night
1499,C,Road,4,5,162,2,medium,M,62,1650,0,39,Afternoon
1500,F,Road,5,5,284,6,low,M,9,3912,0,37,Night
1501,D,Road,4,1,271,2,high,M,33,3269,0,45,Afternoon
1502,F,Road,3,1,269,2,medium,M,38,2195,0,46,Night
1503,A,Flight,3,4,135,3,low,M,11,1740,0,31,Night
1504,B,Flight,5,2,200,2,low,F,2,2075,0,38,Afternoon
1505,C,Flight,5,2,206,6,medium,M,23,2016,0,27,Night
1506,F,Flight,4,2,229,4,low,F,32,3518,0,16,Night
1507,D,Flight,5,3,267,3,low,M,48,3393,0,41,Night
1508,F,Flight,4,1,135,2,medium,F,64,1471,0,17,Night
1509,A,Flight,4,5,259,2,medium,M,15,2381,0,23,Morning
1510,B,Flight,3,3,223,2,medium,M,30,3622,0,2,Night
1511,C,Flight,3,4,245,4,low,M,20,2534,0,22,Morning
1512,F,Flight,4,4,207,3,low,M,20,2637,0,28,Afternoon
1513,D,Flight,5,3,171,3,medium,M,62,1304,0,12,Afternoon
1514,F,Flight,3,5,130,5,low,F,27,1891,0,15,Night
1515,A,Flight,3,2,241,3,medium,F,60,3922,0,11,Morning
1516,B,Flight,4,4,261,3,low,F,33,3678,0,37,Night
1517,C,Flight,3,5,182,3,medium,M,34,3595,0,24,Morning
1518,F,Flight,3,2,270,4,high,M,29,3768,0,44,Night
1519,D,Flight,3,5,157,4,medium,M,26,1969,0,10,Afternoon
1520,F,Flight,3,3,172,4,low,F,33,1989,0,35,Night
1521,A,Flight,3,3,205,2,medium,F,2,2910,0,18,Morning
1522,B,Flight,4,5,268,3,medium,M,7,3622,0,26,Morning
1523,C,Flight,3,1,156,3,medium,F,1,1517,0,38,Afternoon
1524,F,Flight,3,5,202,2,low,F,4,3372,0,16,Morning
1525,D,Ship,3,1,249,3,low,F,43,3277,0,23,Night
1526,F,Ship,3,2,141,3,medium,F,41,1801,0,27,Afternoon
1527,A,Ship,3,1,230,2,medium,M,28,3646,0,34,Morning
1528,B,Ship,5,5,229,2,medium,F,59,3844,0,6,Afternoon
1529,C,Ship,4,5,146,4,low,F,25,1606,0,46,Morning
1530,F,Ship,3,3,162,2,low,F,26,1659,0,19,Afternoon
1531,D,Ship,5,2,241,3,low,M,39,3743,0,4,Morning
1532,F,Ship,3,4,271,2,low,M,14,2163,0,32,Afternoon
1533,A,Ship,3,5,166,3,high,F,31,1117,0,36,Morning
1534,B,Ship,3,1,171,3,medium,M,28,1075,0,13,Afternoon
1535,C,Ship,3,5,169,2,low,F,20,1021,0,3,Afternoon
1536,F,Ship,3,1,137,3,low,M,47,1611,0,19,Morning
1537,D,Ship,3,4,211,3,low,M,56,3654,0,2,Morning
1538,F,Ship,4,5,171,3,medium,F,2,1114,0,15,Night
1539,A,Ship,4,4,142,4,medium,M,2,1461,0,28,Morning
1540,B,Ship,3,2,184,4,medium,F,10,2972,0,44,Morning
1541,C,Ship,6,5,111,6,high,F,28,1216,0,25,Morning
1542,F,Ship,2,5,278,4,low,M,34,3416,0,14,Night
1543,D,Ship,3,5,160,2,medium,F,41,1495,0,3,Night
1544,F,Ship,3,4,212,2,medium,F,56,3976,0,36,Afternoon
1545,A,Ship,3,5,175,2,low,M,59,1051,0,3,Night
1546,B,Ship,4,3,251,3,medium,F,46,2632,0,8,Night
1547,C,Ship,3,3,205,2,low,F,15,3231,0,41,Night
1548,F,Ship,5,5,163,3,low,M,54,1536,0,3,Morning
1549,D,Ship,4,1,272,2,low,M,27,2030,0,12,Afternoon
1550,F,Ship,4,1,134,3,medium,F,37,1818,0,16,Morning
1551,A,Ship,5,5,259,2,medium,M,63,2583,0,5,Morning
1552,B,Ship,3,3,246,3,medium,F,45,3945,0,18,Afternoon
1553,C,Ship,4,1,211,2,medium,F,44,3099,0,44,Night
1554,F,Ship,4,2,190,2,medium,F,6,3595,0,20,Night
1555,D,Ship,4,5,233,5,medium,F,44,2648,0,8,Afternoon
1556,F,Ship,5,4,199,2,high,F,20,2553,0,22,Morning
1557,A,Ship,5,2,191,3,high,F,52,2028,0,24,Afternoon
1558,B,Ship,4,1,148,3,low,M,30,1731,0,50,Morning
1559,C,Ship,2,5,177,6,medium,F,41,1772,0,11,Afternoon
1560,F,Ship,3,1,171,2,low,M,1,1629,0,21,Night
1561,D,Ship,3,3,237,3,medium,M,57,3761,0,25,Morning
1562,F,Ship,4,4,265,3,medium,F,47,3307,0,38,Night
1563,A,Ship,4,2,136,2,medium,M,19,1387,0,6,Afternoon
1564,B,Ship,3,1,145,2,high,M,25,1851,0,18,Afternoon
1565,C,Ship,4,1,238,2,low,F,3,2241,0,17,Afternoon
1566,F,Ship,4,4,210,3,medium,F,14,3666,0,49,Night
1567,D,Ship,5,1,159,4,low,M,38,1277,0,41,Night
1568,F,Ship,4,1,232,2,medium,F,26,3300,0,3,Night
1569,A,Ship,3,2,174,3,low,M,4,1337,0,41,Night
1570,B,Ship,5,1,129,5,medium,M,35,1458,0,47,Afternoon
1571,C,Ship,3,3,201,4,medium,M,7,2299,0,44,Afternoon
1572,F,Ship,5,2,151,4,low,M,12,1145,0,27,Morning
1573,D,Ship,2,1,252,3,low,F,12,2800,0,32,Morning
1574,F,Ship,5,3,156,3,medium,M,58,1218,0,3,Afternoon
1575,A,Ship,6,3,215,5,low,M,13,3899,0,43,Night
1576,B,Ship,4,4,153,3,low,M,13,1402,0,26,Morning
1577,C,Ship,5,1,261,3,low,M,25,3494,0,22,Afternoon
1578,F,Ship,5,4,263,3,medium,M,61,2606,0,49,Night
1579,D,Ship,5,4,153,6,medium,M,35,1082,0,34,Morning
1580,F,Ship,3,5,137,3,high,F,28,1815,0,44,Afternoon
1581,A,Ship,3,5,270,5,low,M,31,3737,0,41,Afternoon
1582,B,Ship,5,1,167,2,low,M,62,1884,0,1,Afternoon
1583,C,Ship,3,3,143,3,low,M,64,1630,0,16,Night
1584,F,Ship,5,5,214,3,low,F,31,2033,0,47,Afternoon
1585,D,Ship,2,2,182,2,medium,F,14,3751,0,47,Afternoon
1586,F,Ship,3,5,234,2,high,M,4,2701,0,28,Night
1587,A,Ship,4,5,181,2,medium,M,59,2239,0,31,Afternoon
1588,B,Ship,2,4,162,3,low,F,34,1558,0,46,Night
1589,C,Ship,5,4,185,4,medium,M,31,3565,0,49,Afternoon
1590,F,Ship,4,2,199,2,medium,F,4,3351,0,27,Morning
1591,D,Ship,4,1,272,3,medium,M,49,2803,0,11,Morning
1592,F,Ship,5,3,252,2,low,M,11,3036,0,41,Morning
1593,A,Ship,4,5,156,3,low,F,2,1127,0,47,Night
1594,B,Ship,4,2,173,3,medium,F,63,1220,0,33,Night
1595,C,Ship,3,2,148,4,medium,F,38,1322,0,31,Afternoon
1596,F,Ship,4,3,158,3,medium,F,27,1207,0,9,Afternoon
1597,D,Ship,5,2,261,3,low,M,62,3352,0,31,Afternoon
1598,F,Ship,2,4,105,2,medium,M,54,1707,0,2,Morning
1599,A,Ship,3,5,193,3,high,F,57,3364,0,18,Night
1600,B,Ship,3,3,198,3,low,M,49,2446,0,26,Morning
1601,C,Ship,4,5,213,3,medium,F,42,3121,0,11,Night
1602,F,Ship,4,1,244,3,low,M,59,3073,0,21,Morning
1603,D,Ship,6,4,241,6,high,F,61,2806,0,16,Afternoon
1604,F,Ship,4,5,278,6,low,M,4,3909,0,44,Night
1605,A,Ship,2,2,145,2,low,M,1,1126,0,15,Morning
1606,B,Ship,5,2,140,4,high,M,58,1175,0,38,Afternoon
1607,C,Ship,4,4,209,3,medium,M,37,3026,0,36,Morning
1608,F,Ship,3,3,233,3,medium,M,35,2204,0,18,Night
1609,D,Ship,3,1,227,3,medium,M,52,3336,0,48,Afternoon
1610,F,Ship,5,1,258,2,medium,F,22,3713,0,4,Morning
1611,A,Ship,5,4,259,3,low,F,38,3720,0,26,Afternoon
1612,B,Ship,3,5,153,2,low,F,44,1585,0,33,Night
1613,C,Ship,3,5,181,3,medium,M,22,3575,0,33,Night
1614,F,Ship,4,4,143,8,medium,F,39,1345,0,33,Afternoon
1615,D,Ship,5,2,111,5,medium,M,3,1711,0,45,Morning
1616,F,Ship,4,5,198,2,medium,M,51,2820,0,13,Afternoon
1617,A,Ship,3,4,121,3,low,F,63,1611,0,18,Afternoon
1618,B,Road,3,2,204,3,medium,M,48,2792,0,23,Night
1619,C,Road,4,4,203,5,low,M,36,3912,0,31,Afternoon
1620,F,Road,4,1,167,3,low,F,10,1616,0,25,Night
1621,D,Road,4,1,270,3,medium,F,64,2406,0,10,Night
1622,F,Road,5,2,260,2,high,M,58,2018,0,44,Afternoon
1623,A,Road,3,1,180,3,high,F,21,1047,0,5,Night
1624,B,Road,3,4,157,2,medium,M,12,1694,0,3,Morning
1625,C,Road,3,3,156,6,low,M,45,1602,0,2,Morning
1626,F,Road,4,4,236,7,medium,M,62,2280,0,11,Night
1627,D,Road,5,2,240,7,medium,F,57,2708,0,48,Afternoon
1628,F,Road,4,2,104,7,medium,F,46,1438,0,39,Afternoon
1629,A,Road,4,2,140,3,medium,F,49,1820,0,22,Night
1630,B,Road,3,2,150,3,medium,M,29,1354,0,44,Afternoon
1631,C,Road,6,2,286,7,medium,F,65,3362,0,50,Morning
1632,F,Road,5,5,224,8,low,F,49,3282,0,46,Morning
1633,D,Road,3,4,204,3,low,F,49,3225,0,18,Afternoon
1634,F,Road,5,2,266,7,low,F,12,2056,0,48,Morning
1635,A,Road,6,3,241,6,high,F,8,3878,0,1,Morning
1636,B,Road,4,2,278,6,low,F,36,2330,0,33,Night
1637,C,Road,2,1,145,2,low,F,49,1177,0,42,Afternoon
1638,F,Road,5,4,140,4,high,F,5,1130,0,49,Morning
1639,D,Road,4,4,209,3,medium,F,52,2740,0,10,Night
1640,F,Flight,3,1,233,3,medium,M,1,2744,0,7,Morning
1641,A,Flight,3,2,227,3,medium,M,21,2351,0,46,Afternoon
1642,B,Flight,5,4,258,2,medium,F,24,2878,0,38,Morning
1643,C,Flight,5,3,259,3,low,F,45,3335,0,4,Morning
1644,F,Flight,3,3,153,2,low,F,39,1328,0,21,Afternoon
1645,D,Flight,3,2,181,3,medium,M,45,3786,0,47,Morning
1646,F,Flight,4,4,143,8,medium,M,12,1326,0,21,Night
1647,A,Flight,5,4,111,5,medium,F,42,1587,0,4,Night
1648,B,Flight,4,4,198,2,medium,M,64,3787,0,24,Morning
1649,C,Flight,3,5,121,3,low,F,10,1701,0,41,Night
1650,F,Flight,3,4,204,3,medium,F,27,2772,0,12,Afternoon
1651,D,Flight,4,2,203,5,low,F,20,3098,0,20,Night
1652,F,Flight,4,1,167,3,low,F,57,1782,0,25,Morning
1653,A,Flight,4,5,270,3,medium,M,20,3185,0,6,Afternoon
1654,B,Flight,5,3,260,2,high,F,63,2715,0,40,Afternoon
1655,C,Flight,3,3,180,3,high,F,56,1684,0,40,Morning
1656,F,Flight,3,3,157,2,medium,F,62,1366,0,16,Afternoon
1657,D,Flight,3,5,156,6,low,M,65,1308,0,31,Night
1658,F,Flight,4,5,236,7,medium,F,44,3808,0,25,Morning
1659,A,Flight,5,2,240,7,medium,F,47,2174,0,28,Night
1660,B,Flight,4,1,104,7,medium,F,52,1083,0,50,Afternoon
1661,C,Flight,4,4,140,3,medium,F,4,1467,0,49,Morning
1662,F,Ship,3,2,150,3,medium,F,4,1910,0,34,Night
1663,D,Ship,6,1,286,7,medium,F,7,2338,0,31,Afternoon
1664,F,Ship,5,5,224,8,low,F,48,2627,0,5,Morning
1665,A,Ship,3,5,204,3,low,F,45,2513,0,48,Night
1666,B,Ship,5,2,266,7,low,M,40,2304,0,38,Afternoon
1667,C,Ship,4,5,268,3,low,F,59,2083,0,22,Afternoon
1668,F,Ship,4,5,267,4,low,M,20,3132,0,45,Afternoon
1669,D,Ship,3,5,223,4,low,F,46,3938,0,8,Morning
1670,F,Ship,5,5,164,5,low,M,52,1644,0,49,Afternoon
1671,A,Ship,4,2,209,4,low,F,10,3370,0,34,Night
1672,B,Ship,3,2,192,3,low,F,19,3183,0,50,Morning
1673,C,Ship,3,2,260,3,medium,M,52,2874,0,19,Afternoon
1674,F,Ship,2,1,137,5,medium,F,3,1037,0,18,Morning
1675,D,Ship,3,3,267,2,low,M,18,2435,0,48,Morning
1676,F,Ship,3,3,111,3,medium,M,54,1712,0,25,Afternoon
1677,A,Ship,3,4,240,2,medium,F,2,3729,0,14,Morning
1678,B,Ship,5,1,234,3,medium,M,40,3340,0,23,Morning
1679,C,Ship,4,2,190,2,medium,M,37,2563,0,24,Night
1680,F,Ship,5,2,265,2,high,M,24,2415,0,45,Afternoon
1681,D,Ship,3,4,189,3,medium,F,37,3492,0,35,Morning
1682,F,Ship,2,1,121,3,medium,M,25,1124,0,28,Afternoon
1683,A,Ship,4,3,101,6,low,M,37,1344,0,8,Morning
1684,B,Ship,3,3,250,3,medium,M,9,2752,0,38,Afternoon
1685,C,Ship,4,2,247,3,medium,F,64,2198,0,5,Morning
1686,F,Ship,4,4,162,3,medium,M,41,1104,0,30,Morning
1687,D,Ship,2,2,219,3,low,F,56,3608,0,11,Afternoon
1688,F,Ship,5,1,258,2,medium,F,48,3717,0,20,Afternoon
1689,A,Ship,5,4,221,2,low,F,59,3444,0,26,Afternoon
1690,B,Ship,2,4,137,3,high,F,41,1176,0,5,Night
1691,C,Ship,3,4,174,2,medium,M,51,1430,0,18,Morning
1692,F,Ship,4,2,189,3,medium,M,6,3671,0,45,Afternoon
1693,D,Ship,4,4,212,4,medium,F,2,3830,0,37,Afternoon
1694,F,Ship,6,1,183,2,low,M,57,3966,0,29,Night
1695,A,Ship,3,1,180,2,low,M,26,1715,0,49,Night
1696,B,Ship,5,5,150,5,medium,F,61,1091,0,28,Afternoon
1697,C,Ship,4,3,246,3,medium,F,52,2440,0,46,Morning
1698,F,Ship,3,2,263,3,high,F,44,3802,0,12,Afternoon
1699,D,Ship,4,4,204,2,low,M,29,2941,0,44,Afternoon
1700,F,Ship,3,2,223,4,low,F,20,3955,0,11,Night
1701,A,Ship,3,3,193,2,low,F,60,2581,0,14,Morning
1702,B,Ship,3,1,138,3,low,F,41,1914,0,48,Morning
1703,C,Ship,5,2,188,3,medium,F,50,3992,0,30,Night
1704,F,Ship,4,3,201,3,low,F,46,3641,0,50,Afternoon
1705,D,Ship,3,3,245,2,medium,F,16,2577,0,11,Morning
1706,F,Ship,3,2,262,3,low,M,54,3150,0,22,Morning
1707,A,Ship,4,4,147,5,medium,F,33,1886,0,50,Afternoon
1708,B,Ship,3,1,254,3,medium,F,35,2965,0,3,Night
1709,C,Ship,4,2,213,4,low,F,37,2184,0,35,Night
1710,F,Ship,3,3,152,2,low,M,32,1665,0,31,Morning
1711,D,Ship,4,1,227,3,low,M,54,3972,0,9,Morning
1712,F,Ship,2,5,206,3,low,F,46,2944,0,21,Afternoon
1713,A,Ship,3,4,242,5,low,M,5,2307,0,24,Morning
1714,B,Ship,4,2,200,3,medium,M,45,2486,0,48,Afternoon
1715,C,Ship,4,1,142,2,low,M,26,1683,0,45,Afternoon
1716,F,Ship,3,3,275,3,low,F,61,2123,0,31,Morning
1717,D,Ship,6,1,222,5,medium,M,26,3137,0,9,Afternoon
1718,F,Ship,3,1,101,2,medium,F,56,1184,0,36,Night
1719,A,Ship,4,5,178,3,high,M,22,1907,0,6,Morning
1720,B,Ship,3,2,243,3,medium,M,31,3943,0,49,Afternoon
1721,C,Ship,2,1,177,4,low,M,63,1058,0,8,Afternoon
1722,F,Ship,3,2,270,3,medium,M,31,2377,0,49,Night
1723,D,Ship,5,3,186,4,medium,F,11,3676,0,42,Afternoon
1724,F,Ship,5,3,133,4,medium,F,29,1094,0,38,Morning
1725,A,Ship,3,2,263,4,medium,M,8,2599,0,36,Afternoon
1726,B,Ship,5,3,248,3,medium,M,4,2207,0,11,Morning
1727,C,Ship,5,2,150,3,medium,M,63,1807,0,22,Night
1728,F,Ship,3,4,203,4,medium,M,46,3640,0,37,Morning
1729,D,Ship,2,3,249,2,low,M,1,2905,0,48,Night
1730,F,Ship,3,3,238,3,medium,M,54,2860,0,23,Afternoon
1731,A,Ship,5,3,181,4,medium,F,32,3893,0,45,Morning
1732,B,Ship,3,3,138,4,low,M,56,1440,0,15,Morning
1733,C,Ship,4,3,139,3,medium,F,47,1323,0,37,Afternoon
1734,F,Ship,2,3,192,2,low,F,31,2621,0,20,Night
1735,D,Ship,5,4,241,3,medium,M,40,3484,0,11,Afternoon
1736,F,Ship,3,2,188,3,low,F,33,3335,0,2,Night
1737,A,Ship,6,1,278,2,medium,F,12,2112,0,11,Morning
1738,B,Ship,4,1,144,2,high,M,35,1072,0,36,Morning
1739,C,Ship,4,5,208,2,medium,M,33,2170,0,11,Morning
1740,F,Ship,3,2,208,2,low,M,41,2036,0,46,Afternoon
1741,D,Ship,4,3,210,3,medium,M,11,2655,0,50,Morning
1742,F,Ship,3,3,237,3,medium,M,47,3625,0,39,Morning
1743,A,Ship,4,4,192,3,low,F,25,2443,0,36,Afternoon
1744,B,Ship,6,2,143,5,low,M,17,1955,0,44,Afternoon
1745,C,Ship,3,1,234,3,high,F,60,2596,0,48,Night
1746,F,Ship,4,5,147,2,low,M,17,1057,0,38,Morning
1747,D,Ship,5,1,226,2,low,M,18,2582,0,34,Morning
1748,F,Ship,4,5,263,2,low,M,62,2267,0,12,Night
1749,A,Ship,4,1,147,3,low,M,11,1434,0,5,Night
1750,B,Ship,3,1,174,4,low,M,18,1072,0,48,Morning
1751,C,Ship,3,1,142,4,low,M,4,1583,0,8,Afternoon
1752,F,Ship,4,4,136,3,low,M,6,1900,0,43,Morning
1753,D,Ship,3,1,192,3,medium,M,35,2258,0,28,Morning
1754,F,Ship,3,2,184,5,high,F,26,3336,0,44,Afternoon
1755,A,Road,6,5,260,4,high,M,10,2756,0,44,Morning
1756,B,Road,5,3,160,3,high,M,25,1977,0,50,Night
1757,C,Road,3,1,262,2,low,F,28,2940,0,13,Afternoon
1758,F,Road,4,3,217,3,low,M,51,3144,0,32,Afternoon
1759,D,Road,3,2,267,5,low,F,48,2622,0,32,Afternoon
1760,F,Road,5,4,195,2,low,M,4,3108,0,35,Night
1761,A,Road,4,3,152,2,medium,M,18,1537,0,12,Night
1762,B,Road,4,5,178,3,low,F,23,1695,0,17,Night
1763,C,Road,4,2,190,4,medium,M,61,2077,0,48,Morning
1764,F,Road,3,5,286,3,medium,F,12,3817,0,30,Afternoon
1765,D,Road,2,1,167,2,low,M,46,1023,0,33,Morning
1766,F,Road,2,2,148,6,medium,F,63,1279,0,23,Morning
1767,A,Road,4,3,218,4,low,F,50,3990,0,47,Morning
1768,B,Road,5,2,272,2,medium,F,37,2226,0,40,Afternoon
1769,C,Road,4,3,147,2,high,F,52,1570,0,10,Night
1770,F,Road,4,5,263,3,medium,F,32,3723,0,21,Afternoon
1771,D,Road,5,5,189,4,high,F,16,3564,0,29,Afternoon
1772,F,Road,3,3,242,3,low,F,7,3127,0,18,Afternoon
1773,A,Road,5,3,204,2,low,M,40,2181,0,27,Afternoon
1774,B,Road,3,1,229,3,medium,M,2,3963,0,30,Morning
1775,C,Road,3,5,180,2,low,M,33,1444,0,6,Afternoon
1776,F,Road,5,5,190,4,medium,M,12,2947,0,8,Night
1777,D,Flight,6,1,154,5,medium,M,19,1842,0,17,Morning
1778,F,Flight,4,3,134,3,low,F,21,1955,0,42,Afternoon
1779,A,Flight,3,3,206,2,medium,M,62,3558,0,45,Morning
1780,B,Flight,3,2,169,2,medium,M,61,1511,0,5,Night
1781,C,Flight,4,2,237,2,medium,F,6,2965,0,24,Night
1782,F,Flight,4,4,146,2,low,M,52,1459,0,6,Night
1783,D,Flight,5,2,187,3,medium,M,11,2936,0,9,Night
1784,F,Flight,5,4,206,3,low,M,53,2182,0,47,Morning
1785,A,Flight,5,3,208,4,medium,M,10,2419,0,47,Morning
1786,B,Flight,4,2,149,4,low,M,40,1102,0,35,Afternoon
1787,C,Flight,6,2,148,4,low,M,56,1511,0,49,Afternoon
1788,F,Flight,4,2,135,2,low,M,54,1011,0,48,Night
1789,D,Flight,4,1,242,3,medium,F,35,3556,0,5,Night
1790,F,Flight,5,2,231,4,medium,M,41,2992,0,4,Night
1791,A,Flight,6,2,205,5,medium,F,61,2018,0,11,Morning
1792,B,Flight,4,4,137,2,medium,M,37,1447,0,10,Night
1793,C,Flight,3,4,202,4,high,M,20,3655,0,13,Morning
1794,F,Flight,3,1,163,3,medium,M,59,1005,0,6,Afternoon
1795,D,Flight,2,2,128,2,low,M,17,1824,0,18,Night
1796,F,Flight,3,3,165,3,high,M,35,1459,0,13,Afternoon
1797,A,Flight,4,1,242,2,low,M,34,3966,0,35,Night
1798,B,Flight,5,4,229,2,medium,M,9,3667,0,6,Afternoon
1799,C,Ship,5,1,191,3,low,M,56,3538,0,15,Night
1800,F,Ship,3,5,231,2,medium,M,49,2341,0,36,Morning
1801,D,Ship,3,1,183,3,medium,F,51,3863,0,46,Night
1802,F,Ship,3,1,195,3,high,M,5,3251,0,39,Afternoon
1803,A,Ship,3,5,249,2,low,F,26,2029,0,44,Afternoon
1804,B,Ship,3,4,151,3,low,M,16,1020,0,35,Afternoon
1805,C,Ship,4,1,140,2,low,M,60,1950,0,10,Night
1806,F,Ship,4,1,151,2,medium,M,6,1114,0,19,Morning
1807,D,Ship,2,5,109,3,medium,M,12,1715,0,40,Night
1808,F,Ship,5,1,180,2,low,M,35,1204,0,43,Morning
1809,A,Ship,4,1,151,5,high,M,28,1148,0,44,Morning
1810,B,Ship,2,1,188,3,low,M,62,2106,0,33,Afternoon
1811,C,Ship,4,2,274,2,low,M,11,3013,0,19,Morning
1812,F,Ship,3,5,187,2,medium,F,50,2598,0,32,Night
1813,D,Ship,4,2,185,2,medium,M,4,2212,0,25,Morning
1814,F,Ship,3,4,187,2,medium,M,54,3290,0,23,Night
1815,A,Ship,5,4,260,3,low,M,43,2143,0,3,Morning
1816,B,Ship,3,3,191,3,low,M,5,2007,0,3,Afternoon
1817,C,Ship,3,4,203,2,low,F,15,2281,0,7,Night
1818,F,Ship,4,1,144,4,low,F,63,1881,0,26,Morning
1819,D,Ship,5,2,281,4,high,F,5,3357,0,27,Morning
1820,F,Ship,2,3,169,3,medium,M,48,1279,0,44,Afternoon
1821,A,Ship,4,3,201,2,medium,F,18,3461,0,42,Night
1822,B,Ship,4,4,226,5,medium,F,12,2708,0,33,Afternoon
1823,C,Ship,6,3,176,5,low,F,7,1767,0,14,Morning
1824,F,Ship,3,5,228,4,medium,M,57,2243,0,2,Morning
1825,D,Ship,4,5,260,3,low,F,14,2071,0,2,Afternoon
1826,F,Ship,4,5,268,3,low,M,17,3085,0,8,Night
1827,A,Ship,4,5,188,3,low,F,6,3361,0,2,Night
1828,B,Ship,4,4,213,3,medium,M,11,2037,0,44,Night
1829,C,Ship,4,4,259,2,medium,M,44,2132,0,14,Afternoon
1830,F,Ship,3,2,257,2,high,F,46,2848,0,12,Morning
1831,D,Ship,4,5,163,3,low,M,38,1146,0,46,Afternoon
1832,F,Ship,2,3,211,3,medium,F,12,3296,0,32,Afternoon
1833,A,Ship,3,4,166,2,medium,F,58,1319,0,45,Morning
1834,B,Ship,3,5,245,4,high,F,26,2072,0,12,Morning
1835,C,Ship,5,5,234,2,medium,M,44,2548,0,28,Morning
1836,F,Ship,4,2,234,2,high,M,27,3393,0,16,Afternoon
1837,D,Ship,3,1,180,3,low,M,52,1838,0,9,Night
1838,F,Ship,4,5,217,4,medium,M,37,2128,0,50,Night
1839,A,Ship,4,1,253,3,low,M,31,3632,0,48,Afternoon
1840,B,Ship,3,2,188,3,medium,M,3,3837,0,17,Night
1841,C,Ship,2,3,274,3,high,F,24,3829,0,43,Night
1842,F,Ship,3,4,136,2,medium,F,54,1056,0,29,Afternoon
1843,D,Ship,3,5,143,2,low,M,17,1422,0,14,Afternoon
1844,F,Ship,3,1,267,3,low,F,57,3257,0,7,Afternoon
1845,A,Ship,3,4,198,2,medium,F,20,2266,0,9,Afternoon
1846,B,Ship,4,4,201,10,medium,M,17,2059,0,28,Morning
1847,C,Ship,3,5,241,10,medium,F,31,2724,0,43,Morning
1848,F,Ship,5,1,269,3,medium,F,2,2136,0,15,Morning
1849,D,Ship,5,5,123,2,low,F,60,1653,0,17,Night
1850,F,Ship,3,2,178,2,low,M,32,1329,0,48,Afternoon
1851,A,Ship,3,4,203,3,low,M,18,3127,0,41,Night
1852,B,Ship,3,1,169,10,medium,F,15,1107,0,15,Night
1853,C,Ship,3,5,190,10,medium,F,27,2739,0,48,Night
1854,F,Ship,3,3,190,7,medium,F,7,2400,0,22,Afternoon
1855,D,Ship,4,5,238,10,medium,M,38,3556,0,12,Night
1856,F,Ship,5,5,247,10,medium,F,61,2206,0,29,Night
1857,A,Ship,4,1,190,10,low,F,35,3819,0,34,Afternoon
1858,B,Ship,3,5,168,3,low,F,5,1143,0,38,Night
1859,C,Ship,2,2,190,3,low,M,51,2380,0,20,Afternoon
1860,F,Ship,2,5,170,8,low,M,14,1396,0,21,Night
1861,D,Ship,4,4,226,7,low,M,9,2182,0,31,Night
1862,F,Ship,5,1,256,7,low,F,50,3837,0,23,Night
1863,A,Ship,2,1,104,7,low,M,30,1870,0,36,Afternoon
1864,B,Ship,4,1,192,3,medium,F,29,3347,0,14,Night
1865,C,Ship,4,3,213,3,medium,M,57,3599,0,38,Afternoon
1866,F,Ship,4,2,259,2,medium,M,54,2244,0,46,Night
1867,D,Ship,3,4,257,2,high,M,15,3981,0,7,Afternoon
1868,F,Ship,4,3,163,3,low,M,52,1891,0,12,Night
1869,A,Ship,2,3,211,3,medium,F,55,3842,0,8,Afternoon
1870,B,Ship,3,2,166,2,medium,F,45,1741,0,47,Afternoon
1871,C,Ship,3,1,245,4,high,F,47,3111,0,20,Night
1872,F,Ship,5,5,234,2,medium,F,43,3822,0,47,Afternoon
1873,D,Ship,4,4,234,2,high,M,2,2008,0,10,Morning
1874,F,Ship,3,4,180,3,low,F,52,1727,0,29,Night
1875,A,Ship,4,5,217,4,medium,F,12,2217,0,23,Morning
1876,B,Ship,4,5,253,3,low,F,58,3096,0,37,Night
1877,C,Ship,3,4,188,3,medium,F,49,3221,0,37,Afternoon
1878,F,Ship,2,2,274,3,high,F,60,2053,0,19,Afternoon
1879,D,Ship,3,1,136,2,medium,F,61,1509,0,16,Night
1880,F,Ship,3,1,143,2,low,F,63,1246,0,34,Morning
1881,A,Ship,3,4,267,3,low,F,55,2923,0,48,Afternoon
1882,B,Ship,3,1,198,2,medium,F,49,3573,0,7,Morning
1883,C,Ship,4,1,201,10,medium,M,37,3402,0,2,Afternoon
1884,F,Ship,3,5,241,10,medium,M,41,3015,0,33,Morning
1885,D,Ship,5,4,269,3,medium,F,51,3415,0,14,Morning
1886,F,Ship,5,3,123,2,low,F,30,1068,0,46,Morning
1887,A,Ship,3,4,178,2,low,F,35,1183,0,43,Night
1888,B,Ship,3,5,203,3,low,F,58,3231,0,48,Morning
1889,C,Ship,3,2,169,10,medium,F,4,1665,0,39,Afternoon
1890,F,Ship,3,4,190,10,medium,F,38,2018,0,29,Night
1891,D,Ship,3,4,190,7,medium,F,51,2391,0,32,Afternoon
1892,F,Road,4,5,238,10,medium,F,44,3860,0,18,Afternoon
1893,A,Road,5,1,247,10,medium,F,57,2377,0,24,Afternoon
1894,B,Road,4,3,190,10,low,M,34,3935,0,3,Afternoon
1895,C,Road,3,2,168,3,low,M,15,1862,0,40,Afternoon
1896,F,Road,2,1,190,3,low,M,59,2108,0,28,Morning
1897,D,Road,2,3,170,8,low,M,61,1240,0,14,Afternoon
1898,F,Road,4,1,226,7,low,M,41,2964,0,1,Afternoon
1899,A,Road,5,2,256,7,low,F,41,2758,0,49,Night
1900,B,Road,2,5,104,7,low,M,12,1064,0,10,Morning
1901,C,Road,4,4,192,3,medium,M,39,2943,0,34,Morning
1902,F,Road,5,2,195,6,low,M,38,1338,0,47,Afternoon
1903,D,Road,3,5,271,4,low,M,51,1134,0,29,Night
1904,F,Road,2,1,296,5,medium,M,29,1648,0,44,Morning
1905,A,Road,4,5,277,5,medium,F,32,1055,0,43,Morning
1906,B,Road,2,4,140,3,low,M,32,1819,0,45,Night
1907,C,Road,4,1,148,3,high,F,23,1814,0,33,Afternoon
1908,F,Road,4,5,238,2,low,F,1,2644,0,35,Afternoon
1909,D,Road,5,3,220,3,low,M,37,2294,0,14,Afternoon
1910,F,Road,4,4,224,3,low,M,29,3623,0,47,Night
1911,A,Road,4,5,162,3,low,F,31,1170,0,24,Morning
1912,B,Road,4,2,202,4,low,F,1,3602,0,48,Afternoon
1913,C,Road,3,5,226,3,medium,M,5,3914,0,34,Night
1914,F,Flight,4,3,246,2,low,M,60,2086,0,35,Night
1915,D,Flight,5,2,223,3,low,F,51,3687,0,30,Afternoon
1916,F,Flight,5,2,156,2,medium,M,19,1311,0,31,Morning
1917,A,Flight,2,5,189,2,low,M,38,3708,0,19,Afternoon
1918,B,Flight,5,4,242,3,high,F,2,3564,0,1,Morning
1919,C,Flight,4,5,207,2,medium,F,49,3736,0,6,Night
1920,F,Flight,3,3,161,3,low,F,24,1920,0,27,Morning
1921,D,Flight,4,5,232,2,low,F,21,3128,0,43,Afternoon
1922,F,Flight,6,4,194,3,low,M,10,2554,0,28,Afternoon
1923,A,Flight,5,5,161,3,medium,F,59,1037,0,44,Night
1924,B,Flight,4,1,269,3,medium,F,23,3652,0,35,Morning
1925,C,Flight,3,3,219,2,low,F,41,3932,0,33,Morning
1926,F,Flight,5,2,161,2,medium,F,59,1859,0,39,Afternoon
1927,D,Flight,3,1,264,4,low,M,33,3561,0,48,Night
1928,F,Flight,5,2,151,3,medium,M,20,1395,0,28,Morning
1929,A,Flight,5,5,177,2,high,F,31,2000,0,46,Night
1930,B,Flight,2,5,193,5,medium,F,13,2882,0,43,Morning
1931,C,Flight,4,4,212,4,medium,M,16,2494,0,50,Morning
1932,F,Flight,4,1,210,2,medium,F,7,3405,0,37,Afternoon
1933,D,Flight,4,2,164,2,medium,F,43,1976,0,19,Morning
1934,F,Flight,4,2,219,3,low,M,2,3402,0,41,Night
1935,A,Flight,4,4,216,4,medium,M,27,3740,0,20,Morning
1936,B,Ship,5,2,174,2,medium,M,54,1091,0,47,Afternoon
1937,C,Ship,3,5,199,2,low,M,46,2728,0,20,Afternoon
1938,F,Ship,3,4,181,3,low,M,45,2486,0,37,Morning
1939,D,Ship,3,2,220,3,low,M,22,2818,0,15,Afternoon
1940,F,Ship,3,1,215,2,low,F,47,3678,0,21,Afternoon
1941,A,Ship,4,5,248,4,high,F,56,2840,0,28,Morning
1942,B,Ship,3,2,183,4,low,M,49,2414,0,18,Night
1943,C,Ship,4,2,194,4,medium,F,26,3818,0,11,Morning
1944,F,Ship,4,4,224,2,high,F,31,2084,0,27,Night
1945,D,Ship,4,4,184,3,low,F,52,3128,0,8,Afternoon
1946,F,Ship,4,1,160,2,low,M,28,1276,0,31,Afternoon
1947,A,Ship,5,1,182,3,low,M,8,3580,0,22,Night
1948,B,Ship,3,2,116,2,low,F,22,1430,0,32,Afternoon
1949,C,Ship,4,4,170,4,low,M,39,1868,0,43,Afternoon
1950,F,Ship,5,1,201,2,medium,F,54,2158,0,21,Afternoon
1951,D,Ship,4,3,148,2,low,M,29,1809,0,8,Afternoon
1952,F,Ship,5,1,165,3,low,F,27,1905,0,7,Night
1953,A,Ship,3,5,135,3,low,M,20,1772,0,24,Night
1954,B,Ship,4,4,263,2,medium,F,41,3955,0,15,Night
1955,C,Ship,5,4,228,3,medium,M,20,3382,0,35,Morning
1956,F,Ship,6,5,275,5,medium,M,51,3569,0,30,Night
1957,D,Ship,4,1,224,3,low,M,27,3400,0,37,Morning
1958,F,Ship,3,1,202,3,low,F,1,3738,0,20,Afternoon
1959,A,Ship,4,2,163,3,low,F,11,1926,0,40,Morning
1960,B,Ship,4,5,268,3,low,F,64,2386,0,31,Night
1961,C,Ship,3,3,207,3,low,F,62,3277,0,6,Morning
1962,F,Ship,2,3,117,2,medium,M,36,1210,0,33,Night
1963,D,Ship,2,1,165,4,low,F,57,1881,0,21,Morning
1964,F,Ship,3,3,181,2,high,M,65,3234,0,37,Morning
1965,A,Ship,6,5,212,4,medium,F,13,3676,0,17,Night
1966,B,Ship,3,4,226,3,medium,F,26,2299,0,24,Morning
1967,C,Ship,4,1,195,3,low,M,43,2849,0,46,Night
1968,F,Ship,4,5,263,2,medium,M,13,2779,0,23,Morning
1969,D,Ship,4,4,136,2,medium,F,16,1131,0,17,Morning
1970,F,Ship,3,5,163,2,low,F,49,1034,0,26,Morning
1971,A,Ship,5,2,144,3,low,M,49,1202,0,19,Afternoon
1972,B,Ship,4,4,240,3,low,F,62,3478,0,33,Morning
1973,C,Ship,4,5,243,2,low,M,19,2829,0,5,Afternoon
1974,F,Ship,5,1,201,3,medium,M,19,2696,0,20,Afternoon
1975,D,Ship,5,3,242,3,low,M,58,3411,0,31,Afternoon
1976,F,Ship,3,1,187,2,high,M,56,3774,0,30,Morning
1977,A,Ship,4,3,162,3,low,M,53,1194,0,8,Afternoon
1978,B,Ship,3,3,147,3,low,M,16,1563,0,33,Afternoon
1979,C,Ship,3,4,268,2,high,F,39,2822,0,2,Afternoon
1980,F,Ship,4,3,237,3,low,M,57,3952,0,47,Morning
1981,D,Ship,3,2,157,2,low,M,29,1115,0,9,Morning
1982,F,Ship,4,2,176,3,medium,F,12,1750,0,23,Morning
1983,A,Ship,4,5,134,4,low,M,36,1191,0,6,Morning
1984,B,Ship,3,4,234,2,medium,M,52,3543,0,6,Afternoon
1985,C,Ship,3,3,154,2,low,F,57,1096,0,15,Night
1986,F,Ship,2,1,209,5,low,F,64,2016,0,11,Night
1987,D,Ship,5,4,138,2,medium,M,38,1803,0,36,Night
1988,F,Ship,2,3,151,3,medium,M,22,1024,0,49,Morning
1989,A,Ship,4,4,252,6,medium,M,44,2676,0,42,Night
1990,B,Ship,3,1,155,2,medium,F,6,1490,0,46,Night
1991,C,Ship,3,3,139,4,high,M,17,1137,0,35,Morning
1992,F,Ship,4,5,258,3,medium,F,37,2289,0,44,Night
1993,D,Ship,4,2,172,3,low,M,1,1182,0,36,Night
1994,F,Ship,4,3,239,3,low,F,28,2741,0,6,Afternoon
1995,A,Ship,3,1,165,3,low,F,1,1417,0,23,Morning
1996,B,Ship,4,5,177,2,low,M,47,1536,0,8,Night
1997,C,Ship,5,1,187,2,low,F,17,3513,0,26,Afternoon
1998,F,Ship,6,2,172,2,low,M,41,1006,0,33,Afternoon
1999,D,Ship,4,4,168,3,low,F,35,1434,0,21,Morning
2000,F,Ship,3,4,249,3,low,M,31,3489,0,49,Morning
2001,A,Ship,4,3,135,3,medium,F,11,1322,0,33,Morning
2002,B,Ship,4,3,134,3,medium,M,13,1985,0,26,Afternoon
2003,C,Ship,3,1,269,2,low,F,35,3524,0,48,Morning
2004,F,Ship,6,5,210,5,high,M,37,3236,0,9,Night
2005,D,Ship,5,4,285,6,high,M,63,3151,0,22,Night
2006,F,Ship,4,2,244,2,medium,M,15,2857,0,7,Morning
2007,A,Ship,3,2,209,2,low,F,24,2748,0,48,Afternoon
2008,B,Ship,4,3,154,3,medium,M,52,1432,0,11,Night
2009,C,Ship,3,2,134,3,medium,F,54,1932,0,12,Morning
2010,F,Ship,3,5,168,4,medium,M,23,1347,0,2,Afternoon
2011,D,Ship,4,5,264,3,medium,M,57,3753,0,1,Morning
2012,F,Ship,4,2,276,6,high,F,36,2843,0,35,Night
2013,A,Ship,3,4,195,3,medium,M,23,3499,0,12,Morning
2014,B,Ship,5,3,174,5,medium,M,47,1909,0,34,Afternoon
2015,C,Ship,3,4,241,3,low,F,50,3074,0,39,Afternoon
2016,F,Ship,5,5,166,3,medium,F,20,1267,0,30,Afternoon
2017,D,Ship,3,2,190,3,low,M,37,3315,0,32,Morning
2018,F,Ship,3,1,231,2,low,F,12,2123,0,8,Night
2019,A,Ship,5,4,206,4,low,F,3,3755,0,8,Night
2020,B,Ship,4,4,212,3,medium,M,50,2073,0,12,Afternoon
2021,C,Ship,3,5,212,3,low,F,2,2456,0,38,Night
2022,F,Ship,4,5,246,6,low,M,64,2271,0,6,Night
2023,D,Ship,4,4,264,2,medium,F,12,2203,0,19,Night
2024,F,Ship,3,4,208,2,low,F,37,2537,0,43,Night
2025,A,Ship,3,4,210,3,low,F,7,2878,0,16,Afternoon
2026,B,Ship,3,2,183,3,low,F,44,2896,0,44,Morning
2027,C,Ship,4,2,265,3,low,F,41,3498,0,26,Night
2028,F,Ship,3,5,187,3,low,M,20,2374,0,14,Afternoon
2029,D,Road,2,4,183,3,low,F,12,3090,0,4,Night
2030,F,Road,3,3,176,2,low,F,58,1730,0,21,Night
2031,A,Road,4,5,266,3,medium,M,5,3718,0,43,Night
2032,B,Road,3,2,143,4,medium,F,22,1249,0,41,Night
2033,C,Road,3,4,195,2,medium,F,32,3719,0,33,Morning
2034,F,Road,3,2,264,4,high,F,32,2754,0,19,Morning
2035,D,Road,3,5,243,2,medium,M,42,3421,0,28,Afternoon
2036,F,Road,5,2,142,2,low,F,55,1758,0,34,Afternoon
2037,A,Road,4,2,172,2,low,M,23,1019,0,20,Night
2038,B,Road,4,1,280,3,medium,M,2,3366,0,34,Night
2039,C,Road,3,2,254,2,low,M,37,2469,0,40,Morning
2040,F,Road,5,2,202,3,medium,M,34,3885,0,28,Morning
2041,D,Road,5,3,110,5,low,M,21,1011,0,9,Night
2042,F,Road,4,4,162,2,medium,M,30,1158,0,48,Morning
2043,A,Road,3,3,183,3,medium,M,21,2585,0,38,Morning
2044,B,Road,4,2,260,2,low,F,31,2805,0,32,Afternoon
2045,C,Road,3,5,109,5,low,M,27,1581,0,47,Afternoon
2046,F,Road,3,3,273,4,low,M,12,2151,0,16,Morning
2047,D,Road,5,2,262,6,medium,M,10,3164,0,13,Afternoon
2048,F,Road,2,4,239,5,low,F,59,2181,0,39,Night
2049,A,Road,3,2,185,2,high,F,49,3864,0,2,Afternoon
2050,B,Road,4,4,248,3,medium,M,59,2868,0,45,Afternoon
2051,C,Flight,5,4,180,2,low,M,52,1122,0,12,Night
2052,F,Flight,4,5,221,3,low,F,43,3561,0,5,Morning
2053,D,Flight,3,5,162,2,low,M,28,1948,0,37,Afternoon
2054,F,Flight,2,5,162,4,medium,M,49,1671,0,30,Morning
2055,A,Flight,3,1,145,2,low,M,28,1313,0,22,Afternoon
2056,B,Flight,5,3,228,3,medium,F,38,3631,0,10,Afternoon
2057,C,Flight,3,4,196,3,low,M,47,2447,0,27,Morning
2058,F,Flight,3,4,254,2,high,M,56,3266,0,23,Morning
2059,D,Flight,5,2,215,2,medium,M,46,3942,0,4,Morning
2060,F,Flight,5,2,265,3,medium,F,33,2734,0,43,Afternoon
2061,A,Flight,3,2,173,3,high,M,60,1582,0,25,Morning
2062,B,Flight,4,2,233,7,medium,M,64,3146,0,43,Afternoon
2063,C,Flight,4,3,213,2,low,M,27,2034,0,31,Night
2064,F,Flight,4,1,124,2,medium,M,22,1714,0,31,Afternoon
2065,D,Flight,3,4,156,4,medium,F,7,1492,0,32,Afternoon
2066,F,Flight,3,1,265,3,medium,M,11,2194,0,40,Morning
2067,A,Flight,3,1,139,3,high,F,6,1269,0,15,Morning
2068,B,Flight,2,4,225,10,high,M,46,2690,0,43,Afternoon
2069,C,Flight,5,4,178,7,medium,F,36,1179,0,32,Morning
2070,F,Flight,3,4,190,10,medium,F,32,2064,0,40,Afternoon
2071,D,Flight,3,4,272,10,medium,M,63,2455,0,18,Afternoon
2072,F,Flight,3,1,153,2,medium,F,51,1841,0,31,Morning
2073,A,Ship,3,1,235,10,low,M,7,2991,0,15,Afternoon
2074,B,Ship,5,1,214,3,low,M,33,2562,0,30,Night
2075,C,Ship,3,4,175,2,low,F,2,1072,0,33,Night
2076,F,Ship,3,1,176,3,low,F,63,1420,0,44,Morning
2077,D,Ship,3,4,172,10,high,F,23,1875,0,11,Night
2078,F,Ship,5,2,195,6,low,M,35,1852,0,4,Morning
2079,A,Ship,3,5,271,4,low,F,10,1679,0,44,Morning
2080,B,Ship,5,4,228,3,medium,M,42,3145,0,27,Afternoon
2081,C,Ship,3,4,196,3,low,F,52,2129,0,39,Morning
2082,F,Ship,3,1,254,2,high,F,60,3590,0,29,Afternoon
2083,D,Ship,5,4,215,2,medium,M,34,2713,0,49,Morning
2084,F,Ship,5,5,265,3,medium,M,46,3997,0,43,Morning
2085,A,Ship,3,2,173,3,high,M,40,1723,0,3,Night
2086,B,Ship,4,2,233,7,medium,M,56,3925,0,23,Afternoon
2087,C,Ship,4,4,213,2,low,F,27,2938,0,9,Night
2088,F,Ship,4,2,124,2,medium,M,50,1592,0,28,Afternoon
2089,D,Ship,3,5,156,4,medium,F,26,1769,0,20,Night
2090,F,Ship,3,1,265,3,medium,F,61,3010,0,23,Morning
2091,A,Ship,3,2,139,3,high,F,4,1546,0,28,Night
2092,B,Ship,2,4,225,10,high,M,56,3384,0,24,Morning
2093,C,Ship,5,4,178,7,medium,M,52,1824,0,27,Afternoon
2094,F,Ship,3,3,190,10,medium,M,4,3062,0,3,Night
2095,D,Ship,3,5,272,10,medium,M,59,2182,0,10,Afternoon
2096,F,Ship,3,4,153,2,medium,M,37,1740,0,7,Morning
2097,A,Ship,3,1,235,10,low,M,56,2175,0,50,Morning
2098,B,Ship,5,4,214,3,low,M,52,3403,0,49,Night
2099,C,Ship,3,5,175,2,low,F,40,1460,0,19,Night
2100,F,Ship,3,2,176,3,low,F,29,1953,0,19,Afternoon
2101,D,Ship,3,1,172,10,high,F,30,1294,0,48,Morning
2102,F,Ship,5,1,195,6,low,F,29,1039,0,17,Morning
2103,A,Ship,3,5,164,3,low,M,61,1473,0,4,Morning
2104,B,Ship,3,1,231,3,medium,F,33,2755,0,4,Night
2105,C,Ship,5,5,248,3,medium,F,9,3873,0,27,Morning
2106,F,Ship,4,5,237,2,medium,F,60,3427,0,37,Night
2107,D,Ship,3,1,111,4,low,F,8,1620,0,25,Night
2108,F,Ship,5,5,106,5,low,F,46,1275,0,34,Afternoon
2109,A,Ship,4,2,139,3,low,M,29,1365,0,28,Afternoon
2110,B,Ship,4,3,149,2,low,F,58,1657,0,35,Morning
2111,C,Ship,4,5,180,3,low,F,24,1513,0,38,Afternoon
2112,F,Ship,3,2,212,2,medium,F,65,3776,0,47,Morning
2113,D,Ship,4,2,183,3,low,M,5,3716,0,17,Afternoon
2114,F,Ship,6,4,164,5,low,M,20,1555,0,1,Afternoon
2115,A,Ship,4,1,143,3,medium,F,28,1197,0,38,Night
2116,B,Ship,3,3,162,2,medium,M,5,1202,0,26,Morning
2117,C,Ship,4,2,202,4,medium,M,56,3098,0,5,Night
2118,F,Ship,3,2,135,2,medium,F,2,1150,0,13,Night
2119,D,Ship,3,2,232,2,low,F,58,2054,0,28,Afternoon
2120,F,Ship,3,3,218,3,low,M,19,3770,0,34,Afternoon
2121,A,Ship,5,4,177,2,low,M,14,1735,0,49,Morning
2122,B,Ship,4,4,168,2,medium,M,63,1474,0,45,Morning
2123,C,Ship,3,4,181,2,medium,F,45,3448,0,31,Morning
2124,F,Ship,3,2,238,2,low,F,29,3728,0,48,Night
2125,D,Ship,3,2,250,5,low,F,36,2717,0,30,Night
2126,F,Ship,3,1,152,2,low,F,25,1848,0,9,Night
2127,A,Ship,4,5,242,4,low,F,35,3215,0,19,Afternoon
2128,B,Ship,3,1,236,2,high,M,2,3949,0,2,Afternoon
2129,C,Ship,4,1,238,4,low,F,22,3950,0,33,Morning
2130,F,Ship,4,4,165,5,low,M,21,1727,0,23,Night
2131,D,Ship,4,2,271,3,medium,M,50,3448,0,11,Morning
2132,F,Ship,3,3,109,2,medium,M,18,1661,0,9,Night
2133,A,Ship,4,1,235,3,high,F,22,3695,0,29,Night
2134,B,Ship,3,3,186,3,medium,M,49,2356,0,37,Night
2135,C,Ship,4,1,202,2,low,M,40,2327,0,30,Afternoon
2136,F,Ship,3,3,188,4,medium,M,3,3075,0,49,Morning
2137,D,Ship,5,3,224,2,medium,M,52,3824,0,47,Morning
2138,F,Ship,5,3,239,4,low,M,3,3734,0,14,Night
2139,A,Ship,2,3,140,2,medium,M,20,1832,0,37,Morning
2140,B,Ship,6,3,272,3,low,F,39,2518,0,25,Morning
2141,C,Ship,3,3,160,3,medium,F,65,1228,0,30,Afternoon
2142,F,Ship,3,3,261,3,medium,M,14,3479,0,26,Afternoon
2143,D,Ship,3,5,199,3,medium,F,62,3259,0,45,Morning
2144,F,Ship,3,1,154,2,medium,F,56,1300,0,35,Afternoon
2145,A,Ship,3,5,237,3,low,M,55,2451,0,39,Morning
2146,B,Ship,4,4,181,3,low,M,44,2070,0,15,Morning
2147,C,Ship,3,3,133,6,low,F,10,1686,0,28,Afternoon
2148,F,Ship,3,4,150,3,medium,M,47,1511,0,14,Morning
2149,D,Ship,6,5,152,3,medium,F,62,1325,0,18,Night
2150,F,Ship,6,1,142,5,low,F,30,1464,0,38,Night
2151,A,Ship,4,3,214,2,low,M,57,2078,0,8,Afternoon
2152,B,Ship,5,1,155,2,medium,F,40,1024,0,29,Afternoon
2153,C,Ship,4,2,191,2,low,M,11,3985,0,14,Morning
2154,F,Ship,4,5,133,2,medium,M,39,1106,0,8,Night
2155,D,Ship,3,3,211,4,high,F,22,2942,0,5,Night
2156,F,Ship,4,3,212,4,low,M,28,2422,0,49,Afternoon
2157,A,Ship,3,1,150,2,low,M,9,1158,0,17,Morning
2158,B,Ship,3,5,208,3,low,F,41,3977,0,15,Morning
2159,C,Ship,4,2,157,2,medium,M,15,1724,0,40,Morning
2160,F,Ship,4,4,228,3,low,M,60,2715,0,11,Afternoon
2161,D,Ship,3,4,254,2,medium,F,44,3786,0,8,Night
2162,F,Ship,4,2,270,2,low,M,65,3599,0,6,Night
2163,A,Ship,6,2,195,3,medium,M,30,3462,0,8,Morning
2164,B,Ship,4,5,193,4,low,M,33,2173,0,29,Night
2165,C,Ship,5,4,165,3,medium,F,48,1240,0,28,Morning
2166,F,Road,3,1,177,2,low,M,38,1099,0,35,Night
2167,D,Road,3,4,244,3,low,F,46,2844,0,20,Morning
2168,F,Road,3,2,151,2,low,M,26,1793,0,50,Night
2169,A,Road,3,1,164,2,low,M,2,1104,0,11,Morning
2170,B,Road,5,1,165,3,low,F,37,1228,0,20,Afternoon
2171,C,Road,3,4,256,2,medium,M,55,2247,0,50,Afternoon
2172,F,Road,4,4,150,4,low,M,5,1263,0,50,Morning
2173,D,Road,2,3,255,3,low,M,27,3484,0,37,Afternoon
2174,F,Road,4,3,268,3,medium,F,23,2996,0,47,Afternoon
2175,A,Road,3,5,166,3,low,F,1,1366,0,24,Morning
2176,B,Road,3,5,230,3,low,F,49,3477,0,37,Afternoon
2177,C,Road,4,3,163,3,low,F,45,1395,0,25,Morning
2178,F,Road,4,4,139,3,high,F,64,1415,0,27,Afternoon
2179,D,Road,3,5,161,3,medium,F,10,1978,0,39,Morning
2180,F,Road,6,2,181,4,high,F,6,3003,0,30,Morning
2181,A,Road,4,1,242,3,high,M,47,3489,0,38,Afternoon
2182,B,Road,3,3,151,3,low,F,24,1139,0,41,Morning
2183,C,Road,3,4,167,3,medium,M,50,1068,0,6,Morning
2184,F,Road,3,2,257,3,low,F,25,2334,0,4,Afternoon
2185,D,Road,3,2,204,2,medium,F,35,2090,0,10,Afternoon
2186,F,Road,5,3,219,3,low,M,1,2027,0,11,Afternoon
2187,A,Road,3,4,202,3,medium,M,28,3707,0,25,Afternoon
2188,B,Flight,4,5,155,2,medium,M,41,1367,0,14,Afternoon
2189,C,Flight,3,3,183,3,high,F,6,3364,0,11,Morning
2190,F,Flight,5,1,184,3,low,F,19,2625,0,15,Night
2191,D,Flight,4,5,230,2,low,F,38,2890,0,25,Afternoon
2192,F,Flight,4,2,139,4,low,F,41,1511,0,40,Night
2193,A,Flight,4,4,252,3,medium,F,7,2477,0,23,Afternoon
2194,B,Flight,3,2,272,3,medium,F,40,3766,0,41,Night
2195,C,Flight,3,2,134,3,low,F,20,1391,0,35,Afternoon
2196,F,Flight,3,5,169,3,medium,M,13,1934,0,29,Morning
2197,D,Flight,4,2,214,2,low,M,49,3416,0,14,Morning
2198,F,Flight,3,3,163,3,medium,F,65,1614,0,21,Morning
2199,A,Flight,4,2,150,3,low,F,48,1193,0,29,Afternoon
2200,B,Flight,5,5,216,2,high,M,33,3202,0,17,Night
2201,C,Flight,5,2,116,5,high,F,56,1130,0,3,Morning
2202,F,Flight,3,4,144,2,low,F,33,1811,0,5,Morning
2203,D,Flight,5,3,266,3,low,F,19,2508,0,27,Morning
2204,F,Flight,3,3,154,4,medium,F,62,1616,0,28,Afternoon
2205,A,Flight,4,3,255,5,low,M,18,3644,0,17,Afternoon
2206,B,Flight,6,2,229,3,medium,M,13,2322,0,15,Morning
2207,C,Flight,2,1,111,3,medium,M,16,1882,0,25,Morning
2208,F,Flight,3,3,160,2,medium,F,32,1718,0,9,Night
2209,D,Flight,3,1,184,2,low,F,31,3191,0,43,Night
2210,F,Ship,4,4,218,4,low,M,45,3234,0,6,Morning
2211,A,Ship,5,1,137,2,low,M,52,1012,0,39,Night
2212,B,Ship,4,2,204,3,medium,M,14,3829,0,38,Morning
2213,C,Ship,6,1,105,5,low,F,57,1784,0,17,Morning
2214,F,Ship,3,1,256,2,medium,F,63,3046,0,25,Morning
2215,D,Ship,4,2,182,2,medium,F,54,3261,0,4,Night
2216,F,Ship,3,4,260,4,high,M,17,2666,0,34,Morning
2217,A,Ship,4,2,166,3,low,M,62,1944,0,18,Afternoon
2218,B,Ship,5,2,160,4,medium,M,43,1479,0,41,Morning
2219,C,Ship,4,2,243,3,medium,F,13,2850,0,42,Night
2220,F,Ship,6,5,240,4,medium,M,62,2400,0,40,Morning
2221,D,Ship,6,1,229,6,low,M,35,3239,0,28,Afternoon
2222,F,Ship,3,1,164,2,low,M,2,1304,0,12,Night
2223,A,Ship,3,4,234,3,medium,F,37,2111,0,4,Night
2224,B,Ship,4,1,97,2,high,M,15,1836,0,15,Afternoon
2225,C,Ship,4,3,258,3,low,F,12,2017,0,35,Morning
2226,F,Ship,3,1,147,2,medium,M,52,1934,0,39,Morning
2227,D,Ship,4,3,180,4,low,M,14,1686,0,35,Night
2228,F,Ship,5,1,212,3,low,F,11,2073,0,40,Afternoon
2229,A,Ship,3,4,198,2,medium,M,19,2373,0,10,Afternoon
2230,B,Ship,3,1,239,3,low,F,63,2154,0,44,Night
2231,C,Ship,4,3,158,2,low,M,46,1374,0,11,Morning
2232,F,Ship,4,3,218,3,high,F,57,3311,0,24,Night
2233,D,Ship,4,4,156,3,low,M,20,1523,0,31,Night
2234,F,Ship,3,4,235,3,low,M,52,3447,0,16,Afternoon
2235,A,Ship,4,5,168,3,low,F,4,1363,0,38,Night
2236,B,Ship,3,1,178,3,high,F,36,1297,0,14,Night
2237,C,Ship,4,2,275,3,medium,M,26,2449,0,13,Night
2238,F,Ship,3,4,139,2,low,M,45,1192,0,32,Morning
2239,D,Ship,2,5,236,3,medium,F,13,2171,0,27,Morning
2240,F,Ship,3,4,155,2,low,F,37,1780,0,15,Night
2241,A,Ship,3,3,168,3,medium,M,11,1008,0,34,Morning
2242,B,Ship,4,1,151,2,low,M,42,1367,0,29,Afternoon
2243,C,Ship,3,4,113,4,low,F,56,1154,0,30,Afternoon
2244,F,Ship,4,3,133,3,medium,F,50,1861,0,13,Afternoon
2245,D,Ship,5,4,163,4,medium,M,57,1613,0,26,Night
2246,F,Ship,5,3,206,2,medium,F,59,3278,0,16,Night
2247,A,Ship,3,2,177,2,medium,F,23,1929,0,25,Afternoon
2248,B,Ship,3,2,206,2,low,M,3,2261,0,26,Afternoon
2249,C,Ship,5,1,189,3,medium,M,13,3492,0,45,Afternoon
2250,F,Ship,3,4,270,2,low,M,39,3690,0,39,Night
2251,D,Ship,4,1,238,3,low,F,33,2013,0,30,Morning
2252,F,Ship,5,1,143,2,low,M,46,1387,0,43,Afternoon
2253,A,Ship,4,1,173,2,medium,M,53,1251,0,44,Afternoon
2254,B,Ship,3,5,134,3,medium,M,38,1169,0,17,Afternoon
2255,C,Ship,4,4,176,3,high,M,34,1283,0,30,Morning
2256,F,Ship,4,3,160,2,medium,F,38,1961,0,29,Morning
2257,D,Ship,3,4,230,3,high,F,22,3546,0,20,Afternoon
2258,F,Ship,4,5,178,3,low,F,5,1012,0,15,Night
2259,A,Ship,3,2,256,4,low,F,18,2699,0,49,Night
2260,B,Ship,3,4,256,4,low,M,11,3030,0,13,Morning
2261,C,Ship,3,2,208,4,medium,M,52,2900,0,11,Morning
2262,F,Ship,4,3,119,3,low,F,40,1233,0,14,Night
2263,D,Ship,3,3,114,6,low,F,26,1825,0,7,Afternoon
2264,F,Ship,3,5,225,3,low,F,1,2864,0,41,Night
2265,A,Ship,4,5,155,4,high,F,48,1972,0,23,Afternoon
2266,B,Ship,4,4,223,3,medium,F,51,3895,0,35,Afternoon
2267,C,Ship,5,3,194,3,medium,F,6,2736,0,48,Night
2268,F,Ship,5,4,281,4,medium,F,40,3381,0,11,Afternoon
2269,D,Ship,4,1,132,4,medium,F,10,1343,0,13,Afternoon
2270,F,Ship,4,1,229,3,medium,F,53,3423,0,3,Morning
2271,A,Ship,4,2,251,3,low,F,10,3517,0,33,Night
2272,B,Ship,4,1,113,3,low,F,60,1200,0,16,Night
2273,C,Ship,5,5,234,6,low,F,52,2615,0,6,Morning
2274,F,Ship,3,3,181,2,medium,M,58,3719,0,46,Night
2275,D,Ship,5,2,157,2,low,M,32,1497,0,39,Night
2276,F,Ship,3,1,155,3,low,M,49,1203,0,48,Afternoon
2277,A,Ship,3,4,209,2,low,M,62,2935,0,30,Afternoon
2278,B,Ship,4,3,264,3,low,F,39,2213,0,23,Night
2279,C,Ship,3,1,268,3,low,F,47,2479,0,8,Morning
2280,F,Ship,6,1,224,3,medium,M,64,2705,0,22,Night
2281,D,Ship,4,4,223,10,low,M,24,3271,0,25,Afternoon
2282,F,Ship,3,2,191,3,high,F,42,2374,0,28,Night
2283,A,Ship,4,1,184,3,high,F,47,3081,0,43,Night
2284,B,Ship,6,5,174,3,medium,F,32,1921,0,25,Morning
2285,C,Ship,6,3,134,8,high,F,12,1371,0,3,Morning
2286,F,Ship,4,1,135,2,high,F,25,1009,0,6,Afternoon
2287,D,Ship,5,4,234,2,high,F,61,3084,0,21,Morning
2288,F,Ship,3,1,215,6,high,M,5,3432,0,21,Morning
2289,A,Ship,5,4,187,2,medium,F,10,3549,0,16,Morning
2290,B,Ship,3,1,238,2,medium,F,50,3438,0,48,Afternoon
2291,C,Ship,4,2,273,4,low,F,26,3223,0,28,Afternoon
2292,F,Ship,5,4,192,3,medium,M,46,3709,0,29,Night
2293,D,Ship,3,5,268,4,high,M,5,3446,0,37,Morning
2294,F,Ship,3,5,225,3,low,F,12,2721,0,36,Afternoon
2295,A,Ship,4,5,155,4,high,F,54,1408,0,16,Afternoon
2296,B,Ship,4,2,223,3,medium,F,56,3158,0,9,Afternoon
2297,C,Ship,5,1,194,3,medium,F,32,3003,0,50,Night
2298,F,Ship,5,4,281,4,medium,M,56,3709,0,7,Night
2299,D,Ship,4,5,132,4,medium,F,28,1715,0,11,Morning
2300,F,Ship,4,1,229,3,medium,F,20,2891,0,39,Afternoon
2301,A,Ship,4,1,251,3,low,F,33,2502,0,16,Afternoon
2302,B,Ship,4,5,113,3,low,F,52,1741,0,33,Afternoon
2303,C,Road,5,2,234,6,low,F,58,2448,0,5,Night
2304,F,Road,3,3,181,2,medium,F,52,3236,0,11,Afternoon
2305,D,Road,5,2,157,2,low,M,58,1654,0,37,Night
2306,F,Road,3,3,155,3,low,M,20,1830,0,16,Morning
2307,A,Road,3,5,209,2,low,M,33,2603,0,34,Morning
2308,B,Road,4,1,264,3,low,M,13,3015,0,38,Morning
2309,C,Road,3,2,268,3,low,M,30,2867,0,8,Night
2310,F,Road,6,2,224,3,medium,F,26,3247,0,38,Afternoon
2311,D,Road,4,3,223,10,low,F,21,2943,0,47,Morning
2312,F,Road,3,5,191,3,high,F,17,2235,0,9,Afternoon
2313,A,Road,4,4,184,3,high,F,27,3967,0,27,Afternoon
2314,B,Road,6,4,174,3,medium,F,14,1651,0,31,Afternoon
2315,C,Road,6,2,134,8,high,M,42,1054,0,24,Morning
2316,F,Road,4,5,135,2,high,F,22,1195,0,47,Afternoon
2317,D,Road,5,5,234,2,high,M,50,3914,0,50,Morning
2318,F,Road,3,1,215,6,high,M,42,3715,0,41,Morning
2319,A,Road,5,2,187,2,medium,F,29,2863,0,18,Afternoon
2320,B,Road,3,2,238,2,medium,F,32,3274,0,26,Morning
2321,C,Road,4,1,273,4,low,F,54,2611,0,18,Night
2322,F,Road,5,5,192,3,medium,F,37,2197,0,10,Afternoon
2323,D,Road,3,5,268,4,high,M,19,2893,0,26,Afternoon
2324,F,Road,3,4,164,3,low,M,5,1408,0,26,Morning
2325,A,Flight,2,2,255,3,low,M,59,1514,0,11,Morning
2326,B,Flight,4,4,141,2,low,F,30,1130,0,46,Night
2327,C,Flight,2,5,202,3,low,M,50,2587,0,42,Morning
2328,F,Flight,4,4,282,6,medium,F,52,3009,0,26,Afternoon
2329,D,Flight,6,4,190,3,low,M,7,3175,0,34,Morning
2330,F,Flight,4,2,192,4,low,F,61,2256,0,14,Afternoon
2331,A,Flight,3,4,179,2,low,M,51,1041,0,14,Night
2332,B,Flight,4,3,238,2,medium,M,43,2200,0,20,Afternoon
2333,C,Flight,3,2,181,4,low,F,18,3696,0,15,Morning
2334,F,Flight,5,2,128,5,medium,F,45,1707,0,36,Afternoon
2335,D,Flight,5,1,285,5,low,M,51,2063,0,17,Night
2336,F,Flight,5,5,273,3,medium,F,18,2415,0,28,Afternoon
2337,A,Flight,2,2,242,6,low,F,63,3144,0,7,Morning
2338,B,Flight,3,4,226,3,medium,F,22,3593,0,7,Night
2339,C,Flight,2,5,255,4,low,F,36,2093,0,21,Night
2340,F,Flight,5,1,198,2,medium,F,37,3025,0,38,Night
2341,D,Flight,5,4,263,3,medium,M,59,3978,0,13,Morning
2342,F,Flight,3,5,186,2,low,F,39,2197,0,17,Morning
2343,A,Flight,5,2,260,3,low,F,22,2935,0,5,Night
2344,B,Flight,4,2,167,2,low,F,5,1169,0,30,Afternoon
2345,C,Flight,4,3,210,3,low,F,46,2344,0,11,Night
2346,F,Flight,4,5,216,3,low,F,20,3549,0,15,Morning
2347,D,Ship,3,2,273,3,low,F,12,2154,0,38,Night
2348,F,Ship,5,1,153,2,low,F,55,1414,0,36,Afternoon
2349,A,Ship,3,2,183,3,medium,F,44,3809,0,30,Afternoon
2350,B,Ship,4,1,224,3,medium,F,36,3499,0,10,Morning
2351,C,Ship,5,1,170,3,high,M,58,1651,0,42,Night
2352,F,Ship,5,1,237,4,low,M,33,2605,0,40,Afternoon
2353,D,Ship,5,5,234,6,medium,F,60,2443,0,35,Afternoon
2354,F,Ship,3,2,264,3,medium,F,43,3439,0,30,Morning
2355,A,Ship,2,2,153,3,low,F,55,1273,0,26,Morning
2356,B,Ship,4,3,228,4,low,M,61,3583,0,7,Night
2357,C,Ship,3,5,264,2,medium,M,33,2021,0,29,Night
2358,F,Ship,4,3,267,3,low,F,42,2332,0,20,Night
2359,D,Ship,3,2,213,2,low,M,22,3248,0,32,Morning
2360,F,Ship,4,1,181,3,medium,M,38,3258,0,1,Afternoon
2361,A,Ship,6,4,209,5,low,F,53,3169,0,40,Night
2362,B,Ship,3,2,165,3,low,F,19,1111,0,19,Afternoon
2363,C,Ship,3,4,164,3,high,F,55,1293,0,47,Afternoon
2364,F,Ship,5,5,141,2,medium,M,14,1114,0,21,Night
2365,D,Ship,3,2,164,4,medium,M,2,1701,0,49,Night
2366,F,Ship,3,3,178,2,medium,M,4,1778,0,11,Morning
2367,A,Ship,5,4,200,3,medium,M,24,2078,0,41,Afternoon
2368,B,Ship,4,5,185,2,low,F,47,3974,0,21,Morning
2369,C,Ship,2,1,180,2,medium,F,31,1078,0,11,Afternoon
2370,F,Ship,4,5,144,3,low,M,9,1526,0,48,Night
2371,D,Ship,4,4,161,4,low,F,14,1194,0,41,Night
2372,F,Ship,4,5,152,3,medium,M,25,1222,0,15,Afternoon
2373,A,Ship,2,3,129,3,low,M,50,1111,0,41,Afternoon
2374,B,Ship,5,2,140,3,medium,F,16,1969,0,8,Morning
2375,C,Ship,4,1,270,4,medium,F,64,3312,0,7,Afternoon
2376,F,Ship,3,2,183,3,medium,F,25,2023,0,48,Afternoon
2377,D,Ship,4,1,264,3,low,F,39,3719,0,46,Afternoon
2378,F,Ship,3,2,167,4,medium,M,49,1973,0,18,Afternoon
2379,A,Ship,5,1,219,3,low,M,14,2447,0,10,Afternoon
2380,B,Ship,4,2,225,3,low,M,52,3189,0,24,Afternoon
2381,C,Ship,4,1,228,3,low,F,53,2021,0,34,Morning
2382,F,Ship,3,5,119,3,medium,M,7,1021,0,31,Afternoon
2383,D,Ship,3,5,244,3,low,F,8,3154,0,46,Morning
2384,F,Ship,4,3,163,5,low,M,29,1349,0,9,Morning
2385,A,Ship,4,5,260,3,medium,M,59,3951,0,3,Afternoon
2386,B,Ship,4,3,135,2,medium,F,53,1073,0,12,Afternoon
2387,C,Ship,5,2,167,3,medium,F,7,1939,0,46,Night
2388,F,Ship,4,4,233,3,medium,F,14,2522,0,47,Night
2389,D,Ship,4,5,147,2,medium,F,19,1940,0,19,Morning
2390,F,Ship,2,4,159,2,low,F,17,1686,0,28,Morning
2391,A,Ship,4,2,139,3,medium,M,5,1674,0,28,Night
2392,B,Ship,3,1,200,2,low,F,44,2651,0,43,Night
2393,C,Ship,4,1,221,3,low,F,3,2546,0,47,Night
2394,F,Ship,4,3,158,3,low,M,18,1036,0,1,Night
2395,D,Ship,4,5,227,3,low,M,65,3984,0,49,Morning
2396,F,Ship,3,3,179,3,medium,F,12,1125,0,12,Night
2397,A,Ship,3,2,232,3,low,F,64,3131,0,6,Afternoon
2398,B,Ship,3,3,139,2,low,M,9,1177,0,50,Night
2399,C,Ship,6,3,195,2,medium,M,21,3869,0,21,Night
2400,F,Ship,6,2,276,6,medium,M,7,2437,0,13,Morning
2401,D,Ship,2,5,171,3,medium,F,13,1101,0,12,Afternoon
2402,F,Ship,5,4,259,3,medium,F,43,2685,0,45,Afternoon
2403,A,Ship,3,2,123,4,medium,F,7,1596,0,33,Night
2404,B,Ship,3,2,199,4,low,F,47,2208,0,16,Afternoon
2405,C,Ship,4,3,226,2,low,F,32,2912,0,44,Afternoon
2406,F,Ship,4,2,149,3,medium,F,54,1506,0,20,Night
2407,D,Ship,3,5,115,3,medium,M,60,1122,0,21,Afternoon
2408,F,Ship,3,2,243,2,medium,M,26,2719,0,47,Afternoon
2409,A,Ship,2,4,136,6,medium,M,58,1479,0,12,Morning
2410,B,Ship,3,2,180,2,low,F,6,1811,0,32,Morning
2411,C,Ship,4,1,274,4,medium,M,57,3332,0,8,Afternoon
2412,F,Ship,6,5,233,6,medium,M,48,3341,0,23,Afternoon
2413,D,Ship,3,2,254,2,medium,F,2,3239,0,43,Afternoon
2414,F,Ship,4,5,153,3,high,F,3,1347,0,10,Morning
2415,A,Ship,6,3,175,5,medium,F,64,1860,0,47,Morning
2416,B,Ship,5,2,207,2,low,F,35,2184,0,20,Morning
2417,C,Ship,3,1,153,2,low,F,6,1314,0,11,Morning
2418,F,Ship,3,4,228,2,medium,M,65,3943,0,47,Afternoon
2419,D,Ship,5,2,96,2,low,F,50,1186,0,25,Night
2420,F,Ship,4,4,241,3,high,M,39,3798,0,41,Afternoon
2421,A,Ship,5,2,249,5,high,F,28,2846,0,40,Night
2422,B,Ship,3,3,188,5,low,M,25,3992,0,35,Afternoon
2423,C,Ship,3,2,154,2,high,F,4,1009,0,15,Night
2424,F,Ship,4,4,226,2,high,M,53,3154,0,45,Afternoon
2425,D,Ship,5,3,250,2,low,F,14,2064,0,44,Morning
2426,F,Ship,3,1,150,2,medium,F,46,1431,0,37,Night
2427,A,Ship,3,5,267,2,low,F,16,2913,0,49,Morning
2428,B,Ship,4,3,223,3,low,M,35,2715,0,29,Morning
2429,C,Ship,4,5,192,3,medium,F,41,3873,0,12,Morning
2430,F,Ship,3,2,143,3,low,F,58,1785,0,40,Night
2431,D,Ship,3,5,113,2,low,F,19,1660,0,14,Morning
2432,F,Ship,4,1,135,3,medium,M,39,1549,0,21,Morning
2433,A,Ship,4,4,189,4,high,F,56,2646,0,1,Morning
2434,B,Ship,3,2,245,3,medium,M,13,3775,0,50,Night
2435,C,Ship,3,5,181,2,low,M,29,2217,0,23,Night
2436,F,Ship,3,2,207,2,medium,F,37,2460,0,28,Night
2437,D,Ship,3,1,169,2,medium,F,19,1183,0,39,Morning
2438,F,Ship,4,5,206,3,low,F,65,2598,0,43,Morning
2439,A,Ship,2,5,117,3,low,M,44,1192,0,39,Afternoon
2440,B,Road,2,1,115,3,high,M,42,1247,0,15,Afternoon
2441,C,Road,3,3,149,3,low,F,63,1196,0,14,Morning
2442,F,Road,4,5,133,3,medium,M,3,1403,0,26,Night
2443,D,Road,4,3,271,2,medium,M,22,2595,0,17,Afternoon
2444,F,Road,2,5,116,3,low,F,3,1688,0,18,Night
2445,A,Road,3,5,139,2,medium,M,64,1857,0,3,Morning
2446,B,Road,4,3,216,3,medium,M,35,2567,0,8,Morning
2447,C,Road,3,5,165,2,high,F,37,1234,0,13,Night
2448,F,Road,6,5,286,4,low,F,31,3774,0,22,Afternoon
2449,D,Road,5,3,136,3,medium,F,13,1446,0,41,Afternoon
2450,F,Road,4,5,225,4,low,M,48,2767,0,13,Afternoon
2451,A,Road,4,2,163,3,low,F,27,1639,0,25,Morning
2452,B,Road,4,3,272,4,low,M,61,2857,0,46,Afternoon
2453,C,Road,4,3,135,2,high,M,24,1292,0,50,Night
2454,F,Road,4,5,184,3,low,F,64,3812,0,50,Afternoon
2455,D,Road,4,5,219,2,medium,F,28,2164,0,7,Afternoon
2456,F,Road,3,3,249,2,medium,M,53,2323,0,15,Morning
2457,A,Road,2,3,142,3,low,F,46,1694,0,6,Night
2458,B,Road,5,2,137,3,medium,M,47,1023,0,43,Afternoon
2459,C,Road,2,5,168,3,low,M,37,1717,0,24,Afternoon
2460,F,Road,5,5,165,3,medium,F,32,1798,0,45,Night
2461,D,Road,3,3,199,2,low,M,4,3553,0,26,Night
2462,F,Flight,3,3,246,3,low,M,27,3648,0,45,Afternoon
2463,A,Flight,5,2,224,4,medium,M,43,2336,0,31,Afternoon
2464,B,Flight,5,5,216,6,low,M,54,2075,0,18,Afternoon
2465,C,Flight,5,3,167,2,low,M,3,1140,0,44,Morning
2466,F,Flight,4,2,182,3,medium,M,14,3413,0,22,Afternoon
2467,D,Flight,6,1,126,3,medium,F,37,1697,0,11,Night
2468,F,Flight,5,1,170,3,medium,F,48,1299,0,10,Afternoon
2469,A,Flight,4,2,148,3,medium,M,2,1805,0,45,Night
2470,B,Flight,4,2,141,3,medium,M,61,1875,0,19,Night
2471,C,Flight,5,5,169,2,medium,F,14,1497,0,41,Night
2472,F,Flight,5,2,143,3,medium,M,12,1802,0,2,Morning
2473,D,Flight,4,5,156,3,low,F,60,1553,0,37,Night
2474,F,Flight,5,1,241,4,medium,F,19,2193,0,3,Night
2475,A,Flight,3,4,212,3,medium,F,13,2307,0,7,Morning
2476,B,Flight,5,3,265,3,medium,M,30,2293,0,27,Afternoon
2477,C,Flight,3,4,243,3,low,F,60,2980,0,13,Morning
2478,F,Flight,5,2,209,4,medium,M,15,3330,0,44,Morning
2479,D,Flight,4,5,229,3,medium,M,21,2688,0,31,Night
2480,F,Flight,3,1,257,2,low,F,45,3496,0,28,Afternoon
2481,A,Flight,5,5,209,3,low,M,49,3893,0,25,Afternoon
2482,B,Flight,3,3,142,3,medium,M,23,1897,0,6,Night
2483,C,Flight,3,5,208,4,medium,M,12,3181,0,33,Afternoon
2484,F,Ship,6,3,167,6,low,F,15,1278,0,5,Afternoon
2485,D,Ship,3,5,266,3,medium,M,16,2334,0,35,Afternoon
2486,F,Ship,5,3,210,2,medium,M,44,3382,0,30,Morning
2487,A,Ship,2,2,147,2,medium,F,49,1447,0,20,Morning
2488,B,Ship,5,2,132,2,medium,M,8,1665,0,42,Morning
2489,C,Ship,3,4,269,3,medium,F,21,3716,0,24,Afternoon
2490,F,Ship,5,3,148,3,medium,F,48,1099,0,1,Afternoon
2491,D,Ship,4,5,268,2,high,M,32,3675,0,34,Night
2492,F,Ship,3,5,156,2,low,F,43,1301,0,8,Morning
2493,A,Ship,5,1,222,4,low,M,63,3506,0,33,Morning
2494,B,Ship,4,5,151,3,high,F,31,1365,0,14,Afternoon
2495,C,Ship,3,3,236,3,low,F,28,3652,0,47,Afternoon
2496,F,Ship,3,5,229,3,medium,F,12,3049,0,49,Morning
2497,D,Ship,4,3,261,3,low,M,42,2664,0,16,Night
2498,F,Ship,2,1,229,4,low,M,6,3757,0,23,Morning
2499,A,Ship,4,5,205,3,low,F,60,2317,0,23,Night
2500,B,Ship,3,4,240,2,low,M,8,3883,0,18,Morning
2501,C,Ship,4,3,209,6,low,F,59,2622,0,41,Morning
2502,F,Ship,2,1,252,2,low,M,35,2526,0,38,Morning
2503,D,Ship,3,4,140,2,medium,M,48,1102,0,44,Morning
2504,F,Ship,5,4,156,2,low,F,57,1842,0,19,Night
2505,A,Ship,2,2,190,8,medium,M,33,3448,0,4,Afternoon
2506,B,Ship,3,4,138,6,medium,M,5,1853,0,21,Afternoon
2507,C,Ship,5,4,243,3,low,F,35,2899,0,21,Afternoon
2508,F,Ship,3,1,183,2,low,M,58,3027,0,3,Night
2509,D,Ship,3,5,190,10,medium,M,26,3244,0,7,Afternoon
2510,F,Ship,5,1,235,2,low,M,27,2451,0,23,Night
2511,A,Ship,3,2,143,6,medium,M,63,1953,0,44,Afternoon
2512,B,Ship,3,1,176,2,medium,F,45,1470,0,28,Afternoon
2513,C,Ship,3,5,178,3,low,F,39,1498,0,3,Morning
2514,F,Ship,3,2,270,2,medium,F,59,3706,0,3,Night
2515,D,Ship,4,4,141,2,low,M,7,1479,0,47,Afternoon
2516,F,Ship,4,3,220,3,medium,M,8,3342,0,23,Morning
2517,A,Ship,5,5,264,3,medium,F,56,3482,0,5,Afternoon
2518,B,Ship,3,5,150,2,low,F,48,1256,0,13,Afternoon
2519,C,Ship,3,4,175,3,medium,M,4,1519,0,46,Morning
2520,F,Ship,2,4,223,3,medium,F,19,3356,0,40,Afternoon
2521,D,Ship,4,4,162,10,high,M,12,1583,0,36,Night
2522,F,Ship,6,4,221,10,medium,M,42,2972,0,12,Morning
2523,A,Ship,5,1,216,3,low,M,40,2668,0,7,Morning
2524,B,Ship,5,5,133,10,medium,M,9,1724,0,27,Morning
2525,C,Ship,4,2,191,3,high,M,3,2353,0,23,Afternoon
2526,F,Ship,4,5,156,3,low,M,39,1483,0,29,Morning
2527,D,Ship,4,1,252,3,medium,F,30,2669,0,45,Night
2528,F,Ship,3,5,198,3,low,M,2,3417,0,41,Night
2529,A,Ship,2,3,139,8,medium,M,21,1033,0,37,Morning
2530,B,Ship,2,1,255,3,low,M,19,1551,0,40,Night
2531,C,Ship,4,1,141,2,low,F,23,1689,0,22,Morning
2532,F,Ship,4,1,151,3,high,F,39,1458,0,41,Morning
2533,D,Ship,3,5,236,3,low,F,54,3976,0,42,Afternoon
2534,F,Ship,3,4,229,3,medium,F,46,3223,0,47,Morning
2535,A,Ship,4,3,261,3,low,F,6,2787,0,8,Morning
2536,B,Ship,2,1,229,4,low,F,11,3614,0,3,Morning
2537,C,Ship,4,4,205,3,low,F,58,2522,0,27,Night
2538,F,Ship,3,4,240,2,low,F,33,3489,0,17,Night
2539,D,Ship,4,4,209,6,low,M,62,3532,0,9,Afternoon
2540,F,Ship,2,5,252,2,low,F,21,2070,0,29,Night
2541,A,Ship,3,3,140,2,medium,F,30,1547,0,23,Morning
2542,B,Ship,5,3,156,2,low,M,1,1147,0,43,Night
2543,C,Ship,2,5,190,8,medium,M,11,2976,0,44,Night
2544,F,Ship,3,3,138,6,medium,M,49,1078,0,26,Night
2545,D,Ship,5,4,243,3,low,F,43,2866,0,20,Night
2546,F,Ship,3,5,183,2,low,F,10,2621,0,49,Night
2547,A,Ship,3,5,190,10,medium,M,32,2931,0,9,Morning
2548,B,Ship,5,2,235,2,low,F,61,3451,0,49,Night
2549,C,Ship,3,1,143,6,medium,M,2,1323,0,32,Night
2550,F,Ship,3,3,176,2,medium,M,34,1856,0,47,Afternoon
2551,D,Ship,3,1,178,3,low,F,11,1481,0,8,Night
2552,F,Ship,3,5,270,2,medium,F,46,2716,0,13,Night
2553,A,Ship,4,1,141,2,low,M,10,1340,0,35,Afternoon
2554,B,Ship,4,5,220,3,medium,F,63,3109,0,32,Afternoon
2555,C,Ship,5,5,264,3,medium,F,23,2837,0,19,Night
2556,F,Ship,3,5,150,2,low,M,29,1934,0,7,Night
2557,D,Ship,3,3,175,3,medium,F,32,1848,0,35,Afternoon
2558,F,Ship,2,5,223,3,medium,M,35,3437,0,16,Night
2559,A,Ship,4,3,162,10,high,M,25,1764,0,25,Afternoon
2560,B,Ship,6,3,221,10,medium,F,13,2219,0,14,Night
2561,C,Ship,5,5,216,3,low,F,5,3137,0,36,Night
2562,F,Ship,5,2,133,10,medium,M,53,1674,0,1,Afternoon
2563,D,Ship,4,3,191,3,high,F,45,3714,0,46,Afternoon
2564,F,Ship,4,5,156,3,low,F,33,1836,0,34,Night
2565,A,Ship,4,2,252,3,medium,F,43,3273,0,45,Morning
2566,B,Ship,3,2,198,3,low,M,15,3250,0,46,Morning
2567,C,Ship,2,4,139,8,medium,F,62,1180,0,28,Morning
2568,F,Ship,2,4,255,3,low,F,55,1663,0,6,Night
2569,D,Ship,4,2,141,2,low,F,8,1495,0,26,Night
2570,F,Ship,5,2,263,2,medium,F,63,1254,0,36,Morning
2571,A,Ship,3,3,179,3,medium,F,41,1892,0,10,Night
2572,B,Ship,4,5,212,4,low,M,21,1014,0,34,Morning
2573,C,Ship,2,1,282,5,low,F,51,1362,0,3,Morning
2574,F,Ship,3,5,165,3,medium,M,33,1500,0,37,Afternoon
2575,D,Ship,4,1,189,2,medium,F,63,3474,0,18,Morning
2576,F,Ship,5,5,157,4,medium,M,60,1407,0,44,Night
2577,A,Road,3,4,167,3,low,M,14,1420,0,10,Morning
2578,B,Road,3,1,175,2,low,M,42,1668,0,29,Afternoon
2579,C,Road,3,4,150,2,medium,M,64,1777,0,7,Night
2580,F,Road,4,2,128,5,low,F,28,1247,0,34,Morning
2581,D,Road,5,2,236,2,low,M,24,3679,0,34,Morning
2582,F,Road,4,3,162,2,medium,F,58,1708,0,36,Morning
2583,A,Road,5,4,230,2,medium,F,48,3743,0,17,Morning
2584,B,Road,5,3,225,4,low,F,60,2130,0,1,Afternoon
2585,C,Road,2,2,285,2,medium,F,16,2223,0,7,Night
2586,F,Road,4,5,246,2,medium,M,31,2415,0,11,Afternoon
2587,D,Road,4,4,196,2,low,F,6,2718,0,6,Morning
2588,F,Road,5,4,211,6,low,M,33,3955,0,37,Morning
2589,A,Road,3,1,197,2,low,M,4,3621,0,9,Morning
2590,B,Road,5,3,203,2,low,F,37,3531,0,46,Night
2591,C,Road,4,2,161,3,medium,F,10,1928,0,35,Night
2592,F,Road,5,5,266,4,medium,M,62,2201,0,14,Morning
2593,D,Road,4,1,190,3,low,F,32,2774,0,4,Afternoon
2594,F,Road,3,2,140,3,low,F,42,1465,0,22,Morning
2595,A,Road,4,1,274,4,medium,M,61,3402,0,47,Night
2596,B,Road,4,2,168,3,low,M,59,1717,0,34,Morning
2597,C,Road,3,5,189,3,low,F,61,2203,0,14,Afternoon
2598,F,Road,3,2,231,3,low,F,56,2714,0,11,Night
2599,D,Flight,5,1,189,3,medium,F,14,3318,0,24,Night
2600,F,Flight,4,1,220,2,medium,M,38,2368,0,10,Morning
2601,A,Flight,5,4,190,2,medium,F,23,3960,0,11,Night
2602,B,Flight,4,2,238,3,low,M,30,3423,0,18,Morning
2603,C,Flight,4,4,220,2,medium,F,33,2897,0,47,Night
2604,F,Flight,4,5,194,2,high,M,44,2651,0,35,Night
2605,D,Flight,3,3,203,3,medium,M,29,3261,0,1,Morning
2606,F,Flight,3,5,258,3,low,M,21,3446,0,9,Afternoon
2607,A,Flight,3,5,151,3,low,M,3,1273,0,34,Afternoon
2608,B,Flight,3,2,218,3,medium,F,52,2149,0,23,Afternoon
2609,C,Flight,5,1,265,3,medium,M,6,2452,0,11,Afternoon
2610,F,Flight,4,1,157,3,medium,M,31,1712,0,29,Afternoon
2611,D,Flight,4,2,214,3,medium,F,20,2009,0,5,Morning
2612,F,Flight,4,4,221,4,medium,M,14,2932,0,17,Afternoon
2613,A,Flight,3,2,149,2,medium,M,37,1699,0,23,Afternoon
2614,B,Flight,4,2,273,5,medium,F,6,2126,0,17,Morning
2615,C,Flight,5,1,253,5,low,M,31,3836,0,23,Afternoon
2616,F,Flight,3,5,102,6,medium,M,3,1341,0,41,Night
2617,D,Flight,4,1,258,2,low,F,56,3186,0,17,Morning
2618,F,Flight,4,2,273,2,low,F,9,3383,0,43,Afternoon
2619,A,Flight,4,2,187,2,low,M,54,2191,0,39,Morning
2620,B,Flight,5,1,151,2,medium,F,30,1377,0,45,Afternoon
2621,C,Ship,2,4,120,2,medium,M,13,1240,0,22,Night
2622,F,Ship,3,1,254,2,low,M,56,3463,0,31,Afternoon
2623,D,Ship,5,3,149,3,medium,F,43,1005,0,7,Morning
2624,F,Ship,4,1,152,3,high,M,26,1464,0,22,Afternoon
2625,A,Ship,5,4,187,3,low,F,53,3172,0,30,Morning
2626,B,Ship,4,4,170,2,low,M,34,1512,0,39,Morning
2627,C,Ship,3,3,156,3,high,F,20,1305,0,24,Afternoon
2628,F,Ship,4,5,228,2,low,M,63,3401,0,4,Morning
2629,D,Ship,3,1,272,2,low,M,51,2719,0,42,Night
2630,F,Ship,3,1,140,2,low,F,6,1435,0,32,Night
2631,A,Ship,3,5,185,2,medium,M,27,3624,0,42,Morning
2632,B,Ship,5,3,167,3,low,F,5,1772,0,12,Afternoon
2633,C,Ship,4,5,244,3,low,F,49,3914,0,31,Morning
2634,F,Ship,3,4,229,6,medium,F,33,2815,0,4,Morning
2635,D,Ship,4,1,273,3,medium,F,25,3717,0,45,Night
2636,F,Ship,4,3,204,3,low,M,30,3774,0,12,Night
2637,A,Ship,4,3,154,3,medium,M,10,1711,0,35,Afternoon
2638,B,Ship,3,1,254,4,low,F,33,2542,0,7,Morning
2639,C,Ship,3,2,151,3,low,M,40,1173,0,44,Night
2640,F,Ship,3,5,242,5,medium,F,61,3688,0,5,Night
2641,D,Ship,4,5,137,2,medium,F,14,1796,0,28,Night
2642,F,Ship,4,4,163,2,low,F,41,1634,0,44,Night
2643,A,Ship,3,3,143,3,medium,F,16,1343,0,17,Night
2644,B,Ship,4,4,196,3,low,F,11,3244,0,42,Morning
2645,C,Ship,4,3,264,2,low,F,38,3877,0,6,Afternoon
2646,F,Ship,4,1,217,3,medium,M,2,2692,0,34,Night
2647,D,Ship,3,3,124,3,medium,M,59,1959,0,1,Night
2648,F,Ship,3,1,269,3,low,M,61,3542,0,48,Afternoon
2649,A,Ship,3,1,135,4,medium,M,47,1840,0,40,Afternoon
2650,B,Ship,2,1,192,3,high,M,46,3206,0,12,Afternoon
2651,C,Ship,4,1,274,4,medium,F,42,2430,0,2,Night
2652,F,Ship,3,2,162,4,low,M,25,1316,0,20,Night
2653,D,Ship,3,3,158,3,low,F,20,1431,0,28,Morning
2654,F,Ship,5,3,225,3,medium,M,59,2270,0,25,Night
2655,A,Ship,2,5,150,3,low,F,16,1738,0,14,Night
2656,B,Ship,6,3,154,5,medium,F,57,1117,0,13,Afternoon
2657,C,Ship,3,1,181,3,medium,M,34,3306,0,21,Night
2658,F,Ship,3,4,272,3,low,M,44,2548,0,43,Night
2659,D,Ship,3,3,160,4,medium,M,58,1496,0,19,Afternoon
2660,F,Ship,5,5,145,3,medium,F,37,1993,0,27,Morning
2661,A,Ship,4,4,143,5,high,F,5,1027,0,44,Night
2662,B,Ship,4,1,201,4,medium,M,59,2925,0,9,Afternoon
2663,C,Ship,4,3,242,4,low,M,62,3997,0,29,Afternoon
2664,F,Ship,4,4,151,2,low,F,38,1001,0,11,Night
2665,D,Ship,4,4,199,2,medium,M,25,3705,0,37,Night
2666,F,Ship,4,1,178,3,medium,M,9,1006,0,22,Night
2667,A,Ship,3,2,138,3,low,M,49,1923,0,16,Morning
2668,B,Ship,5,3,162,4,medium,M,38,1407,0,27,Night
2669,C,Ship,4,3,154,3,low,M,33,1101,0,13,Afternoon
2670,F,Ship,3,1,206,2,medium,F,56,2069,0,28,Night
2671,D,Ship,5,2,246,2,low,F,4,3617,0,35,Morning
2672,F,Ship,4,3,233,2,medium,F,47,3606,0,11,Afternoon
2673,A,Ship,4,1,251,4,medium,F,33,2906,0,12,Afternoon
2674,B,Ship,3,1,165,3,medium,M,61,1313,0,16,Morning
2675,C,Ship,4,3,183,2,low,F,32,3709,0,8,Night
2676,F,Ship,3,2,109,3,low,F,30,1597,0,12,Night
2677,D,Ship,5,3,209,4,medium,F,7,2675,0,16,Night
2678,F,Ship,5,2,168,3,low,F,50,1486,0,36,Afternoon
2679,A,Ship,5,3,210,2,low,M,19,3920,0,31,Morning
2680,B,Ship,3,1,185,2,low,F,41,3787,0,20,Morning
2681,C,Ship,5,2,243,2,medium,M,58,2758,0,15,Night
2682,F,Ship,3,4,258,3,low,F,55,2777,0,25,Night
2683,D,Ship,4,4,279,5,medium,F,56,2697,0,7,Night
2684,F,Ship,3,1,160,3,low,M,57,1833,0,8,Afternoon
2685,A,Ship,3,1,185,4,low,F,35,3648,0,4,Night
2686,B,Ship,4,3,271,4,low,F,24,3499,0,41,Night
2687,C,Ship,4,2,273,2,low,F,31,2229,0,17,Afternoon
2688,F,Ship,3,4,208,3,medium,F,23,2100,0,25,Night
2689,D,Ship,2,2,137,3,low,F,20,1823,0,12,Afternoon
2690,F,Ship,4,1,198,3,medium,F,56,3135,0,27,Afternoon
2691,A,Ship,5,1,236,4,high,F,64,3231,0,26,Night
2692,B,Ship,5,5,133,2,low,F,18,1134,0,25,Afternoon
2693,C,Ship,4,2,191,3,medium,F,12,3676,0,26,Night
2694,F,Ship,3,1,202,3,low,F,51,3551,0,34,Afternoon
2695,D,Ship,5,1,162,5,low,F,47,1727,0,26,Morning
2696,F,Ship,5,1,224,2,low,F,14,2959,0,15,Morning
2697,A,Ship,4,2,191,2,high,M,65,3082,0,32,Afternoon
2698,B,Ship,3,5,272,2,medium,M,31,2438,0,47,Night
2699,C,Ship,4,3,269,3,low,F,7,2538,0,8,Night
2700,F,Ship,4,2,179,3,high,F,30,1076,0,15,Night
2701,D,Ship,3,5,225,2,low,F,56,2596,0,24,Morning
2702,F,Ship,3,2,132,2,medium,M,6,1185,0,19,Night
2703,A,Ship,5,3,244,3,low,F,52,3118,0,2,Afternoon
2704,B,Ship,3,4,185,2,low,F,62,2849,0,26,Morning
2705,C,Ship,3,3,257,3,low,M,64,3103,0,46,Night
2706,F,Ship,3,3,253,5,low,F,63,3788,0,48,Morning
2707,D,Ship,4,3,174,3,low,F,5,1502,0,14,Morning
2708,F,Ship,2,1,200,3,medium,M,34,2199,0,49,Morning
2709,A,Ship,3,1,150,3,medium,F,8,1745,0,2,Morning
2710,B,Ship,3,2,137,3,medium,F,9,1347,0,19,Night
2711,C,Ship,3,1,181,3,medium,M,29,2981,0,6,Night
2712,F,Ship,5,2,246,2,medium,M,13,2652,0,45,Night
2713,D,Ship,3,3,237,5,low,M,48,2057,0,47,Afternoon
2714,F,Road,3,5,226,3,medium,M,55,2465,0,43,Afternoon
2715,A,Road,4,4,225,3,low,M,51,2892,0,47,Afternoon
2716,B,Road,3,2,268,2,low,M,20,2731,0,17,Night
2717,C,Road,4,3,146,3,low,M,41,1140,0,37,Morning
2718,F,Road,4,5,159,3,low,M,2,1048,0,8,Afternoon
2719,D,Road,3,1,135,3,low,F,38,1829,0,44,Morning
2720,F,Road,3,2,134,2,medium,F,45,1946,0,36,Afternoon
2721,A,Road,4,3,210,3,low,M,3,2742,0,17,Morning
2722,B,Road,4,4,238,3,low,F,13,2042,0,16,Morning
2723,C,Road,4,3,214,4,low,M,34,3446,0,50,Afternoon
2724,F,Road,4,2,204,4,low,F,35,2725,0,46,Afternoon
2725,D,Road,4,1,227,3,low,M,5,3100,0,44,Morning
2726,F,Road,4,3,253,3,high,F,18,2849,0,15,Night
2727,A,Road,2,3,126,4,high,F,3,1364,0,34,Morning
2728,B,Road,4,4,208,2,high,F,20,2759,0,33,Night
2729,C,Road,4,4,179,3,low,M,48,1943,0,40,Morning
2730,F,Road,3,1,132,2,medium,M,62,1909,0,50,Night
2731,D,Road,3,4,144,3,low,M,56,1496,0,41,Night
2732,F,Road,3,3,236,2,medium,F,58,3360,0,43,Morning
2733,A,Road,4,4,235,3,low,F,17,3715,0,25,Morning
2734,B,Road,4,5,254,3,low,M,29,3885,0,40,Night
2735,C,Road,3,2,144,5,medium,M,43,1027,0,15,Afternoon
2736,F,Flight,5,1,272,3,medium,M,27,2415,0,31,Night
2737,D,Flight,3,3,191,4,medium,F,17,3675,0,49,Morning
2738,F,Flight,5,3,177,4,medium,M,60,1159,0,15,Night
2739,A,Flight,5,4,226,3,low,F,46,3149,0,2,Night
2740,B,Flight,3,4,132,2,medium,M,12,1493,0,10,Afternoon
2741,C,Flight,3,1,121,5,low,F,60,1577,0,31,Morning
2742,F,Flight,4,2,171,3,low,F,40,1021,0,23,Night
2743,D,Flight,3,3,178,3,high,M,12,1900,0,35,Afternoon
2744,F,Flight,4,3,132,4,medium,M,10,1767,0,22,Night
2745,A,Flight,6,4,249,5,medium,M,43,3078,0,7,Afternoon
2746,B,Flight,2,4,159,3,medium,M,47,1547,0,3,Night
2747,C,Flight,5,2,171,3,high,M,34,1029,0,7,Morning
2748,F,Flight,3,3,150,3,low,M,6,1775,0,47,Afternoon
2749,D,Flight,4,4,178,3,low,F,1,1165,0,40,Morning
2750,F,Flight,3,3,192,7,high,F,25,2152,0,17,Morning
2751,A,Flight,3,5,214,8,high,M,50,3628,0,4,Afternoon
2752,B,Flight,5,3,225,7,medium,F,45,3162,0,31,Afternoon
2753,C,Flight,5,4,167,7,medium,F,23,1691,0,18,Night
2754,F,Flight,3,5,245,4,medium,M,4,2769,0,12,Morning
2755,D,Flight,4,5,138,7,medium,M,60,1366,0,30,Morning
2756,F,Flight,4,4,173,3,medium,F,64,1847,0,11,Night
2757,A,Flight,3,5,98,3,medium,F,48,1635,0,42,Morning
2758,B,Ship,3,1,231,2,low,M,44,3688,0,31,Afternoon
2759,C,Ship,5,5,149,7,medium,F,50,1346,0,14,Afternoon
2760,F,Ship,3,1,206,3,medium,M,28,2892,0,28,Night
2761,D,Ship,5,3,264,10,medium,F,34,3441,0,10,Morning
2762,F,Ship,3,1,193,2,medium,F,23,2728,0,32,Afternoon
2763,A,Ship,5,1,263,2,medium,F,4,1092,0,26,Night
2764,B,Ship,3,2,191,4,medium,F,16,2277,0,7,Night
2765,C,Ship,5,4,177,4,medium,M,48,1920,0,13,Night
2766,F,Ship,5,5,226,3,low,M,50,2348,0,2,Night
2767,D,Ship,3,1,132,2,medium,F,16,1731,0,30,Afternoon
2768,F,Ship,3,1,121,5,low,M,62,1505,0,35,Night
2769,A,Ship,4,2,171,3,low,M,34,1352,0,41,Night
2770,B,Ship,3,3,178,3,high,M,43,1517,0,48,Night
2771,C,Ship,4,4,132,4,medium,F,44,1692,0,39,Night
2772,F,Ship,6,5,249,5,medium,M,26,3897,0,42,Night
2773,D,Ship,2,3,159,3,medium,F,39,1477,0,18,Afternoon
2774,F,Ship,5,5,171,3,high,M,14,1554,0,26,Afternoon
2775,A,Ship,3,1,150,3,low,F,43,1831,0,42,Morning
2776,B,Ship,4,1,178,3,low,M,19,1906,0,41,Night
2777,C,Ship,3,3,192,7,high,F,36,3634,0,28,Morning
2778,F,Ship,3,4,214,8,high,F,6,2924,0,4,Afternoon
2779,D,Ship,5,3,225,7,medium,F,17,3516,0,44,Morning
2780,F,Ship,5,4,167,7,medium,F,43,1619,0,31,Morning
2781,A,Ship,3,2,245,4,medium,M,60,2178,0,24,Afternoon
2782,B,Ship,4,4,138,7,medium,M,65,1530,0,45,Night
2783,C,Ship,4,4,173,3,medium,F,61,1609,0,26,Morning
2784,F,Ship,3,2,98,3,medium,F,60,1057,0,25,Afternoon
2785,D,Ship,3,1,231,2,low,M,24,3811,0,27,Afternoon
2786,F,Ship,5,3,149,7,medium,F,51,1425,0,40,Afternoon
2787,A,Ship,3,5,206,3,medium,M,21,3746,0,17,Morning
2788,B,Ship,5,4,264,10,medium,F,34,2960,0,19,Night
2789,C,Ship,3,5,193,2,medium,F,12,3730,0,45,Morning
2790,F,Ship,5,2,263,2,medium,F,51,1657,0,15,Night
2791,D,Ship,2,5,282,5,low,M,63,1173,0,11,Morning
2792,F,Ship,5,4,193,3,low,M,55,2758,0,23,Morning
2793,A,Ship,4,4,171,3,medium,F,11,1594,0,46,Afternoon
2794,B,Ship,3,5,212,3,low,F,19,2703,0,43,Morning
2795,C,Ship,2,1,159,2,low,F,44,1213,0,14,Night
2796,F,Ship,3,2,102,4,medium,M,57,1220,0,2,Night
2797,D,Ship,3,2,145,2,medium,F,29,1690,0,26,Night
2798,F,Ship,3,1,225,2,high,F,43,2585,0,2,Night
2799,A,Ship,2,1,174,3,medium,F,12,1358,0,43,Afternoon
2800,B,Ship,4,3,223,4,low,F,25,3148,0,26,Afternoon
2801,C,Ship,3,5,185,2,low,F,36,3501,0,31,Night
2802,F,Ship,4,5,245,3,medium,M,6,2717,0,47,Morning
2803,D,Ship,3,3,99,3,high,M,63,1223,0,42,Morning
2804,F,Ship,3,3,141,4,low,F,35,1417,0,35,Morning
2805,A,Ship,4,2,222,2,medium,F,16,2518,0,48,Morning
2806,B,Ship,3,2,192,3,medium,F,64,3233,0,41,Night
2807,C,Ship,3,1,187,4,medium,M,42,3621,0,29,Night
2808,F,Ship,4,2,216,2,low,F,26,2431,0,11,Night
2809,D,Ship,3,2,146,4,low,M,13,1790,0,37,Morning
2810,F,Ship,3,2,207,2,low,M,20,3419,0,2,Night
2811,A,Ship,4,2,225,2,low,F,6,2010,0,15,Afternoon
2812,B,Ship,3,4,230,2,medium,F,15,2302,0,12,Afternoon
2813,C,Ship,3,2,173,3,medium,F,37,1990,0,1,Morning
2814,F,Ship,4,4,127,4,high,M,54,1239,0,27,Night
2815,D,Ship,3,3,214,2,low,M,28,3869,0,4,Morning
2816,F,Ship,4,1,161,3,low,M,59,1454,0,47,Morning
2817,A,Ship,4,2,262,2,low,F,37,3523,0,41,Night
2818,B,Ship,5,2,157,3,low,M,1,1798,0,34,Morning
2819,C,Ship,3,1,164,3,medium,F,9,1803,0,42,Night
2820,F,Ship,4,4,174,2,low,F,11,1577,0,4,Afternoon
2821,D,Ship,2,2,188,4,medium,M,39,2424,0,22,Night
2822,F,Ship,3,1,141,2,low,F,4,1297,0,25,Night
2823,A,Ship,5,5,134,2,medium,M,64,1785,0,9,Afternoon
2824,B,Ship,2,4,147,2,medium,F,65,1738,0,1,Night
2825,C,Ship,4,1,180,3,medium,M,27,1551,0,40,Morning
2826,F,Ship,3,3,225,2,medium,M,55,2259,0,37,Morning
2827,D,Ship,2,3,172,3,medium,F,11,1522,0,14,Morning
2828,F,Ship,6,2,131,5,medium,F,5,1718,0,42,Night
2829,A,Ship,3,1,270,4,low,M,47,3487,0,48,Morning
2830,B,Ship,3,4,172,3,low,M,56,1103,0,48,Night
2831,C,Ship,4,5,198,3,medium,M,33,2129,0,13,Night
2832,F,Ship,4,2,167,3,low,M,21,1637,0,37,Morning
2833,D,Ship,2,2,168,5,medium,F,1,1885,0,19,Night
2834,F,Ship,4,1,165,4,medium,F,34,1831,0,7,Afternoon
2835,A,Ship,4,5,149,6,medium,M,40,1974,0,36,Morning
2836,B,Ship,3,3,186,3,low,M,24,3262,0,9,Afternoon
2837,C,Ship,4,1,151,2,low,F,47,1682,0,5,Morning
2838,F,Ship,3,5,146,3,medium,F,30,1569,0,50,Morning
2839,D,Ship,4,5,232,2,low,M,54,2526,0,28,Afternoon
2840,F,Ship,4,1,177,2,low,F,22,1698,0,37,Afternoon
2841,A,Ship,4,4,149,2,medium,F,19,1665,0,13,Morning
2842,B,Ship,4,2,180,3,low,M,3,1518,0,2,Afternoon
2843,C,Ship,5,5,172,2,medium,F,40,1446,0,19,Night
2844,F,Ship,5,2,160,3,medium,M,44,1054,0,38,Morning
2845,D,Ship,3,2,206,2,medium,F,28,2822,0,40,Night
2846,F,Ship,4,5,146,3,low,F,9,1685,0,18,Night
2847,A,Ship,2,1,257,2,low,F,24,2130,0,33,Morning
2848,B,Ship,5,5,219,3,medium,M,27,3430,0,42,Night
2849,C,Ship,4,2,274,2,medium,M,55,3416,0,41,Night
2850,F,Ship,2,2,177,5,low,M,36,1249,0,16,Afternoon
2851,D,Road,4,3,209,2,medium,M,57,3741,0,28,Morning
2852,F,Road,4,1,207,2,low,M,2,3242,0,33,Morning
2853,A,Road,4,4,153,3,low,F,27,1613,0,50,Morning
2854,B,Road,4,4,158,3,low,F,61,1507,0,17,Afternoon
2855,C,Road,3,4,261,2,medium,F,52,3340,0,30,Morning
2856,F,Road,4,1,182,6,low,M,41,2047,0,19,Afternoon
2857,D,Road,2,3,128,2,medium,F,53,1530,0,23,Night
2858,F,Road,2,1,178,3,low,M,6,1184,0,8,Morning
2859,A,Road,2,4,198,3,low,M,37,2555,0,34,Afternoon
2860,B,Road,4,3,137,3,medium,M,46,1299,0,18,Afternoon
2861,C,Road,4,1,168,2,low,F,41,1515,0,20,Morning
2862,F,Road,3,3,248,4,low,F,36,3276,0,23,Morning
2863,D,Road,5,2,225,3,medium,F,29,2411,0,2,Afternoon
2864,F,Road,5,4,239,2,low,M,35,2107,0,31,Night
2865,A,Road,5,4,256,3,low,F,43,3658,0,15,Night
2866,B,Road,5,1,109,2,high,M,23,1479,0,18,Night
2867,C,Road,3,3,274,2,medium,F,59,3436,0,21,Afternoon
2868,F,Road,5,4,157,4,low,F,65,1951,0,42,Morning
2869,D,Road,3,2,125,3,medium,F,12,1212,0,27,Afternoon
2870,F,Road,4,5,203,2,low,F,20,2421,0,22,Morning
2871,A,Road,3,3,120,3,low,F,55,1534,0,26,Morning
2872,B,Road,3,5,194,4,medium,F,21,2695,0,6,Night
2873,C,Flight,4,2,257,4,high,M,58,2269,0,41,Afternoon
2874,F,Flight,4,4,233,2,medium,M,39,2291,0,7,Morning
2875,D,Flight,5,2,193,2,low,F,1,2775,0,30,Morning
2876,F,Flight,5,3,202,6,low,F,34,2936,0,13,Night
2877,A,Flight,4,5,270,3,low,M,30,2720,0,24,Night
2878,B,Flight,5,5,240,3,medium,F,12,2723,0,18,Afternoon
2879,C,Flight,3,2,224,3,medium,M,63,2085,0,13,Afternoon
2880,F,Flight,4,1,195,2,medium,M,19,2878,0,14,Morning
2881,D,Flight,3,2,165,3,medium,M,47,1639,0,24,Morning
2882,F,Flight,4,1,164,2,medium,F,3,1124,0,25,Afternoon
2883,A,Flight,3,1,105,3,low,M,58,1304,0,38,Morning
2884,B,Flight,3,1,248,3,low,M,9,2616,0,33,Night
2885,C,Flight,4,3,269,6,medium,M,62,3950,0,41,Afternoon
2886,F,Flight,4,1,253,3,low,M,36,2591,0,14,Morning
2887,D,Flight,3,1,231,4,medium,F,60,3755,0,25,Morning
2888,F,Flight,3,1,164,2,low,F,39,1532,0,21,Morning
2889,A,Flight,3,3,176,3,medium,M,14,1705,0,43,Night
2890,B,Flight,4,3,149,3,medium,M,17,1990,0,14,Afternoon
2891,C,Flight,4,5,187,5,medium,M,16,3781,0,44,Morning
2892,F,Flight,3,2,150,2,low,M,53,1319,0,21,Afternoon
2893,D,Flight,3,2,190,3,medium,M,18,2715,0,17,Morning
2894,F,Flight,4,1,226,3,low,M,42,3077,0,4,Night
2895,A,Ship,3,4,98,2,low,F,32,1539,0,40,Morning
2896,B,Ship,3,5,152,2,medium,F,6,1800,0,47,Afternoon
2897,C,Ship,2,2,173,2,medium,M,34,1575,0,3,Afternoon
2898,F,Ship,4,1,160,2,high,F,65,1861,0,37,Night
2899,D,Ship,4,2,180,3,low,M,22,1261,0,41,Night
2900,F,Ship,3,2,175,2,medium,F,12,1817,0,31,Morning
2901,A,Ship,3,3,274,3,low,M,6,2986,0,13,Afternoon
2902,B,Ship,4,1,216,4,low,M,4,2263,0,33,Night
2903,C,Ship,6,2,283,2,low,F,18,3077,0,36,Morning
2904,F,Ship,6,4,192,3,high,F,19,2944,0,16,Afternoon
2905,D,Ship,3,4,236,4,medium,F,43,2584,0,13,Morning
2906,F,Ship,4,2,232,3,high,M,46,2835,0,37,Night
2907,A,Ship,2,3,204,4,low,F,20,3135,0,44,Night
2908,B,Ship,3,2,138,2,medium,F,46,1436,0,20,Night
2909,C,Ship,3,4,154,2,low,M,29,1016,0,50,Afternoon
2910,F,Ship,4,3,244,2,low,M,17,3125,0,4,Morning
2911,D,Ship,3,2,144,3,medium,F,48,1867,0,49,Morning
2912,F,Ship,3,4,274,3,medium,M,19,3076,0,43,Morning
2913,A,Ship,3,2,182,3,low,F,54,3972,0,21,Night
2914,B,Ship,6,1,250,5,low,F,53,3352,0,38,Afternoon
2915,C,Ship,4,4,207,2,medium,F,14,2945,0,3,Night
2916,F,Ship,3,4,242,3,high,M,54,3011,0,41,Morning
2917,D,Ship,5,1,154,2,low,M,37,1671,0,10,Afternoon
2918,F,Ship,4,4,176,3,medium,M,53,1472,0,8,Night
2919,A,Ship,3,5,252,3,low,M,18,3701,0,42,Afternoon
2920,B,Ship,4,1,147,3,medium,M,32,1666,0,15,Afternoon
2921,C,Ship,5,3,157,4,low,M,1,1306,0,21,Night
2922,F,Ship,3,1,257,2,medium,M,37,3517,0,50,Night
2923,D,Ship,4,3,172,3,medium,F,6,1261,0,36,Morning
2924,F,Ship,4,3,134,3,high,F,22,1629,0,37,Morning
2925,A,Ship,2,2,152,4,low,F,48,1212,0,49,Night
2926,B,Ship,3,1,161,3,low,F,57,1918,0,13,Morning
2927,C,Ship,3,1,269,3,low,M,47,3033,0,21,Morning
2928,F,Ship,2,3,164,2,medium,M,64,1689,0,43,Afternoon
2929,D,Ship,5,3,114,6,medium,F,60,1746,0,28,Night
2930,F,Ship,6,5,213,6,low,M,7,2709,0,11,Afternoon
2931,A,Ship,4,4,255,3,medium,F,60,2777,0,2,Morning
2932,B,Ship,3,3,135,3,medium,F,28,1329,0,22,Morning
2933,C,Ship,3,2,155,3,medium,F,7,1434,0,16,Morning
2934,F,Ship,6,3,273,4,medium,F,32,2532,0,32,Morning
2935,D,Ship,4,3,135,3,low,F,15,1008,0,36,Afternoon
2936,F,Ship,4,4,170,3,low,M,29,1188,0,39,Morning
2937,A,Ship,6,4,138,5,medium,F,15,1181,0,28,Morning
2938,B,Ship,3,2,213,4,low,M,53,3502,0,1,Afternoon
2939,C,Ship,4,5,156,5,high,F,55,1619,0,40,Morning
2940,F,Ship,3,1,139,2,low,M,47,1241,0,19,Night
2941,D,Ship,3,1,263,3,medium,M,6,2715,0,31,Morning
2942,F,Ship,2,3,160,4,low,F,53,1850,0,38,Morning
2943,A,Ship,3,3,148,2,low,M,39,1402,0,28,Morning
2944,B,Ship,4,3,259,3,high,M,45,3761,0,31,Morning
2945,C,Ship,5,4,273,3,low,F,60,3384,0,49,Morning
2946,F,Ship,3,2,212,3,medium,F,9,2521,0,12,Morning
2947,D,Ship,3,5,144,6,low,F,46,1110,0,33,Morning
2948,F,Ship,2,2,193,3,medium,M,64,2867,0,5,Afternoon
2949,A,Ship,5,2,198,3,low,F,44,3706,0,35,Morning
2950,B,Ship,3,5,207,4,low,F,45,3770,0,31,Night
2951,C,Ship,6,1,236,4,low,F,10,2030,0,21,Morning
2952,F,Ship,4,2,165,3,low,M,7,1702,0,25,Morning
2953,D,Ship,3,3,162,3,low,M,3,1693,0,37,Night
2954,F,Ship,4,2,184,3,low,F,63,3609,0,22,Morning
2955,A,Ship,5,5,145,2,medium,M,48,1834,0,31,Night
2956,B,Ship,3,3,228,2,medium,M,27,3473,0,5,Morning
2957,C,Ship,5,5,213,2,high,M,12,2522,0,10,Afternoon
2958,F,Ship,2,2,146,3,medium,F,1,1162,0,11,Night
2959,D,Ship,4,2,220,3,high,F,39,2459,0,14,Morning
2960,F,Ship,3,4,231,3,medium,F,49,3441,0,4,Night
2961,A,Ship,3,4,212,8,low,F,56,3337,0,21,Night
2962,B,Ship,4,3,202,3,low,F,48,2213,0,26,Night
2963,C,Ship,5,5,208,8,low,M,39,2905,0,39,Night
2964,F,Ship,3,3,200,3,low,M,46,2460,0,14,Morning
2965,D,Ship,3,2,250,3,low,F,37,2736,0,8,Morning
2966,F,Ship,3,5,126,2,low,F,29,1192,0,43,Afternoon
2967,A,Ship,4,1,222,4,medium,F,42,2762,0,27,Afternoon
2968,B,Ship,6,2,236,4,low,F,61,3140,0,20,Afternoon
2969,C,Ship,4,3,165,3,low,M,4,1484,0,4,Night
2970,F,Ship,3,4,162,3,low,M,17,1700,0,1,Night
2971,D,Ship,4,3,184,3,low,F,37,3436,0,14,Morning
2972,F,Ship,5,3,145,2,medium,M,6,1965,0,39,Morning
2973,A,Ship,3,4,228,2,medium,M,46,3306,0,18,Morning
2974,B,Ship,5,3,213,2,high,F,27,2581,0,10,Night
2975,C,Ship,2,3,146,3,medium,M,18,1289,0,22,Afternoon
2976,F,Ship,4,1,220,3,high,M,2,3886,0,1,Afternoon
2977,D,Ship,3,4,231,3,medium,M,39,3792,0,49,Afternoon
2978,F,Ship,3,4,212,8,low,F,34,2750,0,19,Morning
2979,A,Ship,4,5,202,3,low,F,38,2651,0,36,Afternoon
2980,B,Ship,5,2,208,8,low,M,62,3450,0,42,Night
2981,C,Ship,3,3,200,3,low,M,4,3791,0,50,Morning
2982,F,Ship,3,1,250,3,low,F,8,3617,0,3,Afternoon
2983,D,Ship,3,5,126,2,low,F,63,1141,0,27,Morning
2984,F,Ship,4,3,222,4,medium,M,49,3697,0,27,Night
2985,A,Ship,3,3,273,6,low,M,6,1771,0,40,Morning
2986,B,Ship,6,5,161,4,medium,F,20,1338,0,40,Morning
2987,C,Ship,5,1,236,3,medium,F,10,1347,0,8,Afternoon
2988,F,Road,6,3,281,5,medium,F,8,1864,0,3,Morning
2989,D,Road,5,3,168,4,low,M,7,1298,0,45,Night
2990,F,Road,5,1,206,4,low,M,62,1137,0,25,Afternoon
2991,A,Road,4,1,144,4,high,M,5,1294,0,5,Afternoon
2992,B,Road,5,3,239,5,medium,F,19,2988,0,23,Night
2993,C,Road,3,5,129,3,medium,F,52,1513,0,16,Night
2994,F,Road,4,5,201,4,medium,M,46,3498,0,10,Afternoon
2995,D,Road,5,5,160,3,medium,M,55,1911,0,32,Afternoon
2996,F,Road,6,5,130,6,low,F,60,1971,0,12,Afternoon
2997,A,Road,3,1,132,4,medium,M,58,1067,0,44,Morning
2998,B,Road,4,2,185,4,medium,F,36,2583,0,40,Afternoon
2999,C,Road,5,1,271,4,low,F,4,2718,0,16,Night
3000,F,Road,5,2,168,2,medium,M,20,1539,0,18,Afternoon
3001,D,Road,5,5,154,3,medium,F,50,1389,0,22,Afternoon
3002,F,Road,3,3,203,3,low,M,4,3114,0,50,Night
3003,A,Road,3,1,274,3,low,M,4,2087,0,14,Night
3004,B,Road,5,4,280,4,low,F,19,3298,0,36,Night
3005,C,Road,4,5,196,2,low,M,51,3151,0,31,Afternoon
3006,F,Road,5,2,159,3,medium,F,63,1675,0,46,Night
3007,D,Road,5,4,269,3,medium,M,15,2522,0,36,Night
3008,F,Road,4,3,161,3,low,F,52,1199,0,41,Afternoon
3009,A,Road,3,1,159,2,medium,F,44,1806,0,28,Morning
3010,B,Flight,5,4,147,6,medium,F,21,1145,0,27,Morning
3011,C,Flight,3,3,214,2,medium,F,4,3754,0,18,Night
3012,F,Flight,4,5,157,4,medium,F,12,1038,0,20,Afternoon
3013,D,Flight,5,5,147,2,medium,M,19,1936,0,10,Afternoon
3014,F,Flight,5,4,182,3,medium,F,11,3545,0,36,Afternoon
3015,A,Flight,3,5,188,2,low,F,12,2711,0,40,Afternoon
3016,B,Flight,3,1,104,2,low,M,1,1021,0,1,Night
3017,C,Flight,5,5,195,3,low,M,55,2641,0,11,Afternoon
3018,F,Flight,4,1,235,2,high,M,64,2107,0,41,Night
3019,D,Flight,4,5,219,2,medium,F,21,3830,0,39,Afternoon
3020,F,Flight,4,5,253,2,low,F,36,3389,0,19,Morning
3021,A,Flight,3,3,253,4,medium,F,57,2489,0,41,Afternoon
3022,B,Flight,4,1,167,3,low,M,42,1197,0,20,Night
3023,C,Flight,4,2,211,2,low,F,39,2520,0,33,Afternoon
3024,F,Flight,3,4,155,3,medium,M,4,1548,0,41,Night
3025,D,Flight,6,1,231,4,medium,F,23,2455,0,38,Afternoon
3026,F,Flight,5,4,182,4,low,M,61,3063,0,48,Morning
3027,A,Flight,3,5,212,2,medium,M,56,3547,0,2,Afternoon
3028,B,Flight,3,1,107,3,high,F,13,1861,0,7,Morning
3029,C,Flight,5,2,172,4,high,F,61,1161,0,3,Afternoon
3030,F,Flight,3,2,224,3,low,M,40,2180,0,48,Afternoon
3031,D,Flight,3,4,209,3,high,F,37,3650,0,2,Morning
3032,F,Ship,4,5,268,2,medium,M,46,3076,0,38,Morning
3033,A,Ship,3,2,141,4,low,M,9,1909,0,5,Morning
3034,B,Ship,4,4,260,2,low,M,17,3068,0,38,Morning
3035,C,Ship,5,4,151,4,medium,M,10,1441,0,15,Afternoon
3036,F,Ship,5,2,184,2,medium,M,27,3276,0,27,Morning
3037,D,Ship,5,1,270,3,high,M,52,3908,0,14,Night
3038,F,Ship,5,4,135,2,medium,F,20,1908,0,22,Night
3039,A,Ship,4,3,276,4,low,F,3,3889,0,15,Morning
3040,B,Ship,4,4,177,3,medium,M,23,1142,0,35,Night
3041,C,Ship,3,2,149,3,medium,F,64,1920,0,36,Night
3042,F,Ship,4,3,220,4,low,M,19,3602,0,41,Morning
3043,D,Ship,4,5,267,3,low,F,53,3742,0,37,Afternoon
3044,F,Ship,3,2,274,3,medium,F,50,3958,0,14,Afternoon
3045,A,Ship,4,4,243,3,low,M,10,3327,0,26,Afternoon
3046,B,Ship,5,1,166,2,low,M,44,1647,0,4,Night
3047,C,Ship,5,2,225,3,medium,M,1,2049,0,41,Night
3048,F,Ship,3,3,138,2,medium,F,40,1117,0,13,Night
3049,D,Ship,4,3,141,4,medium,F,38,1599,0,37,Night
3050,F,Ship,3,4,271,4,medium,F,16,2693,0,49,Morning
3051,A,Ship,6,5,243,3,medium,F,35,2374,0,32,Night
3052,B,Ship,3,3,231,3,medium,M,53,2333,0,19,Morning
3053,C,Ship,5,4,168,3,low,M,34,1779,0,45,Morning
3054,F,Ship,5,3,264,2,low,F,61,2025,0,26,Night
3055,D,Ship,4,3,233,3,medium,M,26,2624,0,8,Afternoon
3056,F,Ship,4,2,247,5,medium,F,17,3630,0,24,Night
3057,A,Ship,3,4,176,3,low,F,4,1095,0,14,Morning
3058,B,Ship,5,5,257,4,medium,M,31,2040,0,12,Afternoon
3059,C,Ship,3,1,147,4,low,M,18,1613,0,47,Afternoon
3060,F,Ship,5,5,195,2,low,F,6,3936,0,28,Night
3061,D,Ship,2,4,153,2,medium,F,57,1264,0,38,Morning
3062,F,Ship,3,5,237,4,low,M,28,3903,0,32,Morning
3063,A,Ship,6,4,217,5,low,F,7,3725,0,45,Morning
3064,B,Ship,5,1,140,4,medium,M,48,1322,0,47,Afternoon
3065,C,Ship,2,5,164,4,medium,M,2,1439,0,6,Morning
3066,F,Ship,3,3,243,3,medium,F,27,2052,0,9,Morning
3067,D,Ship,3,4,158,3,high,M,41,1137,0,3,Morning
3068,F,Ship,5,5,180,4,high,M,10,1200,0,49,Morning
3069,A,Ship,4,3,139,3,low,M,64,1814,0,45,Afternoon
3070,B,Ship,4,4,162,2,medium,M,8,1386,0,47,Afternoon
3071,C,Ship,5,3,206,4,low,M,18,3104,0,2,Morning
3072,F,Ship,3,2,238,2,low,M,19,2196,0,22,Night
3073,D,Ship,5,3,254,2,medium,M,4,3297,0,6,Morning
3074,F,Ship,5,3,270,3,medium,M,38,3669,0,18,Night
3075,A,Ship,3,2,255,2,low,M,18,3732,0,23,Night
3076,B,Ship,4,4,182,2,low,F,13,3332,0,28,Afternoon
3077,C,Ship,3,3,149,2,medium,M,7,1145,0,31,Afternoon
3078,F,Ship,4,1,221,5,medium,M,22,3075,0,2,Morning
3079,D,Ship,4,5,135,2,low,M,60,1026,0,13,Night
3080,F,Ship,3,1,188,2,low,F,14,2074,0,44,Afternoon
3081,A,Ship,5,5,194,3,low,M,47,2256,0,2,Night
3082,B,Ship,4,3,134,2,medium,F,29,1010,0,40,Afternoon
3083,C,Ship,3,4,210,2,medium,M,29,3142,0,1,Afternoon
3084,F,Ship,4,2,169,2,low,M,22,1322,0,23,Night
3085,D,Ship,3,3,147,2,low,F,52,1040,0,42,Afternoon
3086,F,Ship,4,1,213,3,low,F,21,3585,0,19,Morning
3087,A,Ship,3,2,223,2,low,M,64,3595,0,26,Afternoon
3088,B,Ship,4,1,233,2,medium,F,60,2671,0,15,Morning
3089,C,Ship,4,2,218,2,high,M,1,2990,0,32,Morning
3090,F,Ship,4,5,219,3,medium,M,27,3684,0,25,Afternoon
3091,D,Ship,3,2,145,2,low,F,44,1212,0,46,Morning
3092,F,Ship,3,3,257,3,low,M,44,3370,0,28,Night
3093,A,Ship,3,1,238,6,medium,F,59,3375,0,26,Afternoon
3094,B,Ship,4,1,145,6,low,M,32,1673,0,13,Afternoon
3095,C,Ship,4,4,243,3,low,F,36,2111,0,7,Night
3096,F,Ship,4,4,179,2,low,M,18,1369,0,15,Morning
3097,D,Ship,2,3,188,2,high,M,25,2033,0,47,Afternoon
3098,F,Ship,4,4,168,3,medium,M,53,1782,0,8,Afternoon
3099,A,Ship,5,4,157,4,low,M,58,1252,0,6,Afternoon
3100,B,Ship,3,4,172,3,low,M,32,1943,0,8,Morning
3101,C,Ship,5,1,195,3,low,M,37,3690,0,9,Morning
3102,F,Ship,3,2,225,3,low,F,59,3488,0,30,Afternoon
3103,D,Ship,3,3,227,2,medium,F,24,2749,0,24,Afternoon
3104,F,Ship,3,5,159,3,low,M,46,1857,0,3,Night
3105,A,Ship,2,2,273,3,low,M,56,2633,0,34,Afternoon
3106,B,Ship,5,2,214,6,low,F,3,3234,0,22,Afternoon
3107,C,Ship,4,2,175,3,medium,F,34,1005,0,46,Night
3108,F,Ship,3,5,213,2,low,F,39,2857,0,9,Morning
3109,D,Ship,4,3,190,4,medium,M,12,3115,0,50,Morning
3110,F,Ship,4,2,265,4,medium,F,40,2637,0,16,Night
3111,A,Ship,4,4,146,4,low,M,12,1899,0,14,Morning
3112,B,Ship,5,4,229,2,medium,F,44,2419,0,15,Night
3113,C,Ship,3,5,195,3,medium,F,47,2439,0,14,Night
3114,F,Ship,2,5,151,3,low,M,34,1652,0,26,Morning
3115,D,Ship,4,2,217,3,low,M,1,3133,0,21,Morning
3116,F,Ship,4,4,134,3,low,F,14,1716,0,11,Afternoon
3117,A,Ship,3,5,195,2,low,F,42,3814,0,21,Morning
3118,B,Ship,4,3,142,4,low,M,29,1420,0,21,Night
3119,C,Ship,2,4,182,4,medium,M,1,3624,0,35,Afternoon
3120,F,Ship,4,2,155,5,low,F,48,1043,0,32,Night
3121,D,Ship,3,5,238,2,medium,F,34,2726,0,16,Afternoon
3122,F,Ship,4,1,182,3,medium,F,49,3198,0,13,Afternoon
3123,A,Ship,4,1,237,4,medium,F,22,2231,0,17,Morning
3124,B,Ship,4,4,222,3,low,F,24,3503,0,30,Night
3125,C,Road,5,4,177,2,medium,F,45,1664,0,50,Night
3126,F,Road,4,4,197,3,medium,F,41,3280,0,33,Night
3127,D,Road,3,1,224,3,low,F,48,3672,0,19,Afternoon
3128,F,Road,3,3,193,2,low,M,19,3097,0,14,Morning
3129,A,Road,3,1,169,3,high,M,24,1740,0,36,Afternoon
3130,B,Road,3,4,248,2,medium,F,15,2983,0,19,Afternoon
3131,C,Road,6,5,246,4,medium,M,50,3618,0,33,Night
3132,F,Road,4,1,232,3,medium,M,55,2686,0,21,Night
3133,D,Road,3,5,251,3,low,F,21,2476,0,35,Morning
3134,F,Road,3,4,163,3,medium,M,58,1443,0,7,Afternoon
3135,A,Road,6,4,201,2,low,M,4,5916,0,7,Afternoon
3136,B,Road,6,5,141,3,medium,M,8,5031,1,4,Morning
3137,C,Road,3,3,219,3,low,M,4,5956,1,25,Night
3138,F,Road,4,3,161,3,high,M,7,4245,1,14,Night
3139,D,Road,4,5,225,4,medium,M,5,4622,1,31,Morning
3140,F,Road,5,3,277,3,medium,M,1,4186,0,22,Morning
3141,A,Road,3,3,256,4,medium,M,3,4732,1,33,Afternoon
3142,B,Road,6,2,153,5,low,F,1,4597,0,38,Night
3143,C,Road,4,4,135,3,low,F,4,4651,0,39,Night
3144,F,Road,3,3,253,3,medium,M,7,5085,1,9,Night
3145,D,Road,4,5,139,3,low,M,5,5335,1,30,Night
3146,F,Road,3,5,136,2,high,F,1,4971,1,6,Morning
3147,A,Flight,4,1,172,3,medium,M,7,4883,1,38,Night
3148,B,Flight,4,2,272,3,high,F,6,4559,1,14,Night
3149,C,Flight,3,3,207,3,high,M,1,5632,0,39,Afternoon
3150,F,Flight,2,3,134,3,low,M,4,5958,1,34,Morning
3151,D,Flight,3,3,238,8,medium,F,3,4943,1,31,Afternoon
3152,F,Flight,2,4,274,10,high,M,3,4167,0,35,Morning
3153,A,Flight,4,2,237,6,low,F,8,5695,1,9,Afternoon
3154,B,Flight,3,2,153,10,high,M,2,5455,1,21,Night
3155,C,Flight,4,1,223,3,low,F,8,4974,0,18,Afternoon
3156,F,Flight,3,4,149,3,low,M,1,5040,0,42,Night
3157,D,Flight,3,5,132,3,low,M,7,4013,0,41,Night
3158,F,Flight,4,2,246,3,low,F,7,5616,1,49,Night
3159,A,Flight,4,2,159,5,low,F,4,5547,0,26,Afternoon
3160,B,Flight,3,1,162,8,high,F,10,5429,1,37,Night
3161,C,Flight,3,3,123,5,medium,F,5,4292,1,38,Night
3162,F,Flight,5,1,231,7,high,F,9,5558,1,48,Night
3163,D,Flight,3,1,213,10,medium,M,9,4862,1,2,Morning
3164,F,Flight,5,2,160,3,high,M,1,5834,1,15,Night
3165,A,Flight,4,4,225,5,low,M,5,5060,0,25,Morning
3166,B,Flight,3,1,178,3,low,M,3,4811,1,6,Night
3167,C,Flight,4,1,273,3,medium,M,5,5055,1,43,Morning
3168,F,Flight,3,2,129,3,high,M,9,4342,0,24,Morning
3169,D,Ship,3,1,273,6,low,F,9,1198,0,24,Morning
3170,F,Ship,6,3,161,4,medium,M,8,1247,1,50,Afternoon
3171,A,Ship,4,5,139,3,low,F,3,5824,0,3,Afternoon
3172,B,Ship,3,2,136,2,high,F,6,4002,0,30,Afternoon
3173,C,Ship,4,4,172,3,medium,F,1,4201,1,45,Night
3174,F,Ship,4,2,272,3,high,M,7,5927,1,11,Morning
3175,D,Ship,3,2,207,3,high,F,3,4909,0,19,Night
3176,F,Ship,2,3,134,3,low,M,6,4444,0,9,Night
3177,A,Ship,3,2,238,8,medium,M,3,4388,0,48,Morning
3178,B,Ship,2,1,274,10,high,F,1,5622,1,36,Morning
3179,C,Ship,4,3,237,6,low,M,8,5588,1,44,Afternoon
3180,F,Ship,3,2,153,10,high,F,7,5305,1,5,Afternoon
3181,D,Ship,4,2,223,3,low,M,7,4026,0,5,Night
3182,F,Ship,3,5,149,3,low,F,9,5412,1,45,Morning
3183,A,Ship,3,3,132,3,low,M,6,5721,0,46,Afternoon
3184,B,Ship,4,3,246,3,low,F,5,4710,1,7,Morning
3185,C,Ship,4,3,159,5,low,M,4,4666,0,31,Afternoon
3186,F,Ship,3,3,162,8,high,F,10,4842,1,42,Morning
3187,D,Ship,3,1,123,5,medium,F,10,4231,1,17,Afternoon
3188,F,Ship,5,5,231,7,high,M,6,5755,1,49,Morning
3189,A,Ship,3,3,213,10,medium,M,2,4847,1,9,Afternoon
3190,B,Ship,5,1,160,3,high,M,2,5141,0,40,Afternoon
3191,C,Ship,4,3,225,5,low,M,8,4195,1,27,Night
3192,F,Ship,3,5,178,3,low,F,3,5540,1,14,Night
3193,D,Ship,4,5,273,3,medium,M,2,4374,1,43,Afternoon
3194,F,Ship,3,3,129,3,high,M,7,5197,0,17,Morning
3195,A,Ship,3,1,273,6,low,M,1,1293,1,19,Night
3196,B,Ship,6,4,161,4,medium,M,3,1747,0,40,Morning
3197,C,Ship,5,2,206,4,low,M,5,1149,1,28,Afternoon
3198,F,Ship,4,5,296,2,medium,M,1,1678,1,1,Afternoon
3199,D,Ship,3,2,249,5,medium,F,6,1887,1,5,Afternoon
3200,F,Ship,4,4,301,5,low,M,6,1931,1,26,Night
3201,A,Ship,4,3,296,3,low,M,4,1991,1,46,Afternoon
3202,B,Ship,3,5,205,4,low,M,2,1648,1,45,Morning
3203,C,Ship,3,3,132,2,low,F,9,4355,0,22,Afternoon
3204,F,Ship,4,2,223,3,high,M,5,4282,1,15,Morning
3205,D,Ship,3,1,190,3,medium,F,2,4312,1,11,Afternoon
3206,F,Ship,5,3,194,3,low,F,1,4331,1,46,Afternoon
3207,A,Ship,2,4,176,2,medium,F,2,5138,1,21,Afternoon
3208,B,Ship,6,4,227,5,medium,F,8,4388,1,9,Morning
3209,C,Ship,5,1,149,2,low,M,9,5435,1,44,Morning
3210,F,Ship,5,2,173,2,low,M,7,5836,1,13,Night
3211,D,Ship,3,2,181,2,low,F,6,5410,1,50,Night
3212,F,Ship,3,5,251,2,low,M,4,4015,1,4,Afternoon
3213,A,Ship,4,5,243,3,low,F,2,4909,1,21,Afternoon
3214,B,Ship,3,4,210,3,low,M,10,4398,0,44,Afternoon
3215,C,Ship,5,2,145,4,medium,F,9,4028,1,46,Afternoon
3216,F,Ship,3,1,196,3,low,M,10,4546,1,18,Morning
3217,D,Ship,3,4,154,2,medium,M,5,5735,0,27,Night
3218,F,Ship,4,1,164,4,low,M,6,4432,0,50,Afternoon
3219,A,Ship,4,2,210,3,medium,F,1,4379,0,28,Morning
3220,B,Ship,5,3,212,2,low,F,7,5219,1,22,Night
3221,C,Ship,3,1,263,2,medium,M,9,4868,0,22,Night
3222,F,Ship,3,4,155,2,low,M,3,5481,0,22,Morning
3223,D,Ship,3,4,223,2,low,M,9,4211,1,6,Night
3224,F,Ship,5,4,269,3,low,F,3,4489,1,1,Night
3225,A,Ship,3,4,117,3,low,F,6,4046,1,5,Night
3226,B,Ship,4,4,151,2,low,M,3,4105,0,25,Afternoon
3227,C,Ship,4,2,271,3,medium,M,4,4743,0,4,Morning
3228,F,Ship,3,3,205,3,low,M,10,5714,1,13,Night
3229,D,Ship,5,3,210,5,medium,M,9,5431,0,31,Afternoon
3230,F,Ship,4,1,133,2,medium,M,8,4277,1,34,Morning
3231,A,Ship,5,2,215,6,medium,F,5,5195,0,15,Afternoon
3232,B,Ship,2,3,140,3,low,F,2,4691,1,41,Afternoon
3233,C,Ship,3,3,255,2,low,M,8,5955,0,1,Morning
3234,F,Ship,2,5,159,3,low,M,5,4190,1,11,Afternoon
3235,D,Ship,5,3,169,2,low,M,8,5352,0,17,Afternoon
3236,F,Ship,5,4,182,2,medium,M,2,4554,0,40,Afternoon
3237,A,Ship,2,5,231,2,low,F,10,4406,0,24,Morning
3238,B,Ship,3,4,177,3,low,F,6,4445,1,31,Afternoon
3239,C,Ship,4,3,250,3,medium,F,3,5055,0,17,Night
3240,F,Ship,4,2,145,3,medium,F,4,5122,0,31,Afternoon
3241,D,Ship,2,5,117,3,high,F,2,4268,0,36,Night
3242,F,Ship,3,4,170,3,low,M,5,4716,0,20,Morning
3243,A,Ship,4,4,173,3,high,F,9,5382,0,42,Night
3244,B,Ship,4,2,232,3,medium,M,8,4658,0,15,Morning
3245,C,Ship,3,2,231,4,medium,M,4,5510,1,33,Afternoon
3246,F,Ship,3,4,136,3,medium,M,2,4524,0,42,Afternoon
3247,D,Ship,4,1,189,3,medium,M,5,4496,0,28,Morning
3248,F,Ship,5,4,222,3,low,M,7,5340,1,8,Night
3249,A,Ship,4,3,148,3,high,F,7,5034,0,37,Night
3250,B,Ship,5,2,265,2,medium,F,7,5464,0,11,Morning
3251,C,Ship,4,1,181,2,low,F,3,5877,1,42,Morning
3252,F,Ship,6,5,189,2,high,M,4,5898,0,42,Afternoon
3253,D,Ship,3,2,160,3,medium,F,6,4808,0,15,Afternoon
3254,F,Ship,3,3,235,3,medium,F,10,4186,1,7,Morning
3255,A,Ship,3,4,100,3,medium,M,4,4191,1,32,Afternoon
3256,B,Ship,5,5,135,4,medium,F,7,5765,0,1,Afternoon
3257,C,Ship,5,2,137,3,low,M,6,4883,1,15,Night
3258,F,Ship,4,2,222,3,high,F,9,5337,1,7,Afternoon
3259,D,Ship,5,1,246,3,medium,F,10,4078,0,22,Afternoon
3260,F,Ship,3,3,202,3,medium,F,8,5486,0,48,Morning
3261,A,Ship,4,5,273,3,low,F,1,5043,0,36,Afternoon
3262,B,Road,5,1,248,2,low,F,9,5881,0,10,Afternoon
3263,C,Road,4,4,199,4,medium,F,5,4194,1,31,Morning
3264,F,Road,4,3,209,3,medium,M,7,4104,0,4,Night
3265,D,Road,4,5,216,2,low,M,2,4905,1,36,Afternoon
3266,F,Road,4,2,227,3,low,M,2,4318,0,22,Morning
3267,A,Road,3,1,216,4,medium,F,4,4416,1,24,Afternoon
3268,B,Road,2,3,242,2,medium,F,1,5892,0,13,Afternoon
3269,C,Road,5,4,217,3,medium,F,8,4949,0,6,Night
3270,F,Road,2,2,160,3,medium,F,9,4613,1,42,Morning
3271,D,Road,5,3,141,2,medium,M,4,5257,1,16,Morning
3272,F,Road,5,4,263,2,medium,F,5,4595,1,39,Afternoon
3273,A,Road,5,4,171,4,low,M,7,5359,0,8,Afternoon
3274,B,Road,3,5,195,2,low,F,4,4864,1,31,Afternoon
3275,C,Road,3,5,237,3,low,M,4,5561,0,42,Morning
3276,F,Road,2,5,241,4,low,F,4,5693,0,26,Morning
3277,D,Road,3,4,134,3,medium,F,9,4230,0,44,Afternoon
3278,F,Road,5,5,156,3,low,F,5,5398,0,21,Morning
3279,A,Road,3,4,211,2,low,M,6,6000,1,7,Afternoon
3280,B,Road,3,2,243,2,low,F,5,4769,1,40,Night
3281,C,Road,4,3,196,2,medium,F,7,4116,0,45,Afternoon
3282,F,Road,3,3,242,2,medium,F,7,4960,1,6,Night
3283,D,Road,3,4,175,3,low,F,3,4449,1,38,Afternoon
3284,F,Flight,2,2,155,3,low,M,1,5154,1,47,Afternoon
3285,A,Flight,4,1,200,2,low,F,9,4808,0,8,Morning
3286,B,Flight,3,3,191,3,low,M,4,4586,1,33,Afternoon
3287,C,Flight,4,5,221,3,low,F,6,5895,1,49,Afternoon
3288,F,Flight,3,1,135,3,low,M,9,4511,1,44,Afternoon
3289,D,Flight,3,2,152,4,medium,F,7,5943,0,50,Afternoon
3290,F,Flight,2,5,172,2,low,M,7,4649,1,47,Morning
3291,A,Flight,5,2,253,2,high,F,2,5643,0,48,Afternoon
3292,B,Flight,5,1,270,2,high,M,10,5360,1,46,Morning
3293,C,Flight,2,4,139,4,high,M,3,5041,1,14,Night
3294,F,Flight,5,2,257,4,medium,M,9,5088,1,20,Afternoon
3295,D,Flight,4,1,155,3,low,F,5,4283,0,2,Morning
3296,F,Flight,3,5,125,2,low,M,5,4933,0,1,Night
3297,A,Flight,5,4,233,2,low,F,7,4597,0,22,Night
3298,B,Flight,3,3,205,2,medium,M,6,4989,0,9,Afternoon
3299,C,Flight,5,4,243,3,medium,M,4,4420,0,11,Morning
3300,F,Flight,4,4,208,3,low,F,10,4919,1,12,Afternoon
3301,D,Flight,3,1,230,3,medium,F,6,4392,1,41,Afternoon
3302,F,Flight,4,5,205,3,medium,M,5,4949,0,50,Afternoon
3303,A,Flight,3,4,170,2,low,F,2,5664,1,26,Night
3304,B,Flight,4,2,222,2,medium,M,5,4268,1,50,Morning
3305,C,Flight,5,4,186,2,low,M,3,4213,1,36,Night
3306,F,Ship,5,1,208,2,low,F,8,5218,1,14,Afternoon
3307,D,Ship,4,3,223,3,medium,F,9,5897,1,40,Night
3308,F,Ship,5,3,154,2,medium,M,8,4006,1,29,Night
3309,A,Ship,5,3,235,4,medium,F,10,4011,1,34,Night
3310,B,Ship,4,3,271,3,medium,M,1,4137,1,37,Afternoon
3311,C,Ship,4,5,250,3,low,F,2,5206,1,2,Night
3312,F,Ship,4,2,206,2,medium,M,4,5159,1,32,Afternoon
3313,D,Ship,3,1,153,3,low,M,10,5121,0,36,Night
3314,F,Ship,4,4,212,2,medium,F,6,4117,0,17,Morning
3315,A,Ship,6,4,168,2,high,M,6,5686,1,19,Afternoon
3316,B,Ship,3,1,171,2,low,M,10,5379,0,10,Night
3317,C,Ship,3,5,132,2,low,M,10,4462,0,43,Night
3318,F,Ship,5,3,141,3,low,M,9,4857,1,11,Afternoon
3319,D,Ship,3,2,254,2,low,M,1,4334,1,7,Afternoon
3320,F,Ship,4,4,159,2,medium,F,6,5221,1,11,Night
3321,A,Ship,2,4,194,2,low,F,4,4803,0,46,Morning
3322,B,Ship,4,3,178,6,low,M,6,4203,1,46,Afternoon
3323,C,Ship,3,4,151,3,low,M,2,5712,0,38,Night
3324,F,Ship,5,1,244,2,low,F,5,4125,0,37,Night
3325,D,Ship,3,2,237,3,low,M,8,5287,0,22,Morning
3326,F,Ship,3,1,241,3,medium,M,9,5184,1,4,Afternoon
3327,A,Ship,4,2,156,3,low,M,3,5923,1,34,Morning
3328,B,Ship,4,3,243,3,medium,M,1,5021,1,15,Afternoon
3329,C,Ship,5,5,219,2,medium,M,4,4289,1,47,Night
3330,F,Ship,4,5,168,2,high,M,2,5776,1,41,Morning
3331,D,Ship,6,3,224,6,high,M,8,5661,1,38,Afternoon
3332,F,Ship,4,4,216,2,medium,M,2,5840,0,17,Night
3333,A,Ship,3,1,187,5,low,F,6,4698,1,28,Night
3334,B,Ship,5,3,204,3,high,F,1,4037,0,14,Morning
3335,C,Ship,6,5,266,5,low,M,10,4140,1,34,Afternoon
3336,F,Ship,3,4,179,2,low,F,2,4931,0,14,Afternoon
3337,D,Ship,3,4,184,3,low,M,10,4776,1,16,Night
3338,F,Ship,6,2,204,4,medium,F,2,4431,1,26,Morning
3339,A,Ship,3,4,255,2,medium,F,7,4332,0,41,Morning
3340,B,Ship,4,1,272,2,medium,F,5,5252,1,47,Afternoon
3341,C,Ship,4,3,186,2,low,M,7,4947,0,13,Night
3342,F,Ship,5,4,147,4,medium,M,6,4369,1,48,Morning
3343,D,Ship,3,4,145,3,medium,M,4,5361,0,26,Morning
3344,F,Ship,5,1,255,3,medium,F,6,5715,1,45,Afternoon
3345,A,Ship,3,4,133,2,low,F,7,4663,1,1,Morning
3346,B,Ship,4,1,155,4,low,F,1,4985,1,17,Morning
3347,C,Ship,4,5,151,4,medium,M,10,4796,1,39,Night
3348,F,Ship,4,2,270,2,high,F,3,4914,0,48,Afternoon
3349,D,Ship,3,1,234,4,high,M,6,4942,1,5,Afternoon
3350,F,Ship,3,5,186,2,medium,M,4,4352,1,50,Afternoon
3351,A,Ship,4,5,157,2,medium,M,6,5937,1,44,Morning
3352,B,Ship,4,4,268,3,low,M,7,5947,1,40,Afternoon
3353,C,Ship,4,3,244,2,low,M,10,4486,0,43,Afternoon
3354,F,Ship,4,5,190,3,low,M,2,4554,1,49,Afternoon
3355,D,Ship,4,4,161,4,low,M,5,5038,1,27,Morning
3356,F,Ship,2,4,162,3,high,F,2,5893,0,18,Morning
3357,A,Ship,4,3,163,8,medium,F,6,5739,1,13,Morning
3358,B,Ship,3,3,211,6,low,M,5,5777,0,1,Night
3359,C,Ship,3,4,205,8,medium,M,1,4977,0,1,Afternoon
3360,F,Ship,3,5,150,3,medium,F,4,4442,0,34,Night
3361,D,Ship,2,5,209,5,medium,F,10,4623,0,23,Morning
3362,F,Ship,5,2,250,3,medium,F,6,5298,1,3,Morning
3363,A,Ship,3,2,206,3,high,F,1,4431,0,12,Morning
3364,B,Ship,5,2,244,3,low,M,2,4198,1,25,Morning
3365,C,Ship,2,1,180,3,low,M,2,4615,0,49,Morning
3366,F,Ship,4,4,256,3,medium,M,1,5784,0,34,Afternoon
3367,D,Ship,5,4,273,3,medium,F,2,5672,0,23,Night
3368,F,Ship,4,1,178,8,medium,F,6,4872,1,47,Night
3369,A,Ship,4,2,296,2,medium,F,2,1233,1,48,Afternoon
3370,B,Ship,3,3,249,5,medium,F,9,1752,1,11,Morning
3371,C,Ship,4,5,151,4,medium,M,3,5470,1,3,Afternoon
3372,F,Ship,4,3,270,2,high,F,5,5346,1,28,Morning
3373,D,Ship,3,2,234,4,high,F,7,4568,0,40,Afternoon
3374,F,Ship,3,4,186,2,medium,F,9,5841,1,18,Morning
3375,A,Ship,4,1,157,2,medium,M,3,5801,1,19,Afternoon
3376,B,Ship,4,2,268,3,low,F,3,5488,0,2,Afternoon
3377,C,Ship,4,1,244,2,low,F,3,4644,0,39,Morning
3378,F,Ship,4,4,190,3,low,M,2,4800,1,7,Morning
3379,D,Ship,4,2,161,4,low,F,10,5322,1,19,Night
3380,F,Ship,2,2,162,3,high,M,10,4489,0,41,Morning
3381,A,Ship,4,1,163,8,medium,F,9,5489,0,48,Night
3382,B,Ship,3,2,211,6,low,F,2,4417,1,33,Afternoon
3383,C,Ship,3,4,205,8,medium,F,5,4869,0,5,Morning
3384,F,Ship,3,3,150,3,medium,M,4,5536,1,1,Afternoon
3385,D,Ship,2,5,209,5,medium,F,9,5565,1,15,Morning
3386,F,Ship,5,3,250,3,medium,M,4,4343,1,28,Morning
3387,A,Ship,3,1,206,3,high,F,8,4763,0,27,Afternoon
3388,B,Ship,5,5,244,3,low,M,9,5695,1,39,Morning
3389,C,Ship,2,2,180,3,low,M,2,5033,0,49,Afternoon
3390,F,Ship,4,5,256,3,medium,M,10,4504,0,29,Afternoon
3391,D,Ship,5,4,273,3,medium,M,6,4044,0,47,Night
3392,F,Ship,4,2,178,8,medium,M,5,4120,0,40,Afternoon
3393,A,Ship,4,3,296,2,medium,F,9,1523,0,8,Morning
3394,B,Ship,4,2,275,6,medium,M,2,1712,0,7,Night
3395,C,Ship,5,5,270,3,low,M,2,4351,0,26,Afternoon
3396,F,Ship,6,5,224,4,medium,M,6,4616,1,43,Night
3397,D,Ship,2,4,172,5,low,M,4,4668,1,41,Night
3398,F,Ship,4,4,176,3,low,F,1,4774,1,4,Afternoon
3399,A,Road,6,2,240,4,low,M,9,4099,1,13,Night
3400,B,Road,3,4,213,3,low,F,5,4535,0,22,Night
3401,C,Road,4,2,197,3,low,F,2,5707,1,21,Morning
3402,F,Road,4,5,167,2,low,F,7,4289,0,32,Night
3403,D,Road,5,1,180,3,low,F,2,5013,0,6,Morning
3404,F,Road,3,1,119,2,low,F,10,4146,0,17,Afternoon
3405,A,Road,5,5,232,4,low,M,3,5447,1,10,Morning
3406,B,Road,3,5,139,2,medium,M,7,5536,1,48,Morning
3407,C,Road,3,2,272,3,low,M,2,4459,0,41,Night
3408,F,Road,3,2,253,3,low,F,7,4915,1,33,Afternoon
3409,D,Road,3,2,188,3,low,M,4,5376,1,10,Afternoon
3410,F,Road,3,4,202,3,medium,M,5,5169,1,50,Afternoon
3411,A,Road,3,1,134,3,low,F,7,5802,0,49,Afternoon
3412,B,Road,3,5,110,3,medium,M,3,4252,0,25,Morning
3413,C,Road,3,2,172,2,low,F,9,4532,0,18,Afternoon
3414,F,Road,3,1,188,3,low,M,3,4222,1,49,Afternoon
3415,D,Road,3,1,258,4,medium,F,6,5365,0,35,Morning
3416,F,Road,5,3,234,3,low,M,10,5673,1,46,Night
3417,A,Road,3,4,148,4,medium,F,9,5301,1,1,Night
3418,B,Road,5,3,194,4,low,F,2,5396,1,24,Night
3419,C,Road,4,4,266,3,medium,F,2,5413,0,47,Night
3420,F,Road,5,5,158,3,medium,M,7,5559,0,42,Afternoon
3421,D,Flight,5,1,228,2,high,M,6,4984,0,29,Night
3422,F,Flight,4,5,159,2,low,M,1,5671,1,43,Morning
3423,A,Flight,3,4,255,4,low,M,10,4107,1,6,Afternoon
3424,B,Flight,3,4,213,3,low,F,4,5481,0,27,Morning
3425,C,Flight,3,4,148,2,low,F,5,4693,0,34,Afternoon
3426,F,Flight,4,5,219,3,medium,M,6,5957,0,23,Night
3427,D,Flight,3,5,168,5,medium,M,9,5731,0,37,Night
3428,F,Flight,4,3,148,5,medium,F,6,4802,1,50,Night
3429,A,Flight,3,4,149,3,low,F,5,5467,1,33,Morning
3430,B,Flight,3,5,245,6,high,M,9,4793,1,19,Afternoon
3431,C,Flight,3,1,200,2,medium,M,10,5178,0,4,Morning
3432,F,Flight,3,1,228,3,medium,M,9,5530,1,23,Afternoon
3433,D,Flight,4,1,175,4,low,M,2,4053,1,18,Night
3434,F,Flight,3,3,201,3,low,M,9,5895,0,42,Morning
3435,A,Flight,4,3,267,4,low,M,7,5140,1,14,Night
3436,B,Flight,3,4,217,2,medium,F,9,5450,1,50,Night
3437,C,Flight,2,3,160,2,high,M,3,4409,1,39,Afternoon
3438,F,Flight,4,4,264,3,low,F,2,4279,0,11,Afternoon
3439,D,Flight,3,1,179,3,high,M,5,5898,0,39,Afternoon
3440,F,Flight,4,5,259,3,medium,M,10,4921,0,44,Morning
3441,A,Flight,4,5,178,2,high,M,5,5403,1,26,Afternoon
3442,B,Flight,3,2,242,5,medium,M,6,4694,1,48,Night
3443,C,Ship,4,4,235,2,low,M,4,5671,1,29,Night
3444,F,Ship,4,1,247,2,medium,F,7,5098,1,27,Night
3445,D,Ship,2,2,240,5,low,M,7,4138,0,35,Afternoon
3446,F,Ship,3,1,252,2,low,M,4,5559,1,39,Night
3447,A,Ship,5,4,237,2,low,M,8,5600,0,49,Morning
3448,B,Ship,4,2,161,3,low,F,4,5947,1,35,Afternoon
3449,C,Ship,2,3,144,4,low,F,10,4075,1,6,Afternoon
3450,F,Ship,4,1,163,4,medium,M,2,5432,0,20,Afternoon
3451,D,Ship,4,3,246,3,low,F,5,5118,1,16,Morning
3452,F,Ship,3,2,213,3,medium,M,10,5993,0,35,Morning
3453,A,Ship,5,1,123,2,low,F,9,5497,1,9,Morning
3454,B,Ship,4,3,192,3,low,M,1,4045,0,3,Morning
3455,C,Ship,4,4,149,3,low,F,8,5658,0,30,Afternoon
3456,F,Ship,5,3,206,4,high,F,1,4583,1,18,Morning
3457,D,Ship,6,4,243,6,low,M,8,5218,1,16,Morning
3458,F,Ship,4,5,136,3,low,F,1,4585,0,19,Morning
3459,A,Ship,4,1,170,2,medium,F,5,5182,1,11,Night
3460,B,Ship,2,4,180,2,low,F,8,4321,0,44,Afternoon
3461,C,Ship,3,5,220,2,low,F,1,5663,1,32,Night
3462,F,Ship,3,3,144,2,low,M,6,5994,0,11,Afternoon
3463,D,Ship,3,4,271,2,medium,M,6,4218,1,16,Afternoon
3464,F,Ship,4,4,186,2,medium,F,9,4887,0,37,Night
3465,A,Ship,2,5,247,4,medium,M,4,5255,0,46,Afternoon
3466,B,Ship,4,4,202,3,medium,M,2,4299,0,4,Afternoon
3467,C,Ship,4,3,143,3,medium,F,3,5062,0,30,Night
3468,F,Ship,3,1,180,3,low,F,10,5633,1,15,Afternoon
3469,D,Ship,4,5,221,3,medium,F,3,4430,0,13,Morning
3470,F,Ship,4,3,173,3,low,F,7,4810,0,21,Afternoon
3471,A,Ship,2,5,107,3,medium,M,2,4853,1,3,Night
3472,B,Ship,3,4,259,2,medium,F,3,4154,0,8,Morning
3473,C,Ship,5,4,134,3,medium,M,4,4908,1,24,Morning
3474,F,Ship,3,2,204,4,low,M,4,4745,1,40,Night
3475,D,Ship,2,2,161,5,medium,M,3,4138,1,43,Afternoon
3476,F,Ship,6,4,100,5,low,F,7,5668,0,13,Morning
3477,A,Ship,5,2,260,4,medium,F,3,5890,1,1,Morning
3478,B,Ship,5,2,196,3,low,F,4,4271,1,5,Morning
3479,C,Ship,5,2,260,3,low,M,1,4799,0,42,Night
3480,F,Ship,3,1,193,4,low,M,5,4700,1,46,Morning
3481,D,Ship,4,1,258,3,medium,M,7,4159,1,14,Afternoon
3482,F,Ship,4,3,254,4,low,M,9,4492,1,24,Morning
3483,A,Ship,3,5,216,4,low,F,3,4934,1,49,Afternoon
3484,B,Ship,4,1,273,3,low,F,5,5323,1,31,Night
3485,C,Ship,4,4,223,4,low,M,1,4219,1,1,Morning
3486,F,Ship,4,1,182,2,medium,F,10,5638,1,4,Morning
3487,D,Ship,3,4,201,3,low,F,6,5722,0,47,Afternoon
3488,F,Ship,4,3,249,3,medium,F,6,5657,0,33,Morning
3489,A,Ship,5,4,152,3,low,M,1,5314,0,16,Afternoon
3490,B,Ship,3,1,244,4,medium,M,6,4734,0,41,Night
3491,C,Ship,3,1,256,4,medium,F,3,4398,0,37,Morning
3492,F,Ship,4,2,223,3,medium,M,3,5121,1,8,Afternoon
3493,D,Ship,3,2,185,2,high,F,3,4816,0,48,Night
3494,F,Ship,3,1,166,3,medium,M,9,4410,1,8,Night
3495,A,Ship,3,4,113,3,medium,M,1,5765,0,10,Morning
3496,B,Ship,4,1,134,2,medium,F,7,5967,1,26,Morning
3497,C,Ship,4,3,228,2,high,F,4,4719,0,47,Afternoon
3498,F,Ship,3,4,204,2,low,F,10,5844,0,9,Night
3499,D,Ship,3,1,152,2,medium,F,2,4136,1,4,Morning
3500,F,Ship,3,2,195,2,medium,M,9,5779,0,18,Morning
3501,A,Ship,4,2,192,6,high,F,3,5173,1,46,Morning
3502,B,Ship,4,2,247,3,medium,M,8,4977,1,30,Afternoon
3503,C,Ship,3,1,135,2,medium,M,2,4163,1,5,Night
3504,F,Ship,4,2,209,2,medium,F,1,5337,1,40,Morning
3505,D,Ship,2,4,173,2,low,M,1,4721,1,49,Night
3506,F,Ship,4,4,222,2,low,M,5,5660,1,12,Night
3507,A,Ship,4,3,192,3,medium,F,10,4086,0,9,Afternoon
3508,B,Ship,3,5,206,3,medium,F,6,5618,1,34,Morning
3509,C,Ship,3,3,275,4,medium,M,6,4687,0,39,Night
3510,F,Ship,2,3,192,3,medium,F,8,5787,0,12,Morning
3511,D,Ship,6,3,121,3,medium,F,10,5208,1,36,Night
3512,F,Ship,4,2,177,3,low,M,8,4904,1,20,Afternoon
3513,A,Ship,3,1,243,3,low,F,2,4989,1,35,Morning
3514,B,Ship,3,2,262,4,low,M,1,4745,0,40,Night
3515,C,Ship,2,4,189,3,low,M,3,5897,0,6,Afternoon
3516,F,Ship,5,4,178,2,low,F,4,5307,1,42,Afternoon
3517,D,Ship,3,4,232,3,medium,F,1,4228,0,40,Afternoon
3518,F,Ship,4,5,254,3,low,M,1,4377,0,9,Morning
3519,A,Ship,3,1,148,2,medium,M,5,4082,0,15,Afternoon
3520,B,Ship,4,3,253,4,high,M,4,4868,0,36,Night
3521,C,Ship,4,5,223,3,medium,F,9,5279,0,34,Afternoon
3522,F,Ship,2,2,190,2,medium,M,7,4075,1,31,Afternoon
3523,D,Ship,5,3,181,4,low,F,2,5332,1,35,Afternoon
3524,F,Ship,2,3,226,3,low,M,8,5119,1,12,Afternoon
3525,A,Ship,3,4,182,2,medium,M,8,4883,1,47,Night
3526,B,Ship,2,4,191,3,medium,F,6,4119,1,12,Morning
3527,C,Ship,3,1,223,4,low,M,1,4195,1,12,Morning
3528,F,Ship,4,5,274,3,medium,M,4,4521,1,33,Morning
3529,D,Ship,4,4,218,2,low,M,9,5637,1,1,Afternoon
3530,F,Ship,3,5,197,3,low,M,3,5658,1,29,Afternoon
3531,A,Ship,4,2,137,3,low,F,6,5271,1,24,Afternoon
3532,B,Ship,2,1,163,3,low,F,3,5873,0,16,Morning
3533,C,Ship,4,4,218,4,low,M,6,4377,0,31,Afternoon
3534,F,Ship,5,1,245,3,low,M,6,4343,0,37,Morning
3535,D,Ship,3,5,181,2,medium,M,2,4089,1,22,Afternoon
3536,F,Road,6,3,222,5,high,F,2,4612,1,20,Morning
3537,A,Road,4,5,259,2,low,M,7,4390,0,6,Night
3538,B,Road,3,4,157,3,medium,F,6,5398,0,39,Morning
3539,C,Road,4,3,137,3,medium,F,10,4820,0,46,Night
3540,F,Road,3,3,242,3,low,F,8,4199,1,28,Morning
3541,D,Road,4,5,154,4,medium,M,7,4938,1,3,Night
3542,F,Road,3,2,150,2,low,F,3,4174,1,28,Afternoon
3543,A,Road,5,3,174,3,medium,F,7,5510,0,8,Morning
3544,B,Road,5,5,265,3,high,F,3,5837,0,40,Afternoon
3545,C,Road,3,4,248,4,medium,M,8,4540,1,7,Afternoon
3546,F,Road,4,3,186,3,low,M,7,5156,0,22,Night
3547,D,Road,4,2,152,3,medium,M,6,5764,0,6,Morning
3548,F,Road,3,3,163,3,medium,M,2,5791,0,44,Night
3549,A,Road,4,5,168,4,medium,M,5,5735,0,19,Afternoon
3550,B,Road,4,3,102,3,medium,F,3,4845,0,12,Afternoon
3551,C,Road,3,1,169,2,medium,F,1,4783,0,46,Afternoon
3552,F,Road,6,1,163,4,high,M,3,4031,0,13,Night
3553,D,Road,2,1,154,3,medium,F,4,5100,1,39,Night
3554,F,Road,3,5,271,2,low,F,3,4878,1,24,Night
3555,A,Road,3,4,182,3,medium,F,7,5409,0,15,Night
3556,B,Road,4,1,173,3,low,F,5,5232,1,10,Morning
3557,C,Road,5,2,244,2,low,M,10,5696,1,49,Morning
3558,F,Flight,4,5,214,2,low,M,8,4512,1,49,Afternoon
3559,D,Flight,4,4,210,2,high,M,6,4076,1,46,Night
3560,F,Flight,5,3,194,7,medium,F,10,5700,1,50,Afternoon
3561,A,Flight,4,3,185,10,high,F,7,4818,0,33,Night
3562,B,Flight,3,3,121,2,low,M,10,5130,0,12,Afternoon
3563,C,Flight,3,1,203,3,medium,F,3,4137,1,17,Morning
3564,F,Flight,2,5,134,10,high,M,8,5472,1,43,Night
3565,D,Flight,3,3,263,3,medium,F,9,5665,0,47,Morning
3566,F,Flight,5,1,279,8,low,F,6,5888,0,40,Afternoon
3567,A,Flight,4,5,222,3,low,F,5,5584,1,16,Afternoon
3568,B,Flight,4,1,233,2,low,M,9,4799,0,15,Morning
3569,C,Flight,4,4,271,3,low,M,3,4152,1,34,Morning
3570,F,Flight,3,4,118,4,low,M,6,5964,1,6,Afternoon
3571,D,Flight,3,4,183,2,low,M,5,4261,0,17,Afternoon
3572,F,Flight,3,4,217,3,low,F,5,4077,1,36,Morning
3573,A,Flight,3,5,245,10,medium,M,8,4909,0,13,Afternoon
3574,B,Flight,3,4,143,4,medium,M,5,5545,0,15,Night
3575,C,Flight,3,3,149,3,medium,F,3,4189,1,6,Morning
3576,F,Flight,4,5,275,6,medium,M,10,1400,0,5,Night
3577,D,Flight,4,5,168,4,medium,F,4,4776,0,46,Night
3578,F,Flight,4,1,102,3,medium,M,3,4179,1,44,Night
3579,A,Flight,3,2,169,2,medium,F,10,4038,0,2,Night
3580,B,Ship,6,5,163,4,high,M,3,5118,0,17,Morning
3581,C,Ship,2,3,154,3,medium,M,3,4478,1,4,Afternoon
3582,F,Ship,3,3,271,2,low,F,8,4444,0,42,Night
3583,D,Ship,3,4,182,3,medium,F,2,5281,0,1,Night
3584,F,Ship,4,5,173,3,low,F,7,4410,1,42,Morning
3585,A,Ship,5,5,244,2,low,M,10,5794,1,13,Night
3586,B,Ship,4,5,214,2,low,M,3,5546,1,10,Morning
3587,C,Ship,4,2,210,2,high,F,3,5876,0,24,Afternoon
3588,F,Ship,5,1,194,7,medium,M,8,4770,1,48,Morning
3589,D,Ship,4,3,185,10,high,M,1,4973,1,36,Night
3590,F,Ship,3,1,121,2,low,M,2,5210,0,30,Night
3591,A,Ship,3,4,203,3,medium,M,1,5543,1,2,Morning
3592,B,Ship,2,3,134,10,high,F,1,5632,1,28,Night
3593,C,Ship,3,2,263,3,medium,M,8,5447,0,22,Morning
3594,F,Ship,5,2,279,8,low,M,5,4785,1,34,Afternoon
3595,D,Ship,4,2,222,3,low,F,3,5130,1,14,Night
3596,F,Ship,4,2,233,2,low,F,5,4668,1,24,Night
3597,A,Ship,4,2,271,3,low,M,9,4085,1,8,Night
3598,B,Ship,3,5,118,4,low,F,10,5699,0,11,Afternoon
3599,C,Ship,3,4,183,2,low,M,3,4179,0,7,Night
3600,F,Ship,3,4,217,3,low,F,5,4883,0,11,Afternoon
3601,D,Ship,3,4,245,10,medium,M,1,5363,1,42,Morning
3602,F,Ship,3,2,143,4,medium,F,7,4486,1,19,Morning
3603,A,Ship,3,2,149,3,medium,F,7,4049,0,17,Afternoon
3604,B,Ship,4,2,275,6,medium,M,9,1890,1,25,Afternoon
3605,C,Ship,7,4,282,5,low,M,5,1149,1,3,Night
3606,F,Ship,4,1,276,2,medium,M,3,1966,1,26,Afternoon
3607,D,Ship,4,5,244,3,low,M,6,1360,0,18,Afternoon
3608,F,Ship,5,5,258,4,medium,M,7,5478,1,29,Night
3609,A,Ship,3,5,257,3,low,M,5,5657,1,9,Afternoon
3610,B,Ship,4,2,195,5,medium,M,9,5178,0,11,Afternoon
3611,C,Ship,2,2,152,4,low,M,6,4606,0,32,Afternoon
3612,F,Ship,2,1,100,3,low,M,1,5776,0,16,Morning
3613,D,Ship,4,1,248,2,medium,M,4,5783,1,31,Morning
3614,F,Ship,4,5,274,2,low,F,2,4492,0,10,Afternoon
3615,A,Ship,3,3,203,2,low,M,1,5244,1,3,Afternoon
3616,B,Ship,6,5,194,5,low,F,8,4777,1,33,Night
3617,C,Ship,3,3,142,3,low,F,7,4439,1,41,Afternoon
3618,F,Ship,4,5,208,5,low,F,7,5833,1,23,Night
3619,D,Ship,4,5,237,2,medium,F,6,5954,1,45,Night
3620,F,Ship,3,1,210,2,low,M,9,4580,1,46,Morning
3621,A,Ship,3,3,158,2,low,M,10,4061,0,19,Morning
3622,B,Ship,3,3,148,3,low,M,1,5700,1,15,Afternoon
3623,C,Ship,3,2,146,3,high,F,4,5846,0,5,Afternoon
3624,F,Ship,3,3,155,3,low,F,3,5768,1,36,Night
3625,D,Ship,2,5,233,3,medium,M,10,5211,0,29,Morning
3626,F,Ship,3,4,165,2,medium,F,8,4280,0,9,Night
3627,A,Ship,4,3,227,3,medium,F,10,5491,0,41,Afternoon
3628,B,Ship,5,3,197,4,low,F,6,4184,1,1,Afternoon
3629,C,Ship,4,1,134,3,medium,M,2,4983,1,13,Morning
3630,F,Ship,5,2,134,2,low,M,9,5045,1,46,Night
3631,D,Ship,4,5,194,2,low,M,3,4724,0,48,Afternoon
3632,F,Ship,3,4,172,3,low,F,4,4337,1,19,Morning
3633,A,Ship,3,1,205,2,medium,F,2,5322,1,24,Night
3634,B,Ship,3,1,191,5,low,F,9,5196,0,38,Night
3635,C,Ship,3,3,225,4,low,M,10,5690,1,5,Night
3636,F,Ship,5,5,152,6,medium,M,2,4915,0,38,Afternoon
3637,D,Ship,5,3,249,3,medium,M,10,5001,0,46,Morning
3638,F,Ship,5,5,136,3,low,M,4,4218,0,40,Afternoon
3639,A,Ship,3,5,146,5,high,F,7,4538,1,5,Morning
3640,B,Ship,5,2,259,2,medium,M,1,4607,1,7,Afternoon
3641,C,Ship,3,2,159,3,medium,M,4,5577,0,23,Night
3642,F,Ship,5,1,162,3,medium,M,5,4064,0,13,Morning
3643,D,Ship,4,4,205,4,low,F,6,5064,1,41,Night
3644,F,Ship,5,5,155,3,medium,F,6,4109,0,31,Night
3645,A,Ship,4,5,171,4,medium,F,4,4151,1,39,Afternoon
3646,B,Ship,3,1,244,3,medium,F,1,5695,0,37,Morning
3647,C,Ship,5,5,135,3,medium,M,2,5849,0,9,Morning
3648,F,Ship,4,2,147,3,low,F,5,5174,1,45,Afternoon
3649,D,Ship,3,2,245,2,low,F,4,4514,0,6,Night
3650,F,Ship,5,4,266,6,low,F,5,5481,1,6,Morning
3651,A,Ship,3,5,165,3,low,M,3,5409,1,23,Morning
3652,B,Ship,4,3,226,3,medium,M,1,5433,0,1,Night
3653,C,Ship,5,4,185,3,medium,F,1,4925,1,26,Afternoon
3654,F,Ship,5,3,267,3,low,M,9,5258,0,41,Night
3655,D,Ship,5,3,169,3,low,F,9,4289,0,39,Afternoon
3656,F,Ship,4,1,191,3,high,F,6,5335,0,44,Afternoon
3657,A,Ship,3,1,187,3,medium,M,2,5154,0,34,Afternoon
3658,B,Ship,3,2,265,6,low,M,9,5936,1,46,Afternoon
3659,C,Ship,3,2,243,3,medium,F,8,4093,1,24,Morning
3660,F,Ship,6,3,166,3,low,F,2,5559,1,13,Afternoon
3661,D,Ship,5,3,249,2,medium,M,3,4440,1,22,Morning
3662,F,Ship,4,1,271,2,low,F,1,4866,1,12,Morning
3663,A,Ship,4,3,272,2,medium,F,5,4681,0,3,Afternoon
3664,B,Ship,4,3,226,2,low,F,8,4526,1,19,Night
3665,C,Ship,3,3,250,5,medium,M,8,5762,0,3,Afternoon
3666,F,Ship,2,5,135,6,medium,F,9,5777,0,11,Morning
3667,D,Ship,4,4,274,3,high,F,3,4202,0,19,Night
3668,F,Ship,4,4,184,3,medium,F,2,4124,0,32,Afternoon
3669,A,Ship,2,1,139,2,medium,F,2,4520,0,34,Morning
3670,B,Ship,3,3,198,2,low,M,8,4620,0,17,Afternoon
3671,C,Ship,4,2,168,2,medium,M,1,5154,1,47,Afternoon
3672,F,Ship,4,4,245,4,medium,M,4,5203,0,1,Night
3673,D,Road,4,1,251,3,low,F,4,4374,0,6,Afternoon
3674,F,Road,4,1,153,2,medium,M,9,4359,1,24,Morning
3675,A,Road,5,1,142,4,medium,F,2,4735,0,41,Afternoon
3676,B,Road,4,5,148,3,low,M,5,4913,1,50,Night
3677,C,Road,4,2,273,5,low,F,1,5012,1,14,Morning
3678,F,Road,3,1,180,6,low,M,5,4802,0,18,Night
3679,D,Road,3,3,158,3,low,F,2,5205,0,33,Afternoon
3680,F,Road,4,3,240,2,medium,F,2,5588,1,1,Night
3681,A,Road,4,1,174,3,low,M,7,4813,0,9,Night
3682,B,Road,4,2,186,3,low,M,6,4524,1,22,Afternoon
3683,C,Road,5,5,174,3,high,F,9,5969,0,28,Afternoon
3684,F,Road,4,1,260,4,low,M,10,4072,0,36,Afternoon
3685,D,Road,4,3,258,2,low,F,2,4308,1,39,Night
3686,F,Road,4,2,262,2,medium,M,3,4090,0,47,Night
3687,A,Road,4,2,197,3,low,M,4,5800,1,27,Afternoon
3688,B,Road,4,1,238,3,low,M,4,5449,0,49,Afternoon
3689,C,Road,3,3,168,2,low,F,9,4608,1,4,Morning
3690,F,Road,4,3,266,3,low,M,9,5621,0,20,Night
3691,D,Road,4,4,251,3,high,F,5,5460,1,18,Morning
3692,F,Road,3,5,272,2,low,M,3,5638,0,26,Night
3693,A,Road,5,3,203,2,medium,M,4,4311,0,41,Afternoon
3694,B,Road,5,5,168,3,low,M,6,4096,1,31,Night
3695,C,Flight,3,1,138,3,medium,F,7,5534,1,13,Morning
3696,F,Flight,3,1,129,3,medium,M,9,5296,0,31,Afternoon
3697,D,Flight,4,4,178,6,low,F,9,5279,0,34,Night
3698,F,Flight,5,1,211,2,medium,M,1,5913,0,40,Morning
3699,A,Flight,3,5,169,3,high,F,5,5750,1,45,Afternoon
3700,B,Flight,3,2,267,3,low,M,8,5922,1,46,Night
3701,C,Flight,3,4,183,3,low,F,1,5959,0,32,Morning
3702,F,Flight,3,1,194,2,low,M,8,4335,0,31,Afternoon
3703,D,Flight,5,3,151,2,low,M,8,4749,1,18,Night
3704,F,Flight,6,3,225,4,low,M,5,4184,0,34,Night
3705,A,Flight,5,2,184,4,low,M,6,4155,0,17,Afternoon
3706,B,Flight,3,2,269,2,medium,F,1,4978,1,39,Afternoon
3707,C,Flight,3,2,274,2,medium,M,5,5161,1,50,Afternoon
3708,F,Flight,5,4,142,2,high,M,7,5341,1,10,Afternoon
3709,D,Flight,4,1,140,4,low,M,6,5067,1,40,Afternoon
3710,F,Flight,4,1,219,5,medium,M,5,5253,1,13,Morning
3711,A,Flight,2,3,237,3,medium,M,2,5331,1,21,Morning
3712,B,Flight,3,5,140,5,low,M,7,4370,0,46,Night
3713,C,Flight,5,5,105,5,low,F,10,5418,0,45,Afternoon
3714,F,Flight,3,1,192,2,low,M,6,4056,1,16,Morning
3715,D,Flight,3,4,154,3,low,F,2,4990,0,8,Morning
3716,F,Flight,5,5,165,2,low,M,3,4005,0,10,Night
3717,A,Ship,5,1,197,4,low,F,2,5594,0,32,Afternoon
3718,B,Ship,3,5,274,3,low,F,3,5156,1,40,Night
3719,C,Ship,3,5,193,3,high,F,10,5991,0,27,Morning
3720,F,Ship,3,1,252,4,high,M,4,4303,1,33,Morning
3721,D,Ship,4,5,224,2,low,M,6,4994,1,41,Afternoon
3722,F,Ship,5,2,230,4,low,F,4,4782,0,36,Morning
3723,A,Ship,4,2,174,3,medium,F,10,4318,1,2,Morning
3724,B,Ship,3,2,226,3,medium,M,3,4940,0,43,Night
3725,C,Ship,5,1,245,3,medium,M,9,5690,1,15,Morning
3726,F,Ship,5,1,206,5,medium,M,2,5766,1,32,Afternoon
3727,D,Ship,3,5,241,3,low,M,2,4976,0,36,Afternoon
3728,F,Ship,3,4,148,4,high,F,1,4249,1,16,Morning
3729,A,Ship,5,2,181,3,low,M,7,5875,1,25,Afternoon
3730,B,Ship,4,3,146,3,low,F,8,5673,0,36,Night
3731,C,Ship,3,3,115,6,high,F,6,5636,1,43,Night
3732,F,Ship,4,5,201,3,low,F,10,4530,0,6,Night
3733,D,Ship,5,5,273,4,low,M,1,5225,0,39,Afternoon
3734,F,Ship,5,5,228,5,low,F,6,4506,1,17,Morning
3735,A,Ship,4,5,185,3,low,F,2,4336,0,42,Night
3736,B,Ship,6,1,170,3,low,F,10,4858,1,36,Morning
3737,C,Ship,4,4,156,2,low,M,7,5017,1,8,Morning
3738,F,Ship,4,4,159,3,medium,M,3,5545,1,4,Afternoon
3739,D,Ship,5,4,263,2,high,F,8,4914,1,12,Afternoon
3740,F,Ship,3,5,159,3,medium,F,1,4314,0,40,Night
3741,A,Ship,5,2,241,3,low,F,10,4244,0,28,Morning
3742,B,Ship,5,1,167,3,medium,M,3,4267,0,13,Morning
3743,C,Ship,4,5,231,3,low,M,4,5089,0,31,Night
3744,F,Ship,4,2,233,2,low,F,5,4817,1,19,Night
3745,D,Ship,6,4,256,4,high,M,2,5021,1,14,Morning
3746,F,Ship,3,1,205,4,high,F,3,4426,1,30,Afternoon
3747,A,Ship,2,2,180,2,high,M,1,4407,1,37,Afternoon
3748,B,Ship,2,3,187,2,medium,F,10,5957,1,13,Afternoon
3749,C,Ship,3,4,250,2,medium,M,1,4922,0,26,Morning
3750,F,Ship,4,4,273,2,low,M,9,5151,1,20,Morning
3751,D,Ship,3,5,224,2,low,F,10,4445,1,29,Afternoon
3752,F,Ship,3,2,195,2,medium,M,8,4365,1,23,Night
3753,A,Ship,4,2,148,2,low,M,9,4334,1,24,Afternoon
3754,B,Ship,3,4,181,2,medium,F,4,4629,1,8,Afternoon
3755,C,Ship,5,1,111,4,high,F,2,5978,0,11,Morning
3756,F,Ship,3,2,181,3,medium,F,9,4163,1,41,Afternoon
3757,D,Ship,3,2,108,4,low,F,5,4787,1,45,Afternoon
3758,F,Ship,4,5,188,5,low,F,1,5999,0,18,Afternoon
3759,A,Ship,6,3,231,4,low,F,7,4553,0,3,Morning
3760,B,Ship,2,3,230,3,low,F,4,5127,1,15,Morning
3761,C,Ship,4,3,197,2,low,M,7,5449,1,25,Morning
3762,F,Ship,3,1,252,3,high,F,6,5101,1,38,Night
3763,D,Ship,6,4,237,5,medium,F,2,5437,0,32,Night
3764,F,Ship,4,4,182,3,medium,F,8,5453,0,38,Morning
3765,A,Ship,5,4,241,3,high,M,6,4157,1,28,Night
3766,B,Ship,4,4,247,2,medium,F,6,5833,0,40,Morning
3767,C,Ship,5,2,156,4,low,M,8,5014,1,44,Morning
3768,F,Ship,5,4,189,3,low,M,7,4741,0,1,Morning
3769,D,Ship,4,1,240,4,low,M,9,4471,0,9,Morning
3770,F,Ship,3,1,196,3,medium,M,8,4516,1,15,Afternoon
3771,A,Ship,3,5,157,3,low,M,7,5100,1,13,Night
3772,B,Ship,2,2,203,4,medium,M,10,5764,1,29,Morning
3773,C,Ship,3,5,156,8,medium,F,9,4733,0,37,Morning
3774,F,Ship,3,3,172,6,medium,F,5,5366,0,6,Night
3775,D,Ship,4,2,204,2,low,F,1,4533,1,42,Morning
3776,F,Ship,4,2,283,7,high,F,9,5252,0,25,Morning
3777,A,Ship,4,4,257,10,medium,M,4,4710,1,20,Afternoon
3778,B,Ship,2,4,147,2,medium,M,3,5136,0,43,Afternoon
3779,C,Ship,4,2,229,3,low,F,6,5691,0,32,Morning
3780,F,Ship,2,1,111,2,low,F,1,4296,0,35,Night
3781,D,Ship,3,3,231,2,high,F,8,5021,1,22,Night
3782,F,Ship,4,1,197,3,low,F,6,5032,1,34,Afternoon
3783,A,Ship,4,1,157,2,medium,F,5,5647,1,31,Morning
3784,B,Ship,3,3,201,10,high,M,10,5281,1,36,Afternoon
3785,C,Ship,4,3,247,10,high,M,10,5644,1,19,Night
3786,F,Ship,5,5,184,3,low,F,5,5045,1,2,Afternoon
3787,D,Ship,3,2,144,10,high,F,3,5000,1,26,Morning
3788,F,Ship,3,4,245,4,low,M,9,4139,1,3,Afternoon
3789,A,Ship,3,3,163,3,low,M,5,5638,1,12,Morning
3790,B,Ship,3,1,154,10,medium,F,3,4524,1,17,Night
3791,C,Ship,4,2,245,2,low,M,8,5871,0,18,Night
3792,F,Ship,3,3,268,10,medium,M,2,5626,0,2,Afternoon
3793,D,Ship,4,1,180,3,low,F,1,5677,1,45,Morning
3794,F,Ship,2,2,230,3,low,F,7,4889,1,6,Afternoon
3795,A,Ship,4,1,197,2,low,F,2,5685,1,45,Morning
3796,B,Ship,3,5,252,3,high,F,4,4248,1,9,Morning
3797,C,Ship,6,4,237,5,medium,F,10,5434,1,34,Night
3798,F,Ship,4,2,182,3,medium,M,7,4710,0,43,Afternoon
3799,D,Ship,5,1,241,3,high,M,8,5306,0,20,Morning
3800,F,Ship,4,3,247,2,medium,F,3,4862,0,44,Night
3801,A,Ship,5,4,156,4,low,M,1,5533,0,10,Morning
3802,B,Ship,5,2,189,3,low,F,1,5965,1,19,Night
3803,C,Ship,4,1,240,4,low,F,7,5905,0,17,Night
3804,F,Ship,3,4,196,3,medium,M,8,5204,1,2,Afternoon
3805,D,Ship,3,3,157,3,low,M,9,5807,0,18,Night
3806,F,Ship,2,1,203,4,medium,F,4,4145,1,32,Afternoon
3807,A,Ship,3,2,156,8,medium,M,6,5637,0,38,Morning
3808,B,Ship,3,4,172,6,medium,F,1,4618,1,17,Morning
3809,C,Ship,4,1,204,2,low,M,7,5795,1,6,Morning
3810,F,Road,4,3,283,7,high,F,1,4216,0,26,Afternoon
3811,D,Road,4,3,257,10,medium,F,3,5881,0,38,Afternoon
3812,F,Road,2,5,147,2,medium,F,8,5499,1,47,Night
3813,A,Road,4,3,229,3,low,M,5,5225,0,8,Night
3814,B,Road,2,5,111,2,low,M,4,4473,0,34,Morning
3815,C,Road,3,4,231,2,high,F,6,4452,1,24,Night
3816,F,Road,4,2,197,3,low,M,2,4113,0,26,Afternoon
3817,D,Road,4,4,157,2,medium,M,8,5398,1,8,Morning
3818,F,Road,3,4,201,10,high,F,7,4699,1,26,Afternoon
3819,A,Road,4,3,247,10,high,M,10,5882,1,9,Night
3820,B,Road,5,5,184,3,low,F,2,5800,1,40,Night
3821,C,Road,3,4,144,10,high,M,8,4440,1,12,Morning
3822,F,Road,3,4,245,4,low,M,4,5186,0,50,Night
3823,D,Road,3,5,163,3,low,M,5,4570,1,5,Morning
3824,F,Road,3,3,154,10,medium,F,1,5235,0,32,Night
3825,A,Road,4,2,245,2,low,M,1,5978,1,47,Night
3826,B,Road,3,2,268,10,medium,M,9,4483,1,6,Night
3827,C,Road,4,3,180,3,low,M,7,5718,1,9,Night
3828,F,Road,3,3,182,4,low,M,10,1690,0,27,Afternoon
3829,D,Road,4,2,164,2,low,F,7,1116,1,26,Morning
3830,F,Road,6,4,136,3,low,M,2,1187,1,21,Morning
3831,A,Road,6,2,290,5,medium,M,8,1512,0,12,Night
3832,B,Flight,6,1,134,3,medium,M,10,1278,0,4,Night
3833,C,Flight,4,1,215,3,low,F,2,5563,0,34,Morning
3834,F,Flight,4,4,213,4,low,M,2,5857,0,14,Morning
3835,D,Flight,5,2,132,3,medium,F,4,4475,0,28,Morning
3836,F,Flight,3,5,220,4,low,M,2,4313,1,25,Morning
3837,A,Flight,3,4,215,2,low,F,8,5683,1,50,Afternoon
3838,B,Flight,6,5,212,2,low,F,5,4804,0,9,Morning
3839,C,Flight,4,1,190,4,medium,F,5,5570,0,9,Night
3840,F,Flight,5,2,171,3,low,M,3,4749,0,41,Night
3841,D,Flight,4,2,153,2,medium,F,4,4069,0,27,Night
3842,F,Flight,3,1,164,3,medium,M,2,5488,1,32,Morning
3843,A,Flight,5,4,172,2,low,M,5,4554,0,12,Night
3844,B,Flight,3,1,199,6,medium,F,7,4805,1,27,Afternoon
3845,C,Flight,3,2,163,3,medium,M,6,4323,1,28,Night
3846,F,Flight,5,2,263,3,low,M,9,4699,0,35,Night
3847,D,Flight,3,4,156,3,medium,M,7,4636,1,13,Morning
3848,F,Flight,4,3,206,4,low,M,1,4596,0,5,Afternoon
3849,A,Flight,3,4,224,2,low,M,8,4162,1,28,Night
3850,B,Flight,3,3,221,2,medium,F,5,4205,0,19,Night
3851,C,Flight,4,3,221,4,low,F,1,4865,1,10,Night
3852,F,Flight,2,3,263,3,medium,F,10,4779,1,21,Afternoon
3853,D,Flight,6,4,148,4,low,F,10,5088,1,5,Morning
3854,F,Ship,3,3,232,3,low,F,9,5016,0,1,Afternoon
3855,A,Ship,3,1,139,3,medium,F,3,5847,0,5,Afternoon
3856,B,Ship,3,3,185,4,low,F,6,4015,1,33,Morning
3857,C,Ship,3,2,183,3,medium,M,9,4282,1,32,Morning
3858,F,Ship,5,1,245,2,medium,F,2,4882,0,1,Morning
3859,D,Ship,3,3,159,4,medium,M,9,4214,1,13,Night
3860,F,Ship,5,2,249,3,medium,M,6,5212,1,12,Morning
3861,A,Ship,4,5,233,2,medium,M,10,5865,0,4,Morning
3862,B,Ship,4,5,226,2,high,M,2,5881,0,29,Afternoon
3863,C,Ship,5,1,152,3,medium,F,6,4735,1,38,Night
3864,F,Ship,2,4,143,6,medium,F,1,5514,1,1,Afternoon
3865,D,Ship,6,2,218,6,medium,M,1,4558,0,37,Night
3866,F,Ship,3,4,209,3,medium,M,2,4976,1,2,Night
3867,A,Ship,2,2,157,2,medium,M,9,5875,1,9,Morning
3868,B,Ship,4,3,218,2,medium,M,6,4414,0,47,Afternoon
3869,C,Ship,4,3,235,3,high,F,10,4172,1,4,Afternoon
3870,F,Ship,5,5,253,2,medium,F,2,4364,1,3,Morning
3871,D,Ship,3,2,211,3,high,M,7,4145,0,7,Afternoon
3872,F,Ship,4,2,265,4,medium,M,3,4283,0,19,Night
3873,A,Ship,4,2,201,3,medium,M,7,5967,0,18,Morning
3874,B,Ship,4,5,216,3,medium,M,1,5167,0,27,Afternoon
3875,C,Ship,2,5,176,3,low,F,4,5463,1,6,Afternoon
3876,F,Ship,4,5,155,3,medium,M,8,4924,1,48,Morning
3877,D,Ship,4,4,266,2,low,F,2,4290,1,28,Afternoon
3878,F,Ship,4,3,250,6,medium,M,7,5115,0,7,Morning
3879,A,Ship,5,2,205,4,low,M,6,5486,1,1,Morning
3880,B,Ship,5,2,175,3,low,M,1,4019,1,8,Night
3881,C,Ship,3,2,260,4,high,F,3,4423,1,26,Night
3882,F,Ship,3,2,157,3,high,F,1,5398,1,20,Night
3883,D,Ship,5,3,282,3,medium,M,5,4644,0,27,Morning
3884,F,Ship,3,4,238,3,medium,F,8,5337,0,7,Afternoon
3885,A,Ship,3,4,187,2,medium,M,4,5139,0,33,Morning
3886,B,Ship,3,3,104,5,low,F,5,4643,1,7,Morning
3887,C,Ship,5,4,230,3,low,M,1,4727,1,42,Afternoon
3888,F,Ship,4,3,174,2,low,M,10,5554,1,8,Night
3889,D,Ship,5,3,237,2,medium,M,3,5113,1,47,Night
3890,F,Ship,3,1,202,2,medium,F,7,4506,0,46,Afternoon
3891,A,Ship,3,1,204,3,medium,M,4,5900,0,21,Afternoon
3892,B,Ship,3,4,243,2,high,M,7,4024,1,49,Morning
3893,C,Ship,4,1,165,2,medium,F,5,5014,0,7,Afternoon
3894,F,Ship,2,4,169,4,low,F,3,4968,0,21,Night
3895,D,Ship,2,3,197,3,low,F,7,4632,1,46,Night
3896,F,Ship,5,5,263,2,medium,M,8,4350,1,12,Night
3897,A,Ship,4,1,247,2,low,M,3,4113,1,23,Afternoon
3898,B,Ship,4,4,207,3,low,M,9,4314,1,46,Night
3899,C,Ship,4,4,155,2,medium,F,9,4932,0,34,Morning
3900,F,Ship,4,5,174,2,low,M,10,5764,1,13,Night
3901,D,Ship,3,2,220,3,medium,M,8,4148,1,11,Night
3902,F,Ship,5,5,192,3,medium,M,5,4942,0,14,Night
3903,A,Ship,5,3,231,3,medium,F,2,4735,1,48,Morning
3904,B,Ship,4,1,237,3,low,F,10,5381,1,38,Afternoon
3905,C,Ship,4,1,187,3,medium,M,8,5872,1,42,Morning
3906,F,Ship,5,4,141,4,high,F,5,5444,0,49,Morning
3907,D,Ship,4,4,272,5,low,F,3,5243,1,30,Afternoon
3908,F,Ship,3,1,229,3,low,M,5,4971,0,27,Night
3909,A,Ship,4,2,173,2,medium,M,9,4307,1,22,Night
3910,B,Ship,2,1,271,2,low,M,7,5875,1,44,Morning
3911,C,Ship,4,5,246,3,medium,F,7,4956,1,10,Morning
3912,F,Ship,4,3,104,4,medium,M,3,4548,1,25,Night
3913,D,Ship,4,4,121,5,low,F,8,4233,0,9,Night
3914,F,Ship,3,3,212,3,medium,F,10,5935,1,49,Morning
3915,A,Ship,3,1,139,5,medium,F,5,4572,1,14,Morning
3916,B,Ship,3,4,250,3,low,M,10,5688,1,28,Afternoon
3917,C,Ship,4,4,272,2,low,M,10,4826,0,14,Night
3918,F,Ship,6,1,160,5,medium,M,8,5982,1,29,Afternoon
3919,D,Ship,5,1,170,4,low,F,4,4855,0,19,Night
3920,F,Ship,4,1,260,2,low,F,1,5001,0,7,Night
3921,A,Ship,2,1,168,3,low,F,7,4008,1,12,Afternoon
3922,B,Ship,4,2,261,2,medium,M,7,5764,1,46,Morning
3923,C,Ship,5,4,117,3,medium,F,4,5332,1,36,Afternoon
3924,F,Ship,4,2,151,4,medium,F,5,5469,1,19,Morning
3925,D,Ship,5,1,181,2,medium,F,4,5578,0,26,Afternoon
3926,F,Ship,6,1,251,4,low,M,2,5656,1,21,Morning
3927,A,Ship,2,3,178,3,medium,F,8,4451,0,14,Night
3928,B,Ship,3,1,227,3,low,M,10,4305,0,43,Morning
3929,C,Ship,4,3,206,4,medium,M,1,4812,0,31,Afternoon
3930,F,Ship,4,4,181,4,low,M,4,5767,1,38,Afternoon
3931,D,Ship,4,5,117,5,medium,F,1,4378,1,49,Morning
3932,F,Ship,2,4,187,6,medium,F,9,4388,1,19,Night
3933,A,Ship,5,3,219,4,medium,M,5,4096,1,49,Afternoon
3934,B,Ship,6,3,280,3,low,M,7,4620,0,25,Night
3935,C,Ship,6,5,178,3,low,F,5,4096,1,32,Afternoon
3936,F,Ship,3,1,139,2,medium,M,3,4226,1,7,Afternoon
3937,D,Ship,3,5,137,2,low,F,6,5709,0,8,Night
3938,F,Ship,5,3,248,2,low,F,6,5863,0,26,Night
3939,A,Ship,3,5,259,3,low,F,10,5978,1,33,Morning
3940,B,Ship,4,5,139,3,medium,M,5,5126,1,35,Night
3941,C,Ship,3,5,267,2,medium,M,4,4703,1,49,Morning
3942,F,Ship,3,5,271,4,medium,M,1,5852,0,22,Afternoon
3943,D,Ship,5,1,181,4,medium,F,4,5505,1,26,Night
3944,F,Ship,4,5,222,2,medium,M,2,4425,1,50,Night
3945,A,Ship,3,5,159,2,medium,M,6,5804,1,12,Night
3946,B,Ship,3,4,238,2,medium,M,3,4930,1,22,Afternoon
3947,C,Road,5,3,256,6,medium,F,5,5614,0,18,Morning
3948,F,Road,4,2,202,3,low,M,9,4955,1,15,Morning
3949,D,Road,4,1,258,3,medium,M,2,4188,1,44,Afternoon
3950,F,Road,4,5,174,3,medium,F,8,5576,1,48,Night
3951,A,Road,4,3,270,2,low,M,7,5814,1,27,Afternoon
3952,B,Road,4,1,215,3,low,M,9,4551,1,35,Afternoon
3953,C,Road,3,1,254,4,medium,M,9,4571,1,22,Morning
3954,F,Road,6,4,253,2,low,F,9,5972,1,9,Morning
3955,D,Road,3,2,269,4,medium,M,1,5797,1,46,Morning
3956,F,Road,4,1,224,5,low,F,7,5738,1,46,Morning
3957,A,Road,3,1,157,3,medium,M,1,4391,1,43,Afternoon
3958,B,Road,3,3,250,3,low,F,5,4625,1,9,Morning
3959,C,Road,6,1,132,4,medium,M,5,5235,0,22,Night
3960,F,Road,5,2,256,3,medium,M,6,5604,0,7,Morning
3961,D,Road,4,2,237,3,low,M,1,5114,1,14,Afternoon
3962,F,Road,5,1,199,2,medium,M,7,4660,0,10,Afternoon
3963,A,Road,3,4,186,3,medium,M,7,4536,1,23,Morning
3964,B,Road,4,5,213,3,medium,F,7,4114,1,38,Night
3965,C,Road,3,1,260,2,medium,F,6,4332,1,9,Night
3966,F,Road,6,1,247,3,low,M,1,4637,0,38,Morning
3967,D,Road,4,3,178,2,medium,F,9,4322,0,18,Night
3968,F,Road,3,1,135,2,low,M,7,5682,1,30,Afternoon
3969,A,Flight,3,3,234,3,medium,F,3,4187,0,35,Night
3970,B,Flight,4,5,214,3,high,F,1,4004,1,11,Night
3971,C,Flight,4,1,174,3,low,F,8,5549,1,1,Morning
3972,F,Flight,5,5,262,2,medium,M,8,4283,1,11,Morning
3973,D,Flight,4,1,180,3,high,F,5,4346,1,38,Morning
3974,F,Flight,5,2,165,2,medium,F,6,4819,0,7,Night
3975,A,Flight,4,1,150,3,low,F,10,4470,1,50,Morning
3976,B,Flight,5,4,227,2,low,F,9,5706,0,29,Night
3977,C,Flight,5,1,220,3,medium,M,8,5727,0,37,Night
3978,F,Flight,5,5,255,2,medium,M,1,4604,0,37,Morning
3979,D,Flight,3,2,202,2,medium,M,5,5135,0,9,Afternoon
3980,F,Flight,4,4,261,3,medium,M,2,4140,1,3,Morning
3981,A,Flight,5,3,244,2,low,M,5,4713,1,3,Afternoon
3982,B,Flight,4,2,173,3,medium,F,1,5128,1,50,Morning
3983,C,Flight,3,2,224,3,medium,M,1,5343,0,32,Night
3984,F,Flight,4,4,263,2,medium,M,2,5797,0,3,Morning
3985,D,Flight,5,1,160,5,low,F,1,4672,1,13,Night
3986,F,Flight,6,2,106,5,low,M,9,4038,0,29,Night
3987,A,Flight,3,2,227,2,medium,M,9,4659,1,37,Night
3988,B,Flight,3,5,257,2,low,M,2,5251,0,36,Morning
3989,C,Flight,3,1,155,3,medium,F,6,5113,0,20,Afternoon
3990,F,Flight,3,4,212,3,low,F,8,5214,1,16,Morning
3991,D,Ship,6,3,205,3,low,M,10,4996,1,2,Afternoon
3992,F,Ship,3,4,211,3,low,F,6,5890,1,21,Night
3993,A,Ship,5,4,178,5,low,F,9,4729,0,2,Morning
3994,B,Ship,3,3,221,3,high,M,5,4568,0,23,Afternoon
3995,C,Ship,3,3,253,4,low,F,9,4682,0,15,Night
3996,F,Ship,3,1,185,2,medium,M,8,5430,0,21,Afternoon
3997,D,Ship,3,3,160,2,high,M,6,5667,1,23,Morning
3998,F,Ship,3,4,173,2,low,M,5,4402,1,1,Night
3999,A,Ship,3,3,256,3,medium,M,8,4070,1,45,Morning
4000,B,Ship,3,4,134,3,high,F,6,5680,1,3,Afternoon
4001,C,Ship,4,5,160,6,low,F,4,4684,0,2,Morning
4002,F,Ship,2,3,205,3,low,M,1,5137,1,39,Night
4003,D,Ship,4,1,202,3,low,M,4,4029,1,20,Morning
4004,F,Ship,2,2,158,3,medium,F,2,4153,1,23,Morning
4005,A,Ship,4,3,233,3,medium,M,4,5259,1,49,Night
4006,B,Ship,3,3,163,2,high,F,10,5364,0,2,Night
4007,C,Ship,4,4,202,4,medium,M,4,4053,1,41,Night
4008,F,Ship,5,2,229,3,low,M,1,5189,0,4,Morning
4009,D,Ship,5,4,120,4,high,M,1,4183,1,28,Afternoon
4010,F,Ship,5,1,185,2,medium,F,10,5973,0,47,Afternoon
4011,A,Ship,2,5,154,3,medium,F,1,4377,1,43,Afternoon
4012,B,Ship,2,4,238,3,medium,M,4,5782,0,23,Night
4013,C,Ship,4,2,179,3,low,M,3,5284,1,21,Afternoon
4014,F,Ship,4,5,237,2,medium,F,10,4963,1,21,Night
4015,D,Ship,4,1,234,3,low,F,8,4996,1,32,Morning
4016,F,Ship,2,5,116,3,low,F,1,4091,0,42,Afternoon
4017,A,Ship,4,5,157,4,low,F,8,4344,0,17,Night
4018,B,Ship,4,2,151,3,medium,M,8,4390,0,16,Morning
4019,C,Ship,3,5,160,3,medium,F,1,5062,1,43,Morning
4020,F,Ship,3,5,226,3,low,M,8,5203,0,12,Afternoon
4021,D,Ship,2,5,254,3,low,M,6,5684,1,2,Morning
4022,F,Ship,3,5,194,3,low,M,8,5726,0,25,Afternoon
4023,A,Ship,5,5,194,4,medium,F,4,4003,1,24,Night
4024,B,Ship,3,4,175,3,low,M,6,5503,1,18,Night
4025,C,Ship,4,1,228,2,medium,F,9,4091,1,8,Morning
4026,F,Ship,3,3,240,3,low,F,4,5056,0,12,Night
4027,D,Ship,2,1,166,3,medium,F,8,4255,0,44,Afternoon
4028,F,Ship,4,5,249,2,medium,F,10,4562,1,50,Night
4029,A,Ship,4,1,261,3,medium,M,7,4314,0,31,Night
4030,B,Ship,4,1,209,2,low,F,10,5066,1,23,Morning
4031,C,Ship,3,2,154,2,medium,M,4,5864,1,9,Afternoon
4032,F,Ship,6,5,98,3,low,F,8,5946,1,44,Afternoon
4033,D,Ship,3,5,193,3,medium,M,2,4784,1,41,Afternoon
4034,F,Ship,3,5,169,3,low,F,6,5397,1,2,Night
4035,A,Ship,5,4,227,2,medium,M,3,5904,1,48,Night
4036,B,Ship,3,3,150,2,medium,M,6,4170,0,44,Afternoon
4037,C,Ship,5,4,260,6,medium,M,8,5440,0,30,Night
4038,F,Ship,5,5,243,6,medium,F,9,4587,1,30,Night
4039,D,Ship,2,4,271,8,medium,F,10,4183,1,28,Night
4040,F,Ship,4,3,129,6,medium,F,5,5626,1,44,Night
4041,A,Ship,3,2,228,3,medium,F,4,4208,1,27,Night
4042,B,Ship,5,5,243,2,low,M,9,4669,0,33,Night
4043,C,Ship,2,3,187,3,medium,F,6,5547,1,11,Night
4044,F,Ship,3,3,185,3,medium,F,10,4387,1,25,Night
4045,D,Ship,2,1,228,3,high,F,1,5500,0,39,Afternoon
4046,F,Ship,5,1,248,8,low,F,2,4023,0,15,Afternoon
4047,A,Ship,4,5,233,4,low,F,6,4652,1,36,Night
4048,B,Ship,4,3,151,3,medium,F,8,4025,0,37,Afternoon
4049,C,Ship,5,2,160,3,high,M,3,4599,1,9,Morning
4050,F,Ship,3,5,265,3,medium,M,4,4268,0,33,Morning
4051,D,Ship,3,3,229,7,high,F,4,5075,0,20,Night
4052,F,Ship,6,3,144,7,high,F,8,5646,0,50,Night
4053,A,Ship,3,5,172,10,high,F,1,4929,0,28,Morning
4054,B,Ship,3,5,273,10,medium,F,5,4608,1,15,Night
4055,C,Ship,3,3,182,4,low,M,7,1869,0,36,Afternoon
4056,F,Ship,4,3,164,2,low,F,3,1376,1,5,Afternoon
4057,D,Ship,3,1,240,3,low,F,4,5484,0,18,Night
4058,F,Ship,2,1,166,3,medium,M,6,4280,1,9,Afternoon
4059,A,Ship,4,2,249,2,medium,F,7,5876,0,31,Afternoon
4060,B,Ship,4,3,261,3,medium,M,1,4590,1,32,Morning
4061,C,Ship,4,5,209,2,low,F,8,4047,1,32,Morning
4062,F,Ship,3,5,154,2,medium,M,6,4744,1,40,Night
4063,D,Ship,6,3,98,3,low,F,8,4651,0,13,Afternoon
4064,F,Ship,3,5,193,3,medium,F,9,4982,1,46,Morning
4065,A,Ship,3,1,169,3,low,F,6,4081,0,30,Night
4066,B,Ship,5,4,227,2,medium,M,10,4734,1,27,Night
4067,C,Ship,3,5,150,2,medium,M,10,5944,1,25,Afternoon
4068,F,Ship,5,3,260,6,medium,F,10,4986,1,49,Night
4069,D,Ship,5,4,243,6,medium,F,1,4170,0,46,Morning
4070,F,Ship,2,1,271,8,medium,F,5,4924,1,8,Morning
4071,A,Ship,4,4,129,6,medium,F,7,4873,0,21,Morning
4072,B,Ship,3,3,228,3,medium,F,8,4927,1,21,Afternoon
4073,C,Ship,5,3,243,2,low,F,9,4828,0,43,Night
4074,F,Ship,2,1,187,3,medium,F,3,5922,1,47,Afternoon
4075,D,Ship,3,3,185,3,medium,M,4,4111,0,1,Night
4076,F,Ship,2,3,228,3,high,M,5,4663,1,43,Night
4077,A,Ship,5,2,248,8,low,F,10,4583,1,13,Morning
4078,B,Ship,4,5,233,4,low,F,6,4705,0,50,Night
4079,C,Ship,4,5,151,3,medium,F,10,5275,1,12,Night
4080,F,Ship,5,4,160,3,high,M,2,5876,1,21,Morning
4081,D,Ship,3,4,265,3,medium,F,7,5113,1,7,Morning
4082,F,Ship,3,2,229,7,high,M,3,5584,1,13,Morning
4083,A,Ship,6,2,144,7,high,M,1,5501,1,2,Afternoon
4084,B,Road,3,4,172,10,high,M,9,4883,1,21,Morning
4085,C,Road,3,3,273,10,medium,F,10,5574,0,14,Morning
4086,F,Road,3,5,182,4,low,M,6,1272,0,22,Night
4087,D,Road,4,4,164,2,low,F,9,1949,0,21,Night
4088,F,Road,3,5,268,2,medium,M,5,1707,1,31,Night
4089,A,Road,3,3,218,4,medium,F,4,1678,0,46,Night
4090,B,Road,5,3,236,2,medium,M,6,1329,0,40,Afternoon
4091,C,Road,3,4,188,4,low,M,2,1059,0,13,Morning
4092,F,Road,4,2,277,5,medium,F,8,1335,1,12,Morning
4093,D,Road,6,1,127,3,low,F,8,5976,0,33,Night
4094,F,Road,5,1,143,3,low,M,5,5146,0,15,Night
4095,A,Road,6,1,192,6,medium,M,7,4014,0,45,Afternoon
4096,B,Road,4,2,239,2,medium,F,9,4360,1,19,Morning
4097,C,Road,3,5,215,3,low,M,4,4828,0,40,Afternoon
4098,F,Road,6,1,139,5,medium,M,1,4243,1,45,Morning
4099,D,Road,3,2,250,3,medium,F,4,5361,1,38,Afternoon
4100,F,Road,3,1,187,3,medium,F,1,5541,1,25,Night
4101,A,Road,2,1,151,3,low,F,5,5982,0,19,Night
4102,B,Road,3,5,181,3,medium,M,9,4191,1,36,Morning
4103,C,Road,4,4,170,5,low,M,5,4823,0,38,Morning
4104,F,Road,4,3,139,3,low,F,1,4986,1,47,Afternoon
4105,D,Road,4,4,186,2,low,F,1,4519,1,19,Afternoon
4106,F,Flight,3,2,273,3,medium,F,2,4948,1,22,Night
4107,A,Flight,6,1,274,5,low,F,8,4292,0,39,Afternoon
4108,B,Flight,3,5,108,2,low,F,10,5559,0,33,Morning
4109,C,Flight,3,5,132,3,medium,F,4,4212,1,3,Night
4110,F,Flight,4,1,223,3,medium,F,4,4972,0,18,Afternoon
4111,D,Flight,3,2,240,3,medium,M,2,4804,1,10,Afternoon
4112,F,Flight,3,5,106,2,low,F,3,5615,1,12,Afternoon
4113,A,Flight,5,4,143,5,medium,F,5,4393,0,24,Morning
4114,B,Flight,5,1,238,2,medium,M,5,5441,0,22,Afternoon
4115,C,Flight,2,1,156,3,medium,M,3,5937,1,37,Afternoon
4116,F,Flight,4,2,203,3,low,F,9,5296,0,44,Night
4117,D,Flight,3,4,259,4,medium,F,5,4564,0,26,Night
4118,F,Flight,4,4,225,3,low,M,10,4486,1,16,Morning
4119,A,Flight,4,5,154,3,medium,F,9,5208,1,19,Morning
4120,B,Flight,5,2,227,3,medium,M,2,4058,0,22,Night
4121,C,Flight,4,3,208,2,medium,F,1,5826,1,2,Night
4122,F,Flight,5,3,255,3,medium,F,8,5983,1,31,Night
4123,D,Flight,4,1,218,2,low,M,7,4597,1,22,Night
4124,F,Flight,3,5,184,3,medium,M,1,4161,1,20,Morning
4125,A,Flight,4,1,233,2,low,M,7,4403,0,12,Night
4126,B,Flight,3,5,230,4,medium,F,2,5916,0,35,Night
4127,C,Flight,4,3,249,3,low,M,5,5017,0,4,Afternoon
4128,F,Ship,5,2,176,4,low,M,2,4893,1,34,Morning
4129,D,Ship,4,2,272,4,low,M,3,5566,1,32,Morning
4130,F,Ship,4,4,192,2,low,M,7,4151,1,3,Night
4131,A,Ship,6,3,100,4,low,M,3,5756,1,22,Night
4132,B,Ship,2,1,271,6,low,F,2,4237,0,21,Morning
4133,C,Ship,4,5,165,3,high,M,5,4735,1,25,Night
4134,F,Ship,3,4,124,4,medium,F,10,5011,1,24,Afternoon
4135,D,Ship,4,1,193,4,low,F,4,4796,1,1,Night
4136,F,Ship,3,2,156,3,medium,M,2,4681,1,32,Morning
4137,A,Ship,5,3,170,3,medium,M,10,4198,1,19,Night
4138,B,Ship,2,3,243,5,medium,M,5,4750,0,33,Night
4139,C,Ship,3,4,163,2,low,F,7,5720,1,5,Night
4140,F,Ship,4,3,201,2,low,F,4,4955,0,33,Morning
4141,D,Ship,3,5,232,3,low,M,10,5333,1,24,Night
4142,F,Ship,3,3,214,3,medium,F,2,4964,0,28,Afternoon
4143,A,Ship,3,1,149,2,medium,F,7,4147,0,46,Morning
4144,B,Ship,3,4,122,3,high,F,10,4880,1,44,Afternoon
4145,C,Ship,3,3,253,4,low,M,2,5040,0,32,Morning
4146,F,Ship,2,5,123,4,medium,M,8,4042,1,38,Afternoon
4147,D,Ship,4,3,261,3,medium,F,2,4028,1,43,Afternoon
4148,F,Ship,5,1,235,3,low,F,7,5061,1,19,Morning
4149,A,Ship,2,3,141,4,medium,M,8,4702,1,22,Night
4150,B,Ship,3,1,241,2,low,M,8,5602,0,27,Afternoon
4151,C,Ship,4,1,253,2,low,F,9,4299,1,3,Morning
4152,F,Ship,4,4,177,2,low,F,6,5116,1,34,Morning
4153,D,Ship,5,4,160,3,high,M,10,5527,1,14,Afternoon
4154,F,Ship,3,4,134,3,low,F,9,4436,1,42,Night
4155,A,Ship,5,2,258,2,medium,F,4,5965,1,16,Night
4156,B,Ship,5,3,188,2,low,M,6,4840,1,36,Afternoon
4157,C,Ship,5,2,270,3,medium,F,5,5950,0,18,Afternoon
4158,F,Ship,3,1,243,2,medium,M,10,5460,1,32,Night
4159,D,Ship,2,4,100,4,low,M,3,5398,1,4,Afternoon
4160,F,Ship,3,3,134,4,medium,M,7,5370,0,46,Morning
4161,A,Ship,4,2,255,3,medium,M,3,4562,0,3,Night
4162,B,Ship,3,3,260,2,low,M,8,5382,1,42,Afternoon
4163,C,Ship,5,5,265,3,low,M,6,4423,0,26,Night
4164,F,Ship,2,5,221,3,low,M,2,5847,1,6,Morning
4165,D,Ship,5,4,157,4,low,M,9,4840,1,49,Afternoon
4166,F,Ship,4,3,222,3,low,F,8,4861,1,13,Morning
4167,A,Ship,5,2,179,3,low,M,7,5496,1,39,Morning
4168,B,Ship,3,2,231,3,low,F,5,5046,1,32,Night
4169,C,Ship,3,5,228,2,low,M,6,5893,1,5,Afternoon
4170,F,Ship,2,5,264,2,low,M,9,5898,0,15,Afternoon
4171,D,Ship,4,3,170,3,medium,F,2,5330,0,29,Afternoon
4172,F,Ship,3,2,159,2,medium,F,3,4876,1,42,Afternoon
4173,A,Ship,3,3,166,3,high,M,6,5089,0,46,Afternoon
4174,B,Ship,3,2,234,2,medium,M,8,4012,0,12,Afternoon
4175,C,Ship,6,1,215,5,medium,F,5,4362,1,30,Morning
4176,F,Ship,3,2,179,2,high,F,8,5589,1,17,Night
4177,D,Ship,3,3,180,3,medium,M,8,5953,0,42,Afternoon
4178,F,Ship,4,5,149,3,low,M,9,4953,0,18,Morning
4179,A,Ship,3,2,150,3,low,M,1,5825,1,35,Afternoon
4180,B,Ship,4,1,155,3,low,F,4,5666,1,42,Afternoon
4181,C,Ship,4,5,199,2,medium,M,4,4762,1,13,Night
4182,F,Ship,4,5,169,2,low,F,10,4248,1,28,Afternoon
4183,D,Ship,6,4,276,6,low,F,8,5037,1,11,Morning
4184,F,Ship,4,3,257,3,low,F,1,5843,1,50,Night
4185,A,Ship,4,3,153,2,medium,M,1,4366,0,27,Morning
4186,B,Ship,5,5,228,4,low,M,6,4946,0,8,Night
4187,C,Ship,4,4,133,2,medium,F,4,4724,1,36,Morning
4188,F,Ship,4,4,206,3,medium,F,10,4262,1,21,Afternoon
4189,D,Ship,4,5,263,5,low,M,9,5731,0,38,Night
4190,F,Ship,4,1,190,2,medium,F,4,4501,1,42,Night
4191,A,Ship,4,5,175,2,medium,M,4,4910,0,37,Night
4192,B,Ship,3,3,272,3,low,M,2,4059,0,13,Morning
4193,C,Ship,4,1,111,4,medium,M,10,4711,1,3,Morning
4194,F,Ship,5,2,233,3,low,F,5,5756,0,24,Night
4195,D,Ship,5,5,235,3,low,F,4,5325,1,2,Morning
4196,F,Ship,3,2,255,4,medium,M,5,4415,1,49,Morning
4197,A,Ship,4,3,216,2,low,F,6,4005,1,11,Morning
4198,B,Ship,4,4,266,3,medium,F,5,4641,1,37,Afternoon
4199,C,Ship,4,3,200,4,medium,F,7,4953,0,2,Night
4200,F,Ship,3,3,194,3,medium,F,6,5721,0,27,Afternoon
4201,D,Ship,4,2,220,3,low,M,3,5020,1,27,Morning
4202,F,Ship,4,4,270,2,low,F,1,5148,0,4,Night
4203,A,Ship,3,2,168,3,medium,M,2,4231,1,19,Afternoon
4204,B,Ship,4,5,172,4,medium,M,8,5900,0,13,Night
4205,C,Ship,4,5,168,3,high,F,4,4759,0,20,Morning
4206,F,Ship,5,2,243,3,low,M,4,5415,1,31,Morning
4207,D,Ship,3,3,181,3,low,F,1,5094,0,3,Afternoon
4208,F,Ship,3,5,167,2,low,F,2,4141,1,33,Night
4209,A,Ship,4,2,224,3,low,F,3,5967,1,13,Night
4210,B,Ship,5,4,252,3,medium,M,6,5221,1,31,Afternoon
4211,C,Ship,4,3,266,3,medium,M,8,4493,1,6,Morning
4212,F,Ship,4,3,144,2,low,F,5,4882,1,1,Night
4213,D,Ship,3,5,222,3,low,M,4,5149,1,19,Morning
4214,F,Ship,4,4,199,3,low,M,10,5002,0,32,Morning
4215,A,Ship,3,1,214,3,medium,F,2,4958,1,1,Afternoon
4216,B,Ship,3,1,258,3,medium,F,2,5828,0,39,Night
4217,C,Ship,3,5,194,4,low,M,1,5534,1,15,Afternoon
4218,F,Ship,5,2,201,3,low,M,2,5132,0,22,Morning
4219,D,Ship,3,5,243,3,medium,F,5,4383,1,4,Afternoon
4220,F,Ship,5,4,264,3,medium,M,2,5716,1,34,Morning
4221,A,Road,4,5,204,3,medium,F,4,5476,1,41,Afternoon
4222,B,Road,3,2,239,2,low,F,3,5099,0,3,Morning
4223,C,Road,5,4,168,4,medium,M,5,5580,1,19,Night
4224,F,Road,5,4,229,2,medium,F,10,5001,1,38,Afternoon
4225,D,Road,2,4,246,2,medium,M,1,5374,0,32,Night
4226,F,Road,4,4,217,2,low,M,6,4029,0,45,Morning
4227,A,Road,4,1,166,2,low,F,6,5737,1,15,Night
4228,B,Road,4,3,159,2,high,M,3,5731,0,2,Night
4229,C,Road,6,5,220,3,medium,M,1,5508,1,20,Afternoon
4230,F,Road,5,4,172,4,medium,F,10,4659,0,31,Night
4231,D,Road,3,2,262,3,medium,M,2,5910,0,11,Morning
4232,F,Road,4,5,194,2,low,F,1,5300,0,9,Afternoon
4233,A,Road,3,1,232,2,medium,M,10,4719,1,33,Afternoon
4234,B,Road,4,5,259,3,medium,M,3,4741,0,9,Afternoon
4235,C,Road,4,3,259,3,low,F,1,4914,0,39,Night
4236,F,Road,4,5,246,3,low,M,10,4616,0,16,Morning
4237,D,Road,3,4,247,2,medium,F,2,5016,0,31,Night
4238,F,Road,2,1,137,3,low,M,1,4539,1,45,Afternoon
4239,A,Road,2,5,273,2,high,M,5,4236,1,18,Morning
4240,B,Road,5,2,152,3,high,F,5,5502,0,7,Morning
4241,C,Road,3,1,235,4,high,M,7,4833,0,42,Afternoon
4242,F,Road,4,2,212,3,low,F,3,4555,1,37,Night
4243,D,Flight,5,4,286,5,low,F,3,5208,1,26,Night
4244,F,Flight,4,2,151,2,medium,M,6,4987,1,23,Night
4245,A,Flight,3,3,204,3,low,M,6,5296,0,26,Night
4246,B,Flight,3,1,191,3,low,M,1,4705,1,3,Morning
4247,C,Flight,3,4,221,3,low,F,1,4518,0,28,Afternoon
4248,F,Flight,3,5,161,3,low,M,2,4475,1,48,Morning
4249,D,Flight,4,1,183,4,low,M,9,5157,1,1,Morning
4250,F,Flight,4,3,243,2,low,F,6,5892,1,18,Afternoon
4251,A,Flight,5,4,194,5,low,M,8,4038,0,19,Morning
4252,B,Flight,4,2,266,3,medium,M,4,4197,0,30,Afternoon
4253,C,Flight,4,3,249,4,medium,M,10,4933,1,2,Morning
4254,F,Flight,5,5,133,2,low,F,10,4398,1,27,Night
4255,D,Flight,4,3,244,4,low,M,10,4118,0,41,Afternoon
4256,F,Flight,4,3,235,3,medium,F,6,4832,0,8,Afternoon
4257,A,Flight,3,1,166,2,low,F,10,5932,0,8,Night
4258,B,Flight,4,2,239,2,low,F,10,4028,1,22,Morning
4259,C,Flight,4,4,141,3,low,M,7,4683,1,38,Afternoon
4260,F,Flight,2,5,168,2,low,F,1,4831,1,37,Afternoon
4261,D,Flight,4,2,203,3,low,F,4,5699,1,2,Night
4262,F,Flight,5,1,171,4,medium,F,9,4418,0,28,Night
4263,A,Flight,3,4,120,4,high,M,10,5537,1,13,Morning
4264,B,Flight,4,1,240,4,low,F,6,4811,1,30,Morning
4265,C,Ship,5,4,178,6,medium,M,10,5197,1,1,Morning
4266,F,Ship,3,4,237,3,high,F,9,5514,0,34,Night
4267,D,Ship,3,2,169,3,low,F,3,5673,1,12,Morning
4268,F,Ship,4,1,169,4,low,F,10,4245,1,37,Night
4269,A,Ship,4,4,201,2,medium,F,8,5790,1,47,Night
4270,B,Ship,4,2,249,4,medium,M,4,5418,0,22,Afternoon
4271,C,Ship,5,3,101,5,medium,F,1,4014,0,3,Afternoon
4272,F,Ship,3,1,140,3,low,M,6,4488,0,9,Afternoon
4273,D,Ship,3,2,214,3,medium,M,1,5362,1,14,Morning
4274,F,Ship,5,2,196,3,medium,F,6,4257,1,45,Morning
4275,A,Ship,3,2,204,2,high,M,7,5961,1,2,Morning
4276,B,Ship,4,4,159,3,low,M,9,4265,0,19,Morning
4277,C,Ship,4,3,175,4,medium,F,4,5685,1,28,Afternoon
4278,F,Ship,4,1,163,2,low,F,3,4099,0,11,Night
4279,D,Ship,6,2,271,10,medium,F,2,4145,1,1,Night
4280,F,Ship,4,3,191,3,medium,M,1,4219,1,8,Morning
4281,A,Ship,4,5,135,3,medium,F,5,4515,1,1,Afternoon
4282,B,Ship,4,2,224,3,medium,F,3,4511,1,37,Morning
4283,C,Ship,3,1,142,2,low,F,5,4728,1,46,Morning
4284,F,Ship,6,1,246,6,low,F,9,5466,0,21,Morning
4285,D,Ship,5,5,165,4,medium,F,3,4242,1,22,Afternoon
4286,F,Ship,3,3,150,4,medium,F,8,4357,0,18,Morning
4287,A,Ship,3,5,170,7,low,F,7,4373,0,40,Morning
4288,B,Ship,2,3,147,3,low,F,5,5013,1,36,Afternoon
4289,C,Ship,4,2,151,3,medium,M,10,5698,1,18,Morning
4290,F,Ship,3,3,259,8,high,F,6,5939,1,50,Afternoon
4291,D,Ship,4,4,211,4,medium,M,8,4747,0,33,Night
4292,F,Ship,4,1,249,10,medium,M,7,5580,0,46,Morning
4293,A,Ship,3,2,133,3,medium,M,1,5026,0,2,Morning
4294,B,Ship,4,2,258,3,high,M,10,4643,0,3,Morning
4295,C,Ship,3,4,253,3,high,F,8,5857,1,45,Afternoon
4296,F,Ship,6,5,185,3,high,F,1,5399,0,38,Night
4297,D,Ship,3,4,268,2,medium,F,4,1442,0,16,Afternoon
4298,F,Ship,3,3,218,4,medium,M,8,1883,1,3,Morning
4299,A,Ship,3,5,140,3,low,M,9,4733,1,5,Night
4300,B,Ship,3,3,214,3,medium,F,9,5856,1,34,Morning
4301,C,Ship,5,4,196,3,medium,M,2,5427,0,19,Afternoon
4302,F,Ship,3,2,204,2,high,F,2,5526,1,25,Morning
4303,D,Ship,4,1,159,3,low,M,4,4574,1,1,Morning
4304,F,Ship,4,3,175,4,medium,F,5,5177,0,44,Night
4305,A,Ship,4,4,163,2,low,F,9,4720,1,29,Morning
4306,B,Ship,6,1,271,10,medium,M,5,5459,1,19,Afternoon
4307,C,Ship,4,3,191,3,medium,F,6,4563,1,22,Night
4308,F,Ship,4,5,135,3,medium,F,6,5266,0,28,Morning
4309,D,Ship,4,3,224,3,medium,F,9,5283,0,20,Night
4310,F,Ship,3,5,142,2,low,F,8,4914,1,29,Morning
4311,A,Ship,6,2,246,6,low,F,1,4846,1,45,Afternoon
4312,B,Ship,5,4,165,4,medium,M,7,5091,0,10,Morning
4313,C,Ship,3,5,150,4,medium,F,8,4433,1,36,Night
4314,F,Ship,3,4,170,7,low,M,7,4957,0,40,Afternoon
4315,D,Ship,2,1,147,3,low,M,3,4120,0,4,Night
4316,F,Ship,4,3,151,3,medium,F,6,5379,0,1,Afternoon
4317,A,Ship,3,2,259,8,high,M,3,4390,0,14,Afternoon
4318,B,Ship,4,5,211,4,medium,F,10,4004,1,3,Morning
4319,C,Ship,4,4,249,10,medium,F,2,4190,1,40,Night
4320,F,Ship,3,5,133,3,medium,F,4,5902,1,26,Night
4321,D,Ship,4,3,258,3,high,F,1,4653,1,47,Night
4322,F,Ship,3,3,253,3,high,M,1,4263,0,42,Night
4323,A,Ship,6,1,185,3,high,F,8,4806,1,50,Afternoon
4324,B,Ship,3,4,268,2,medium,M,8,1991,0,28,Afternoon
4325,C,Ship,4,1,277,5,medium,M,3,1527,0,50,Night
4326,F,Ship,2,3,157,4,low,M,3,1203,0,7,Afternoon
4327,D,Ship,5,4,132,6,low,F,8,1327,0,6,Night
4328,F,Ship,5,3,104,4,low,M,3,4885,0,3,Morning
4329,A,Ship,3,4,213,2,medium,F,6,5374,0,28,Afternoon
4330,B,Ship,5,2,172,2,high,F,1,5112,1,24,Night
4331,C,Ship,5,2,168,4,low,M,10,5373,0,12,Night
4332,F,Ship,5,5,192,3,medium,M,3,4015,0,30,Morning
4333,D,Ship,4,1,189,2,low,M,10,4646,1,16,Afternoon
4334,F,Ship,5,4,255,6,low,M,3,4638,1,9,Morning
4335,A,Ship,5,2,152,3,low,F,2,4172,1,26,Morning
4336,B,Ship,4,3,171,5,low,F,2,5242,0,29,Morning
4337,C,Ship,4,3,177,3,medium,F,4,4551,1,40,Morning
4338,F,Ship,3,2,160,3,low,F,4,4683,1,40,Afternoon
4339,D,Ship,4,4,233,4,low,M,3,5849,0,22,Afternoon
4340,F,Ship,3,2,216,3,low,F,10,4083,1,11,Morning
4341,A,Ship,5,3,222,3,low,F,6,4744,0,15,Night
4342,B,Ship,5,3,260,2,low,M,10,5633,1,33,Afternoon
4343,C,Ship,5,1,239,2,low,M,5,5759,0,7,Night
4344,F,Ship,4,4,204,2,medium,F,9,4462,1,9,Morning
4345,D,Ship,3,3,116,5,low,F,6,4524,1,22,Night
4346,F,Ship,4,3,245,3,low,M,8,4826,1,25,Morning
4347,A,Ship,4,4,280,5,low,F,3,5034,1,4,Afternoon
4348,B,Ship,3,5,155,4,low,M,6,5386,1,49,Afternoon
4349,C,Ship,3,2,139,5,low,M,8,4595,1,40,Night
4350,F,Ship,5,4,237,3,high,M,9,5401,1,12,Afternoon
4351,D,Ship,2,5,211,4,low,M,1,5673,1,42,Afternoon
4352,F,Ship,3,4,220,3,medium,F,5,5078,1,26,Night
4353,A,Ship,5,1,134,2,low,M,8,5646,1,31,Night
4354,B,Ship,3,2,208,2,low,F,7,4582,0,7,Afternoon
4355,C,Ship,5,3,198,4,medium,M,2,5316,1,43,Afternoon
4356,F,Ship,5,1,277,4,low,M,2,5496,1,16,Night
4357,D,Ship,4,3,144,3,low,M,1,5881,1,50,Afternoon
4358,F,Road,5,1,201,3,low,M,4,5166,0,19,Afternoon
4359,A,Road,3,1,201,4,medium,F,9,5721,0,45,Morning
4360,B,Road,5,1,236,2,low,F,2,4987,0,3,Afternoon
4361,C,Road,4,5,142,2,low,M,2,5150,0,15,Morning
4362,F,Road,5,1,172,5,medium,F,1,4730,1,43,Night
4363,D,Road,4,3,217,2,medium,F,2,5442,1,28,Night
4364,F,Road,4,2,231,3,high,M,3,5112,1,16,Night
4365,A,Road,3,1,200,2,low,F,5,4884,1,38,Afternoon
4366,B,Road,5,2,260,6,high,M,10,4087,0,46,Morning
4367,C,Road,2,5,216,3,medium,F,2,5098,1,40,Afternoon
4368,F,Road,5,1,215,2,low,M,3,4700,1,39,Night
4369,D,Road,5,3,217,3,low,M,6,4934,0,17,Afternoon
4370,F,Road,3,5,244,3,low,M,3,4652,0,13,Afternoon
4371,A,Road,4,2,221,3,low,M,10,5632,1,13,Morning
4372,B,Road,4,1,207,2,medium,M,4,4099,1,37,Night
4373,C,Road,3,3,190,3,medium,M,2,4468,0,12,Night
4374,F,Road,3,5,199,4,low,M,7,4520,1,18,Afternoon
4375,D,Road,6,1,246,3,medium,M,7,4733,0,11,Night
4376,F,Road,3,5,195,3,medium,F,10,5585,1,23,Morning
4377,A,Road,3,2,244,3,medium,M,10,4636,0,48,Night
4378,B,Road,2,2,158,3,high,F,1,4149,1,39,Morning
4379,C,Road,4,2,254,4,low,F,4,5137,0,7,Afternoon
4380,F,Flight,3,1,236,2,medium,F,8,5591,1,5,Afternoon
4381,D,Flight,5,1,255,4,medium,M,9,4881,0,29,Afternoon
4382,F,Flight,3,1,224,2,low,M,9,4007,0,32,Afternoon
4383,A,Flight,2,2,204,4,high,M,5,5382,1,27,Night
4384,B,Flight,3,3,150,2,medium,M,3,5836,1,7,Night
4385,C,Flight,3,3,134,2,high,M,1,5646,1,26,Night
4386,F,Flight,3,3,157,4,low,M,7,5974,0,42,Night
4387,D,Flight,3,2,257,2,medium,F,1,4132,0,28,Morning
4388,F,Flight,5,2,165,3,medium,F,10,5598,1,9,Night
4389,A,Flight,5,4,175,4,low,M,4,4505,1,17,Afternoon
4390,B,Flight,3,3,201,2,medium,F,8,5032,0,31,Night
4391,C,Flight,3,3,175,2,medium,M,2,4814,1,5,Morning
4392,F,Flight,4,2,185,5,low,M,7,4694,0,39,Night
4393,D,Flight,4,3,202,3,low,M,7,5678,0,43,Night
4394,F,Flight,3,4,270,2,low,M,4,4681,1,41,Afternoon
4395,A,Flight,5,3,175,3,low,M,7,4833,0,49,Afternoon
4396,B,Flight,4,3,149,3,medium,F,3,4781,0,1,Afternoon
4397,C,Flight,3,1,223,3,medium,F,4,4495,0,37,Afternoon
4398,F,Flight,5,2,143,4,low,F,10,5400,1,10,Night
4399,D,Flight,3,3,203,3,medium,M,7,4977,0,10,Night
4400,F,Flight,4,4,165,6,low,F,5,4640,0,43,Afternoon
4401,A,Flight,4,3,255,6,low,M,3,4278,0,19,Morning
4402,B,Ship,4,3,218,2,low,F,7,4423,1,35,Morning
4403,C,Ship,4,2,193,2,medium,F,1,5909,1,45,Night
4404,F,Ship,5,3,187,3,low,F,3,4343,1,32,Night
4405,D,Ship,3,4,246,3,low,M,1,4020,0,35,Morning
4406,F,Ship,3,2,237,3,medium,F,10,5851,1,6,Morning
4407,A,Ship,3,3,269,3,medium,M,5,4197,0,16,Afternoon
4408,B,Ship,3,5,107,5,low,F,4,5624,1,2,Afternoon
4409,C,Ship,3,3,147,3,low,M,4,5805,1,2,Morning
4410,F,Ship,3,4,111,5,medium,F,1,4102,1,2,Night
4411,D,Ship,3,5,197,3,medium,F,2,4018,0,48,Afternoon
4412,F,Ship,3,4,257,4,low,M,9,4537,1,2,Night
4413,A,Ship,5,4,269,2,medium,F,2,5276,1,6,Morning
4414,B,Ship,3,2,224,2,medium,F,3,4405,1,19,Night
4415,C,Ship,3,3,262,2,medium,F,10,5032,1,19,Morning
4416,F,Ship,5,3,181,3,high,M,7,5675,0,25,Afternoon
4417,D,Ship,3,5,159,3,medium,M,9,4555,1,44,Night
4418,F,Ship,3,2,207,2,low,M,9,4671,1,21,Morning
4419,A,Ship,3,1,238,3,medium,F,5,4399,0,47,Night
4420,B,Ship,2,3,239,3,high,M,1,5910,1,38,Night
4421,C,Ship,4,5,206,2,low,F,10,4264,0,48,Morning
4422,F,Ship,4,1,159,4,low,M,5,5420,0,36,Night
4423,D,Ship,3,4,207,2,medium,M,10,4706,1,45,Afternoon
4424,F,Ship,4,3,262,2,low,M,10,5524,0,5,Night
4425,A,Ship,3,3,251,2,low,M,3,5168,1,47,Night
4426,B,Ship,5,5,188,3,low,F,7,4485,0,42,Night
4427,C,Ship,5,3,254,2,low,F,4,5014,1,39,Night
4428,F,Ship,4,1,234,3,high,M,10,4375,1,28,Afternoon
4429,D,Ship,3,5,246,3,medium,F,2,5653,0,35,Night
4430,F,Ship,4,2,158,3,low,M,3,4527,1,1,Night
4431,A,Ship,4,1,220,3,medium,M,4,4314,1,45,Night
4432,B,Ship,4,2,257,3,medium,M,8,5045,0,23,Night
4433,C,Ship,4,4,143,2,medium,F,3,5630,0,30,Afternoon
4434,F,Ship,4,5,163,3,high,M,4,5863,1,37,Afternoon
4435,D,Ship,3,3,171,4,low,M,8,4502,1,17,Afternoon
4436,F,Ship,3,3,261,4,medium,F,7,4542,0,17,Night
4437,A,Ship,3,4,212,3,medium,M,10,4663,1,5,Night
4438,B,Ship,3,4,176,2,low,F,10,4920,1,33,Night
4439,C,Ship,4,1,257,4,low,M,5,5875,0,43,Night
4440,F,Ship,4,4,133,2,low,F,10,4768,0,3,Morning
4441,D,Ship,3,2,153,3,medium,F,3,5251,1,49,Afternoon
4442,F,Ship,6,4,218,6,medium,M,1,4625,0,2,Morning
4443,A,Ship,4,5,164,2,low,F,9,5453,1,22,Morning
4444,B,Ship,3,2,256,2,medium,F,9,4228,0,24,Night
4445,C,Ship,2,2,150,2,medium,F,9,4917,0,46,Afternoon
4446,F,Ship,2,4,107,4,high,F,4,4451,0,48,Night
4447,D,Ship,6,3,219,4,medium,M,6,4885,0,42,Afternoon
4448,F,Ship,6,1,237,5,high,M,2,5364,1,47,Night
4449,A,Ship,5,1,246,2,low,F,4,5461,1,11,Night
4450,B,Ship,4,3,198,3,medium,F,1,5846,0,18,Morning
4451,C,Ship,4,4,176,6,high,M,5,4494,0,4,Afternoon
4452,F,Ship,5,2,168,2,high,F,3,4928,1,37,Afternoon
4453,D,Ship,5,2,173,4,medium,M,4,5363,1,35,Night
4454,F,Ship,4,4,106,2,low,F,10,5173,0,23,Night
4455,A,Ship,3,1,171,2,medium,F,7,4010,0,32,Afternoon
4456,B,Ship,5,1,224,2,medium,M,4,5063,1,8,Afternoon
4457,C,Ship,4,2,216,4,medium,M,3,4887,0,15,Morning
4458,F,Ship,3,3,174,3,medium,F,2,4221,1,36,Afternoon
4459,D,Ship,4,4,261,6,medium,F,10,4596,0,30,Night
4460,F,Ship,4,3,229,3,low,F,3,5027,1,19,Night
4461,A,Ship,4,5,214,3,high,M,6,5646,1,19,Morning
4462,B,Ship,4,5,199,5,medium,M,8,5669,0,3,Morning
4463,C,Ship,5,4,182,3,medium,F,7,5677,0,24,Night
4464,F,Ship,4,1,152,3,low,M,4,5299,1,44,Night
4465,D,Ship,4,5,258,2,medium,M,6,5062,0,18,Night
4466,F,Ship,6,2,182,3,low,M,7,4371,0,19,Afternoon
4467,A,Ship,2,4,166,3,low,M,8,4968,0,19,Night
4468,B,Ship,2,3,176,3,low,F,6,5006,1,1,Afternoon
4469,C,Ship,3,1,193,3,medium,M,3,5154,1,3,Morning
4470,F,Ship,4,4,135,2,low,F,10,4508,0,26,Morning
4471,D,Ship,6,5,213,4,medium,F,3,5549,1,16,Afternoon
4472,F,Ship,5,5,168,3,low,F,6,4088,0,20,Morning
4473,A,Ship,3,3,264,3,medium,F,6,4247,0,31,Night
4474,B,Ship,3,1,173,2,low,M,10,4115,0,34,Morning
4475,C,Ship,6,3,142,2,low,F,9,5360,0,5,Morning
4476,F,Ship,2,2,278,2,medium,F,9,4318,1,27,Afternoon
4477,D,Ship,3,3,197,2,medium,M,10,5255,1,32,Afternoon
4478,F,Ship,5,4,226,2,low,M,6,4547,1,38,Morning
4479,A,Ship,3,2,197,5,medium,F,9,4291,0,5,Night
4480,B,Ship,4,5,189,2,medium,M,6,5439,0,46,Afternoon
4481,C,Ship,2,1,210,2,medium,F,6,5250,1,46,Afternoon
4482,F,Ship,5,2,149,2,medium,F,8,5396,1,20,Night
4483,D,Ship,5,4,171,5,medium,M,1,5749,1,34,Morning
4484,F,Ship,5,3,243,3,medium,F,10,4524,0,47,Night
4485,A,Ship,4,5,171,4,low,F,4,5265,1,17,Morning
4486,B,Ship,5,3,215,4,low,M,5,5915,0,33,Morning
4487,C,Ship,3,4,174,3,medium,F,4,4051,1,38,Morning
4488,F,Ship,6,4,210,5,medium,M,2,4651,1,30,Afternoon
4489,D,Ship,4,4,135,2,low,F,4,5112,1,26,Morning
4490,F,Ship,3,2,134,3,low,M,6,4778,0,36,Night
4491,A,Ship,2,5,166,4,medium,F,3,4638,1,13,Night
4492,B,Ship,5,1,174,3,low,M,10,4008,1,1,Night
4493,C,Ship,4,4,252,4,medium,F,4,4832,1,24,Afternoon
4494,F,Ship,5,2,219,4,low,F,7,4787,0,44,Afternoon
4495,D,Road,4,5,244,2,medium,F,7,5325,0,15,Morning
4496,F,Road,5,5,132,3,low,M,5,4195,0,32,Night
4497,A,Road,4,2,223,4,low,M,2,5709,1,42,Morning
4498,B,Road,3,4,260,4,low,F,10,4109,1,45,Morning
4499,C,Road,3,4,269,2,medium,M,6,5951,1,39,Night
4500,F,Road,3,5,170,3,low,F,5,5064,1,10,Night
4501,D,Road,2,5,170,5,low,F,10,5621,0,42,Night
4502,F,Road,4,2,173,2,medium,M,2,5327,1,30,Morning
4503,A,Road,4,5,148,8,medium,M,6,5700,1,15,Morning
4504,B,Road,3,5,174,6,medium,F,7,4608,1,4,Afternoon
4505,C,Road,6,2,263,6,low,F,4,4591,0,28,Morning
4506,F,Road,4,4,142,10,high,F,7,5425,0,17,Night
4507,D,Road,3,3,183,3,low,M,2,4363,1,46,Afternoon
4508,F,Road,6,1,174,10,medium,F,1,5784,0,12,Night
4509,A,Road,4,1,140,3,low,M,4,5210,0,36,Afternoon
4510,B,Road,6,5,154,2,high,M,7,4359,0,19,Afternoon
4511,C,Road,4,2,108,10,medium,M,5,4645,1,38,Night
4512,F,Road,5,2,198,3,low,F,8,4680,1,19,Afternoon
4513,D,Road,4,2,266,3,high,M,5,4831,0,34,Night
4514,F,Road,4,4,197,5,low,M,8,4793,1,9,Morning
4515,A,Road,3,1,219,8,low,F,1,4122,0,14,Morning
4516,B,Road,2,4,255,7,low,F,9,5224,0,28,Afternoon
4517,C,Flight,3,1,255,7,low,F,3,4477,1,36,Morning
4518,F,Flight,5,4,219,4,low,F,8,4540,1,30,Afternoon
4519,D,Flight,4,4,244,2,medium,F,7,5543,0,14,Afternoon
4520,F,Flight,5,5,132,3,low,M,3,4263,1,20,Morning
4521,A,Flight,4,4,223,4,low,M,3,5613,1,29,Afternoon
4522,B,Flight,3,3,260,4,low,M,8,5595,0,27,Night
4523,C,Flight,3,1,269,2,medium,M,6,5703,0,19,Morning
4524,F,Flight,3,1,170,3,low,M,3,4454,0,31,Morning
4525,D,Flight,2,4,170,5,low,M,10,5448,1,45,Morning
4526,F,Flight,4,5,173,2,medium,F,5,4776,0,14,Morning
4527,A,Flight,4,1,148,8,medium,M,5,4851,0,4,Morning
4528,B,Flight,3,1,174,6,medium,F,4,4910,0,4,Night
4529,C,Flight,6,1,263,6,low,M,10,5826,1,17,Night
4530,F,Flight,4,5,142,10,high,F,5,4147,0,9,Morning
4531,D,Flight,3,3,183,3,low,M,4,5322,1,26,Night
4532,F,Flight,6,1,174,10,medium,M,7,4287,1,49,Night
4533,A,Flight,4,5,140,3,low,F,7,5383,1,7,Morning
4534,B,Flight,6,3,154,2,high,M,7,4732,1,30,Morning
4535,C,Flight,4,5,108,10,medium,F,7,5928,0,7,Afternoon
4536,F,Flight,5,3,198,3,low,F,6,5061,0,27,Night
4537,D,Flight,4,2,266,3,high,M,1,5532,0,31,Afternoon
4538,F,Flight,4,3,197,5,low,F,8,4209,0,2,Afternoon
4539,A,Ship,3,1,219,8,low,M,2,5334,1,3,Night
4540,B,Ship,2,4,255,7,low,M,10,5875,1,32,Afternoon
4541,C,Ship,3,2,255,7,low,F,3,5936,1,41,Night
4542,F,Ship,6,2,247,4,low,F,3,1752,1,33,Night
4543,D,Ship,5,1,275,4,medium,F,6,1569,1,10,Morning
4544,F,Ship,6,5,291,4,low,M,3,1102,0,23,Night
4545,A,Ship,6,4,265,4,low,F,9,1511,1,48,Morning
4546,B,Ship,7,1,250,5,medium,M,8,1776,1,50,Morning
4547,C,Ship,7,1,291,4,low,F,9,1880,0,34,Afternoon
4548,F,Ship,6,4,255,4,low,F,3,1569,0,44,Morning
4549,D,Ship,6,5,290,4,medium,F,3,1463,0,42,Afternoon
4550,F,Ship,5,5,276,4,low,F,7,1742,1,11,Night
4551,A,Ship,4,3,149,3,medium,F,1,1448,0,36,Afternoon
4552,B,Ship,6,2,310,4,medium,F,5,1791,0,37,Morning
4553,C,Ship,7,5,273,4,low,F,7,1364,1,39,Afternoon
4554,F,Ship,6,3,244,4,low,F,5,1668,0,8,Night
4555,D,Ship,6,4,275,4,low,F,4,1192,0,11,Morning
4556,F,Ship,7,2,308,4,low,F,7,1176,1,34,Afternoon
4557,A,Ship,6,5,264,4,low,M,6,1005,1,20,Night
4558,B,Ship,6,2,256,5,medium,F,2,1449,0,35,Afternoon
4559,C,Ship,5,1,252,4,medium,M,4,1837,1,48,Afternoon
4560,F,Ship,6,2,244,4,low,F,4,1245,0,8,Morning
4561,D,Ship,6,1,280,4,medium,M,5,1431,1,5,Afternoon
4562,F,Ship,5,3,227,4,low,F,10,1317,0,36,Afternoon
4563,A,Ship,6,4,272,4,low,F,7,1706,0,47,Afternoon
4564,B,Ship,6,2,274,4,medium,M,8,1626,0,31,Afternoon
4565,C,Ship,6,3,310,4,low,F,2,1817,1,41,Morning
4566,F,Ship,6,2,282,5,medium,M,5,1818,0,31,Afternoon
4567,D,Ship,6,1,247,4,medium,F,10,1783,1,28,Afternoon
4568,F,Ship,4,2,262,4,low,M,2,5311,1,2,Night
4569,A,Ship,3,3,213,3,medium,M,7,4133,1,37,Afternoon
4570,B,Ship,4,5,136,3,medium,M,7,4817,0,50,Morning
4571,C,Ship,3,5,134,2,low,F,4,5291,1,10,Morning
4572,F,Ship,2,2,171,2,medium,F,6,5105,1,14,Afternoon
4573,D,Ship,3,2,182,2,low,M,10,4391,0,49,Night
4574,F,Ship,4,4,185,3,medium,M,9,4469,1,23,Morning
4575,A,Ship,4,2,271,3,medium,F,4,5902,1,12,Night
4576,B,Ship,4,1,166,5,low,F,1,5463,0,26,Morning
4577,C,Ship,4,2,196,2,low,M,4,5852,1,45,Afternoon
4578,F,Ship,4,4,157,4,low,M,6,4175,1,18,Night
4579,D,Ship,4,4,218,2,low,M,4,4104,0,19,Morning
4580,F,Ship,4,3,142,3,medium,F,6,5930,1,18,Morning
4581,A,Ship,3,1,237,2,low,M,9,4626,0,11,Afternoon
4582,B,Ship,6,3,213,4,low,F,2,5349,1,31,Afternoon
4583,C,Ship,5,1,241,2,medium,F,3,5391,0,49,Afternoon
4584,F,Ship,2,2,170,3,high,F,7,4284,0,33,Afternoon
4585,D,Ship,3,1,156,3,medium,M,9,4278,1,42,Morning
4586,F,Ship,3,4,228,3,medium,F,8,5419,1,6,Night
4587,A,Ship,3,1,145,3,high,F,10,4364,1,24,Night
4588,B,Ship,4,1,145,3,low,M,3,5618,0,6,Night
4589,C,Ship,3,4,166,3,medium,F,8,4369,0,12,Afternoon
4590,F,Ship,5,5,106,5,medium,F,4,4410,0,34,Night
4591,D,Ship,5,3,210,3,high,F,4,4819,1,39,Afternoon
4592,F,Ship,2,1,235,3,medium,F,6,4411,0,35,Afternoon
4593,A,Ship,4,2,142,2,medium,F,5,4062,1,10,Afternoon
4594,B,Ship,3,4,271,3,low,F,9,4889,0,33,Afternoon
4595,C,Ship,4,5,245,3,medium,F,2,5439,0,2,Night
4596,F,Ship,4,2,192,4,medium,F,2,5503,1,44,Afternoon
4597,D,Ship,5,4,270,3,medium,M,9,4992,0,39,Night
4598,F,Ship,4,4,197,3,low,F,7,5099,1,17,Night
4599,A,Ship,2,1,255,3,medium,F,1,5929,1,29,Night
4600,B,Ship,5,3,223,2,medium,F,9,5735,1,40,Afternoon
4601,C,Ship,3,5,256,3,low,M,7,4366,0,30,Morning
4602,F,Ship,4,2,229,2,low,M,9,5026,1,11,Afternoon
4603,D,Ship,3,3,233,3,low,F,5,4976,0,9,Night
4604,F,Ship,3,4,164,6,medium,F,4,5567,0,46,Morning
4605,A,Ship,3,1,171,2,medium,F,6,5704,0,14,Night
4606,B,Ship,5,2,178,5,low,F,5,5167,1,37,Morning
4607,C,Ship,3,1,233,2,high,M,1,5073,0,32,Afternoon
4608,F,Ship,3,1,232,2,medium,F,2,5104,0,10,Morning
4609,D,Ship,4,2,236,3,low,F,1,4076,1,20,Afternoon
4610,F,Ship,3,2,197,3,medium,F,3,4491,1,47,Night
4611,A,Ship,3,3,152,3,low,M,6,5749,0,27,Morning
4612,B,Ship,3,4,219,2,medium,M,7,4883,0,31,Morning
4613,C,Ship,4,2,205,2,low,F,10,5580,1,16,Afternoon
4614,F,Ship,3,2,142,2,low,M,7,4082,1,42,Afternoon
4615,D,Ship,6,4,112,4,medium,F,9,4005,0,28,Afternoon
4616,F,Ship,2,2,254,2,low,F,8,5827,1,20,Morning
4617,A,Ship,4,3,256,3,high,F,1,4323,1,14,Night
4618,B,Ship,4,4,168,4,medium,F,4,4676,1,7,Afternoon
4619,C,Ship,3,4,171,3,low,F,5,5872,1,19,Afternoon
4620,F,Ship,6,5,215,4,medium,M,5,5409,0,11,Night
4621,D,Ship,3,3,169,3,low,F,9,4317,0,18,Afternoon
4622,F,Ship,3,3,149,4,medium,F,3,5944,0,29,Morning
4623,A,Ship,4,1,223,3,low,F,9,4832,1,19,Night
4624,B,Ship,5,3,224,2,low,M,6,5962,0,17,Night
4625,C,Ship,2,5,186,2,medium,M,10,4506,1,46,Night
4626,F,Ship,4,4,184,3,medium,F,2,5381,1,45,Afternoon
4627,D,Ship,3,1,152,3,low,F,3,5839,0,27,Afternoon
4628,F,Ship,5,3,249,2,low,F,9,4568,1,29,Morning
4629,A,Ship,3,3,173,5,medium,F,10,5840,1,44,Afternoon
4630,B,Ship,5,5,167,2,medium,M,2,5908,1,46,Night
4631,C,Ship,5,2,230,2,medium,M,9,4483,1,15,Afternoon
4632,F,Road,5,3,237,3,low,F,8,5131,1,26,Night
4633,D,Road,3,4,202,5,high,M,5,4632,1,10,Morning
4634,F,Road,4,3,134,4,low,M,3,5233,1,36,Night
4635,A,Road,5,3,263,3,medium,F,2,4688,1,22,Afternoon
4636,B,Road,5,2,272,2,low,F,1,5412,1,20,Morning
4637,C,Road,4,2,231,6,low,M,8,5227,1,39,Night
4638,F,Road,3,4,190,4,medium,F,7,5963,0,8,Morning
4639,D,Road,5,4,223,2,low,M,5,4424,0,6,Night
4640,F,Road,5,1,257,3,medium,F,5,4355,1,10,Afternoon
4641,A,Road,4,4,184,3,medium,M,2,4639,1,7,Afternoon
4642,B,Road,3,5,193,3,medium,M,1,5810,0,7,Night
4643,C,Road,4,3,204,2,low,F,7,4717,0,34,Morning
4644,F,Road,3,2,236,3,medium,M,8,5783,1,34,Night
4645,D,Road,5,3,222,2,medium,M,3,4460,0,21,Afternoon
4646,F,Road,4,1,140,5,medium,M,6,4001,0,35,Morning
4647,A,Road,3,1,204,3,high,F,9,5093,1,37,Morning
4648,B,Road,3,2,271,2,medium,M,6,5280,0,43,Afternoon
4649,C,Road,3,1,108,6,medium,F,7,4024,1,4,Morning
4650,F,Road,4,1,206,3,low,F,4,4745,1,47,Morning
4651,D,Road,3,2,180,2,high,F,8,4408,1,6,Morning
4652,F,Road,3,2,193,3,low,F,7,5224,1,4,Night
4653,A,Road,5,1,238,4,medium,M,10,4668,1,16,Night
4654,B,Flight,5,3,234,3,low,F,6,4632,1,23,Morning
4655,C,Flight,2,5,271,2,low,F,5,5164,0,11,Morning
4656,F,Flight,5,2,102,5,medium,F,3,4784,1,32,Morning
4657,D,Flight,3,1,185,3,medium,M,7,5474,0,29,Afternoon
4658,F,Flight,4,1,273,2,high,F,10,5832,0,27,Morning
4659,A,Flight,6,3,233,6,low,F,9,4814,1,39,Morning
4660,B,Flight,5,3,191,2,medium,M,7,5783,0,35,Morning
4661,C,Flight,4,4,239,2,medium,M,4,4304,0,17,Night
4662,F,Flight,3,3,270,3,low,M,7,4152,1,26,Morning
4663,D,Flight,5,2,279,4,low,F,8,4418,0,23,Afternoon
4664,F,Flight,5,1,233,4,high,M,2,4615,0,48,Night
4665,A,Flight,3,3,178,4,high,M,3,4154,0,17,Afternoon
4666,B,Flight,3,4,184,4,medium,M,2,4052,1,44,Night
4667,C,Flight,3,5,202,3,low,M,2,5208,1,5,Afternoon
4668,F,Flight,3,3,149,2,medium,M,3,4527,1,44,Morning
4669,D,Flight,5,2,133,2,high,F,2,4556,1,22,Morning
4670,F,Flight,4,4,224,5,low,F,9,4902,0,41,Morning
4671,A,Flight,4,2,252,2,medium,F,6,5414,1,4,Afternoon
4672,B,Flight,4,3,208,2,medium,M,6,4276,0,33,Afternoon
4673,C,Flight,5,3,256,2,low,M,3,4456,1,13,Afternoon
4674,F,Flight,3,5,206,4,medium,M,10,4321,0,26,Afternoon
4675,D,Flight,2,1,177,4,low,F,5,4358,1,36,Night
4676,F,Ship,4,4,269,4,medium,F,3,5032,0,29,Morning
4677,A,Ship,3,5,216,3,high,F,2,4242,1,16,Night
4678,B,Ship,3,2,221,3,high,F,7,5477,1,15,Afternoon
4679,C,Ship,5,4,210,3,medium,F,6,5102,1,2,Night
4680,F,Ship,4,5,205,3,medium,F,9,4411,1,14,Afternoon
4681,D,Ship,3,3,237,3,low,F,7,4062,1,27,Morning
4682,F,Ship,5,4,139,2,medium,F,2,4217,0,46,Night
4683,A,Ship,4,4,163,3,low,M,3,4185,0,39,Morning
4684,B,Ship,4,4,171,2,low,M,4,4962,1,28,Afternoon
4685,C,Ship,4,3,261,3,low,F,9,5994,0,40,Night
4686,F,Ship,4,3,195,2,low,M,8,4576,1,25,Night
4687,D,Ship,4,2,190,6,high,M,5,4139,0,16,Afternoon
4688,F,Ship,5,5,236,3,high,M,4,5724,0,16,Night
4689,A,Ship,3,4,254,3,medium,M,6,5716,1,15,Morning
4690,B,Ship,3,3,157,3,medium,M,10,4877,1,29,Night
4691,C,Ship,3,1,245,3,medium,F,1,5325,1,46,Morning
4692,F,Ship,4,1,144,4,medium,M,8,4303,1,33,Afternoon
4693,D,Ship,5,3,217,4,low,M,3,5718,0,50,Morning
4694,F,Ship,3,3,249,2,low,F,2,5078,1,43,Night
4695,A,Ship,3,2,176,2,low,F,2,5083,1,12,Night
4696,B,Ship,3,1,230,2,low,F,1,4970,0,25,Morning
4697,C,Ship,3,5,204,2,medium,F,5,4504,0,5,Afternoon
4698,F,Ship,4,4,266,2,low,F,5,5601,1,4,Afternoon
4699,D,Ship,4,3,213,3,low,F,2,5722,1,32,Morning
4700,F,Ship,3,4,147,3,low,F,8,5525,1,29,Morning
4701,A,Ship,3,1,201,3,low,F,3,4556,0,29,Night
4702,B,Ship,2,4,248,3,low,F,5,5441,1,25,Afternoon
4703,C,Ship,4,3,167,3,medium,M,5,5791,1,42,Night
4704,F,Ship,3,4,232,2,low,M,10,5678,1,43,Night
4705,D,Ship,5,3,163,3,medium,M,9,4419,0,49,Morning
4706,F,Ship,4,4,201,5,medium,M,3,5901,0,18,Morning
4707,A,Ship,4,5,252,2,low,F,9,4157,1,37,Night
4708,B,Ship,3,1,146,4,low,F,10,4583,1,27,Afternoon
4709,C,Ship,5,1,160,3,medium,M,3,5839,1,47,Morning
4710,F,Ship,5,2,167,4,low,M,10,4325,1,30,Night
4711,D,Ship,4,2,224,2,medium,F,8,4781,0,43,Morning
4712,F,Ship,4,2,239,3,medium,F,5,5978,1,13,Morning
4713,A,Ship,4,1,151,6,low,M,7,4387,1,8,Afternoon
4714,B,Ship,4,5,264,3,low,F,10,5972,1,41,Night
4715,C,Ship,4,2,242,3,medium,M,8,4644,0,31,Morning
4716,F,Ship,3,3,204,4,high,M,9,4712,1,46,Night
4717,D,Ship,3,5,260,2,medium,M,1,5970,1,21,Night
4718,F,Ship,3,2,279,3,medium,F,6,4560,1,17,Night
4719,A,Ship,3,4,225,4,low,F,8,5209,1,24,Night
4720,B,Ship,3,5,190,3,low,M,9,4468,1,25,Night
4721,C,Ship,4,2,152,2,low,M,7,5026,1,1,Morning
4722,F,Ship,3,2,201,6,medium,M,7,4723,0,6,Afternoon
4723,D,Ship,3,2,191,2,medium,M,7,5357,1,6,Morning
4724,F,Ship,4,3,140,3,low,M,1,4453,1,2,Morning
4725,A,Ship,5,3,199,4,medium,F,8,5362,1,28,Night
4726,B,Ship,4,1,194,3,medium,F,6,5282,1,20,Afternoon
4727,C,Ship,4,2,273,2,low,F,5,5608,0,35,Afternoon
4728,F,Ship,4,5,259,2,medium,F,4,4092,0,48,Afternoon
4729,D,Ship,4,3,180,3,medium,M,5,4038,0,38,Night
4730,F,Ship,5,3,251,2,low,M,9,4458,1,18,Night
4731,A,Ship,5,1,269,3,low,F,5,5031,1,13,Morning
4732,B,Ship,6,3,274,6,medium,F,2,4281,1,30,Afternoon
4733,C,Ship,5,5,250,2,medium,M,10,5475,0,50,Night
4734,F,Ship,3,5,265,3,medium,F,8,5980,1,6,Morning
4735,D,Ship,4,3,169,10,medium,F,6,5106,0,21,Morning
4736,F,Ship,3,4,211,3,high,M,8,5191,0,35,Morning
4737,A,Ship,4,4,245,2,low,M,6,5772,1,37,Night
4738,B,Ship,4,1,188,2,low,M,6,5894,0,5,Morning
4739,C,Ship,3,5,244,2,medium,F,10,4064,0,13,Morning
4740,F,Ship,3,5,233,3,medium,F,7,5787,1,21,Morning
4741,D,Ship,3,1,144,3,medium,F,6,4163,1,1,Morning
4742,F,Ship,3,5,221,2,low,F,6,5289,1,8,Night
4743,A,Ship,3,5,267,2,high,M,2,5062,0,22,Morning
4744,B,Ship,3,1,211,3,high,F,7,5178,1,22,Morning
4745,C,Ship,4,1,205,3,low,F,10,4923,1,36,Night
4746,F,Ship,3,2,144,3,high,M,1,5307,1,17,Morning
4747,D,Ship,3,3,195,7,medium,F,4,4614,1,13,Night
4748,F,Ship,5,5,232,7,medium,M,6,5139,1,43,Afternoon
4749,A,Ship,5,3,199,10,medium,F,1,5865,1,10,Night
4750,B,Ship,5,5,232,3,low,F,5,5338,1,34,Afternoon
4751,C,Ship,5,4,272,2,low,F,1,5983,0,48,Afternoon
4752,F,Ship,2,4,167,2,medium,M,1,4344,1,6,Morning
4753,D,Ship,3,4,272,8,high,F,10,4070,1,29,Afternoon
4754,F,Ship,6,2,247,4,low,M,10,1556,1,44,Night
4755,A,Ship,5,5,275,4,medium,M,9,1215,0,7,Afternoon
4756,B,Ship,6,4,291,4,low,F,8,1131,1,8,Afternoon
4757,C,Ship,6,5,265,4,low,M,7,1404,0,38,Afternoon
4758,F,Ship,7,3,250,5,medium,F,4,1163,0,46,Night
4759,D,Ship,7,2,291,4,low,F,8,1275,1,50,Morning
4760,F,Ship,6,5,255,4,low,F,9,1197,1,9,Afternoon
4761,A,Ship,6,5,290,4,medium,M,2,1867,0,6,Night
4762,B,Ship,5,5,276,4,low,M,2,1411,0,39,Night
4763,C,Ship,4,1,149,3,medium,F,8,1136,1,4,Night
4764,F,Ship,3,3,201,6,medium,M,2,4984,1,35,Morning
4765,D,Ship,3,4,191,2,medium,M,8,5667,0,34,Night
4766,F,Ship,4,4,140,3,low,F,4,5924,0,2,Night
4767,A,Ship,5,4,199,4,medium,M,2,4902,0,36,Morning
4768,B,Ship,4,1,194,3,medium,F,9,5804,1,18,Night
4769,C,Road,4,5,273,2,low,F,9,5724,1,21,Morning
4770,F,Road,4,4,259,2,medium,F,8,4672,1,15,Morning
4771,D,Road,4,5,180,3,medium,F,1,5088,1,18,Morning
4772,F,Road,5,4,251,2,low,F,3,5347,0,30,Night
4773,A,Road,5,3,269,3,low,F,8,4811,1,29,Afternoon
4774,B,Road,6,3,274,6,medium,F,1,4632,1,30,Afternoon
4775,C,Road,5,2,250,2,medium,F,6,5565,1,2,Morning
4776,F,Road,3,3,265,3,medium,F,3,5241,1,50,Afternoon
4777,D,Road,4,5,169,10,medium,F,6,4385,1,43,Night
4778,F,Road,3,3,211,3,high,F,4,4354,0,30,Morning
4779,A,Road,4,1,245,2,low,M,5,5324,0,14,Night
4780,B,Road,4,5,188,2,low,F,4,4433,1,27,Night
4781,C,Road,3,5,244,2,medium,M,8,5715,0,28,Night
4782,F,Road,3,4,233,3,medium,F,10,4626,1,9,Afternoon
4783,D,Road,3,4,144,3,medium,M,8,5867,0,48,Morning
4784,F,Road,3,1,221,2,low,F,7,5320,1,13,Morning
4785,A,Road,3,5,267,2,high,M,1,4195,0,2,Afternoon
4786,B,Road,3,4,211,3,high,M,1,5144,1,4,Afternoon
4787,C,Road,4,4,205,3,low,M,6,4254,1,49,Morning
4788,F,Road,3,2,144,3,high,F,9,4428,0,31,Night
4789,D,Road,3,4,195,7,medium,F,9,5829,1,47,Night
4790,F,Road,5,3,232,7,medium,M,6,5285,0,19,Night
4791,A,Flight,5,1,199,10,medium,F,8,4140,1,13,Afternoon
4792,B,Flight,5,5,232,3,low,F,3,5718,0,7,Afternoon
4793,C,Flight,5,3,272,2,low,F,4,5112,1,7,Night
4794,F,Flight,2,2,167,2,medium,F,3,5894,0,3,Afternoon
4795,D,Flight,3,3,272,8,high,M,7,5257,0,29,Night
4796,F,Flight,6,4,247,4,low,F,2,1326,1,18,Afternoon
4797,A,Flight,5,2,275,4,medium,F,10,1141,0,36,Morning
4798,B,Flight,6,5,291,4,low,M,9,1413,1,18,Afternoon
4799,C,Flight,6,1,265,4,low,F,7,1644,0,11,Afternoon
4800,F,Flight,7,2,250,5,medium,M,9,1327,1,21,Afternoon
4801,D,Flight,7,1,291,4,low,M,2,1216,0,25,Morning
4802,F,Flight,6,1,255,4,low,F,2,1385,1,45,Afternoon
4803,A,Flight,6,2,290,4,medium,F,9,1339,1,36,Night
4804,B,Flight,6,3,247,4,medium,F,4,1476,0,20,Night
4805,C,Flight,6,2,152,2,low,F,9,1993,1,39,Morning
4806,F,Flight,7,5,278,4,low,F,5,1572,0,29,Morning
4807,D,Flight,6,1,260,4,medium,F,2,1131,1,50,Night
4808,F,Flight,6,3,254,4,low,M,6,1335,1,11,Afternoon
4809,A,Flight,2,4,151,4,low,F,6,1803,1,7,Morning
4810,B,Flight,2,5,198,2,medium,M,4,1913,0,17,Night
4811,C,Flight,6,4,243,4,low,M,9,1353,0,27,Afternoon
4812,F,Flight,6,5,245,4,low,F,8,1403,1,4,Night
4813,D,Ship,6,4,300,4,low,F,8,1301,0,35,Night
4814,F,Ship,6,1,303,4,medium,F,10,1003,1,36,Morning
4815,A,Ship,7,3,286,4,low,F,3,1670,1,8,Night
4816,B,Ship,7,2,248,4,medium,F,1,1163,0,12,Afternoon
4817,C,Ship,6,5,244,4,low,M,9,1789,0,40,Afternoon
4818,F,Ship,7,1,290,4,low,F,9,1885,1,35,Afternoon
4819,D,Ship,4,3,260,5,low,M,10,1832,0,19,Afternoon
4820,F,Ship,6,5,310,4,medium,M,1,1105,0,50,Night
4821,A,Ship,6,3,247,4,low,M,3,1616,0,2,Night
4822,B,Ship,6,5,281,4,low,M,8,1241,0,28,Afternoon
4823,C,Ship,6,3,260,4,medium,M,9,1800,1,48,Afternoon
4824,F,Ship,6,1,263,4,low,F,6,1153,1,7,Morning
4825,D,Ship,5,1,285,4,medium,F,10,1428,1,16,Night
4826,F,Ship,3,4,269,3,medium,M,9,5133,0,42,Morning
4827,A,Ship,2,5,205,6,low,M,2,5671,1,37,Night
4828,B,Ship,3,2,109,3,low,M,4,5746,1,8,Night
4829,C,Ship,5,4,216,2,low,F,6,4535,1,14,Afternoon
4830,F,Ship,3,2,184,3,medium,F,8,4994,1,14,Afternoon
4831,D,Ship,4,4,106,2,low,M,6,5984,1,28,Morning
4832,F,Ship,3,1,228,2,low,F,5,4456,0,37,Night
4833,A,Ship,4,5,140,3,medium,F,8,4956,1,1,Night
4834,B,Ship,4,3,251,3,medium,M,5,4206,1,37,Morning
4835,C,Ship,3,3,153,3,medium,M,5,4578,0,36,Night
4836,F,Ship,4,4,176,2,medium,F,1,5793,1,5,Afternoon
4837,D,Ship,4,3,206,2,medium,F,4,5194,0,38,Morning
4838,F,Ship,3,3,189,2,low,F,9,4690,1,47,Night
4839,A,Ship,2,2,251,6,medium,F,1,4165,0,37,Night
4840,B,Ship,4,3,155,3,low,F,1,4360,0,35,Night
4841,C,Ship,6,4,260,5,medium,M,2,4687,0,27,Afternoon
4842,F,Ship,5,1,156,6,medium,F,4,4821,1,29,Night
4843,D,Ship,4,2,225,2,medium,M,7,5241,0,44,Night
4844,F,Ship,6,5,284,4,medium,M,8,5346,0,7,Night
4845,A,Ship,5,3,263,2,low,M,3,4474,0,20,Afternoon
4846,B,Ship,3,3,238,2,medium,M,2,5512,1,36,Morning
4847,C,Ship,5,4,267,2,low,M,7,5292,1,22,Morning
4848,F,Ship,3,3,101,2,medium,M,9,4860,1,41,Afternoon
4849,D,Ship,3,1,175,3,medium,M,1,4872,1,4,Afternoon
4850,F,Ship,4,5,261,2,low,M,3,4119,1,17,Morning
4851,A,Ship,5,3,150,3,low,M,10,4799,0,5,Night
4852,B,Ship,3,5,206,4,medium,F,2,5829,0,27,Night
4853,C,Ship,4,4,254,4,low,F,10,4827,1,21,Afternoon
4854,F,Ship,4,2,159,3,low,M,5,4985,0,13,Morning
4855,D,Ship,2,5,284,3,medium,M,6,4575,1,9,Morning
4856,F,Ship,3,1,170,2,low,M,9,4112,1,47,Afternoon
4857,A,Ship,4,5,245,3,low,F,7,4297,1,29,Afternoon
4858,B,Ship,4,5,152,3,medium,M,5,5191,1,42,Morning
4859,C,Ship,5,4,193,4,high,F,4,5757,0,43,Morning
4860,F,Ship,5,3,231,2,low,M,8,5743,0,38,Morning
4861,D,Ship,4,1,212,3,low,M,3,4896,1,31,Afternoon
4862,F,Ship,3,4,185,2,medium,M,8,5449,0,16,Morning
4863,A,Ship,4,3,223,3,low,F,10,5560,0,28,Afternoon
4864,B,Ship,4,1,241,4,medium,M,9,5360,1,6,Afternoon
4865,C,Ship,5,4,215,3,low,F,5,5552,0,33,Morning
4866,F,Ship,4,5,261,2,medium,M,6,5920,1,50,Morning
4867,D,Ship,4,3,158,5,medium,F,7,4344,0,20,Night
4868,F,Ship,3,3,166,2,medium,F,8,5871,1,17,Morning
4869,A,Ship,4,3,280,6,high,M,8,4525,1,2,Morning
4870,B,Ship,3,2,264,3,low,F,8,5831,1,38,Afternoon
4871,C,Ship,3,3,204,2,medium,M,6,5612,1,33,Morning
4872,F,Ship,4,4,261,2,medium,F,9,5306,0,27,Night
4873,D,Ship,6,4,138,3,medium,F,4,4225,1,32,Night
4874,F,Ship,4,4,225,2,medium,M,10,4829,0,35,Morning
4875,A,Ship,4,4,238,5,low,M,1,4753,1,50,Morning
4876,B,Ship,4,5,234,3,medium,F,3,5142,0,3,Night
4877,C,Ship,4,2,237,3,low,F,7,4785,1,2,Morning
4878,F,Ship,3,3,165,3,medium,F,4,5924,0,12,Morning
4879,D,Ship,2,1,148,2,low,M,10,5939,0,14,Morning
4880,F,Ship,5,1,148,4,high,M,2,5821,0,23,Afternoon
4881,A,Ship,3,3,218,3,low,F,4,5086,0,31,Morning
4882,B,Ship,4,5,218,6,low,M,5,4364,0,8,Morning
4883,C,Ship,4,3,181,4,low,F,8,5106,1,38,Morning
4884,F,Ship,2,1,138,2,low,M,8,4932,0,49,Night
4885,D,Ship,3,4,206,3,high,M,5,4022,1,41,Afternoon
4886,F,Ship,5,1,172,2,high,F,7,5165,1,16,Afternoon
4887,A,Ship,4,2,160,2,high,F,5,4343,1,50,Night
4888,B,Ship,5,2,225,4,low,M,1,4328,0,21,Night
4889,C,Ship,6,5,206,6,low,M,2,4014,0,35,Morning
4890,F,Ship,5,5,232,3,low,F,2,4545,0,18,Afternoon
4891,D,Ship,3,4,232,3,low,F,6,4050,1,1,Night
4892,F,Ship,3,4,197,2,low,F,3,4865,1,27,Night
4893,A,Ship,5,1,246,3,low,F,3,5013,1,17,Morning
4894,B,Ship,3,4,241,3,medium,M,3,4047,1,47,Morning
4895,C,Ship,6,5,211,4,medium,F,4,4032,1,20,Morning
4896,F,Ship,3,3,162,2,low,F,9,4903,1,35,Night
4897,D,Ship,3,1,264,4,low,M,10,4265,1,36,Afternoon
4898,F,Ship,5,3,211,3,low,F,5,5087,1,25,Night
4899,A,Ship,4,5,159,5,low,F,7,4063,1,38,Morning
4900,B,Ship,5,5,166,2,high,F,2,4562,0,41,Afternoon
4901,C,Ship,4,4,163,6,medium,M,1,4584,1,19,Night
4902,F,Ship,4,3,164,2,low,M,3,5735,1,31,Night
4903,D,Ship,5,1,255,3,high,M,6,4044,0,25,Night
4904,F,Ship,4,3,153,3,medium,F,6,5748,1,47,Afternoon
4905,A,Ship,3,1,165,2,low,M,6,4445,1,22,Afternoon
4906,B,Road,3,2,162,3,medium,M,6,4505,0,38,Afternoon
4907,C,Road,3,1,223,3,low,M,8,5318,1,37,Morning
4908,F,Road,3,4,200,2,medium,F,6,4751,0,23,Afternoon
4909,D,Road,3,5,194,3,medium,F,3,4435,0,25,Morning
4910,F,Road,3,1,257,2,low,M,6,4897,0,1,Morning
4911,A,Road,2,1,188,2,low,M,5,5250,1,11,Morning
4912,B,Road,3,4,221,3,medium,F,1,5391,1,6,Night
4913,C,Road,4,4,193,2,low,F,6,4855,0,25,Morning
4914,F,Road,3,1,166,2,low,M,2,5710,0,43,Morning
4915,D,Road,4,4,212,2,medium,M,8,4239,1,7,Night
4916,F,Road,3,2,252,3,medium,M,7,4507,1,27,Morning
4917,A,Road,3,1,155,2,low,M,7,4221,0,15,Night
4918,B,Road,4,5,244,4,medium,F,2,5365,0,10,Morning
4919,C,Road,3,3,162,2,medium,M,7,5719,0,41,Night
4920,F,Road,2,1,228,2,medium,M,10,4854,0,19,Morning
4921,D,Road,4,3,208,3,medium,F,3,4837,0,38,Night
4922,F,Road,5,3,156,3,medium,M,7,4293,1,3,Morning
4923,A,Road,3,1,209,2,high,F,1,5779,0,50,Morning
4924,B,Road,4,5,203,2,medium,F,8,4450,0,23,Night
4925,C,Road,4,4,196,5,high,F,7,4622,1,37,Morning
4926,F,Road,4,4,256,3,low,M,8,4398,1,49,Afternoon
4927,D,Road,4,5,159,4,medium,F,4,4816,1,15,Morning
4928,F,Flight,5,5,137,4,low,M,4,5888,1,7,Night
4929,A,Flight,2,5,271,3,low,M,4,5775,1,6,Night
4930,B,Flight,5,1,264,2,medium,F,3,4056,0,28,Night
4931,C,Flight,2,2,264,3,medium,M,1,4518,1,38,Night
4932,F,Flight,4,3,205,2,medium,M,10,4178,0,40,Morning
4933,D,Flight,5,1,266,3,low,M,10,5858,1,2,Morning
4934,F,Flight,5,4,200,3,medium,F,8,5206,0,38,Afternoon
4935,A,Flight,4,4,154,6,medium,F,10,4361,0,44,Morning
4936,B,Flight,3,2,178,3,low,M,4,5119,0,31,Afternoon
4937,C,Flight,5,2,198,3,low,F,7,5768,0,21,Morning
4938,F,Flight,3,4,218,2,medium,M,2,5973,1,20,Night
4939,D,Flight,4,4,185,3,high,F,6,4238,0,29,Morning
4940,F,Flight,3,4,235,3,low,M,4,5498,1,8,Night
4941,A,Flight,3,5,251,3,high,F,4,4156,0,2,Morning
4942,B,Flight,5,2,275,5,low,F,9,5168,0,10,Afternoon
4943,C,Flight,5,2,156,5,low,M,9,5237,1,41,Night
4944,F,Flight,3,5,135,3,low,M,3,4938,1,42,Morning
4945,D,Flight,4,1,143,3,medium,M,4,4283,1,49,Morning
4946,F,Flight,5,1,240,3,high,M,10,5277,1,9,Morning
4947,A,Flight,5,2,131,5,low,F,4,4600,0,36,Afternoon
4948,B,Flight,4,5,142,3,medium,M,2,5692,1,29,Afternoon
4949,C,Flight,5,4,275,4,low,F,7,4597,1,39,Night
4950,F,Ship,5,5,137,3,low,M,5,5914,0,24,Night
4951,D,Ship,3,3,165,4,medium,M,3,4235,1,26,Afternoon
4952,F,Ship,5,4,250,2,low,F,10,4277,1,43,Morning
4953,A,Ship,4,2,242,3,medium,M,10,4721,1,20,Afternoon
4954,B,Ship,3,3,181,3,medium,F,3,5620,0,47,Morning
4955,C,Ship,4,4,211,3,medium,M,5,4812,1,48,Morning
4956,F,Ship,2,2,177,4,low,M,8,5878,0,25,Morning
4957,D,Ship,3,3,135,3,medium,M,2,5860,1,8,Night
4958,F,Ship,6,4,151,3,low,F,10,5414,0,2,Night
4959,A,Ship,5,4,250,6,low,F,1,4343,1,47,Night
4960,B,Ship,5,5,191,4,medium,F,10,4933,0,7,Morning
4961,C,Ship,2,4,158,5,medium,F,2,4303,0,34,Morning
4962,F,Ship,3,3,229,2,medium,F,1,5670,1,13,Afternoon
4963,D,Ship,4,5,169,4,low,M,6,4168,0,19,Morning
4964,F,Ship,5,1,164,3,low,M,7,4540,0,13,Night
4965,A,Ship,4,1,177,2,medium,M,6,5566,1,48,Morning
4966,B,Ship,4,4,193,3,medium,M,8,4715,0,5,Afternoon
4967,C,Ship,4,1,198,3,medium,F,1,4090,1,49,Night
4968,F,Ship,3,1,268,3,low,M,2,4746,0,37,Morning
4969,D,Ship,3,3,269,3,high,M,8,5910,1,8,Night
4970,F,Ship,4,3,275,3,low,F,3,4824,1,16,Night
4971,A,Ship,5,5,233,3,high,M,5,5330,1,4,Night
4972,B,Ship,2,5,259,3,low,M,3,4770,0,27,Afternoon
4973,C,Ship,3,5,239,6,low,F,8,5791,0,38,Morning
4974,F,Ship,3,2,134,3,medium,F,3,5232,1,8,Night
4975,D,Ship,5,4,131,8,low,M,7,4471,1,9,Night
4976,F,Ship,4,2,194,8,medium,M,10,5995,1,32,Morning
4977,A,Ship,4,5,261,3,high,F,2,4954,0,21,Night
4978,B,Ship,4,2,254,10,high,M,7,5820,1,47,Night
4979,C,Ship,4,1,161,6,low,F,2,5734,1,47,Night
4980,F,Ship,4,5,227,2,low,M,7,4414,1,25,Night
4981,D,Ship,3,1,165,3,high,F,10,4208,1,3,Morning
4982,F,Ship,3,2,156,7,medium,F,9,5313,0,14,Morning
4983,A,Ship,3,3,262,7,high,F,9,5097,1,20,Morning
4984,B,Ship,4,3,263,3,low,M,4,4150,0,47,Afternoon
4985,C,Ship,4,2,196,3,low,M,1,5172,0,32,Morning
4986,F,Ship,6,1,152,2,low,F,3,1340,1,9,Night
4987,D,Ship,7,1,278,4,low,M,10,1508,0,37,Afternoon
4988,F,Ship,6,4,260,4,medium,M,1,1726,1,15,Night
4989,A,Ship,6,5,254,4,low,M,7,1674,1,30,Morning
4990,B,Ship,2,4,151,4,low,F,2,1150,1,20,Night
4991,C,Ship,2,3,198,2,medium,F,6,1996,1,4,Morning
4992,F,Ship,6,2,243,4,low,M,9,1258,0,10,Morning
4993,D,Ship,6,2,245,4,low,F,10,1448,1,15,Afternoon
4994,F,Ship,3,5,268,3,low,F,6,5603,1,7,Morning
4995,A,Ship,3,3,269,3,high,F,6,4260,0,12,Night
4996,B,Ship,4,4,275,3,low,M,10,5674,0,28,Night
4997,C,Ship,5,2,233,3,high,M,7,5323,0,1,Night
4998,F,Ship,2,2,259,3,low,M,6,4840,0,17,Morning
4999,D,Ship,3,3,239,6,low,M,7,4501,0,7,Night
5000,F,Ship,3,3,134,3,medium,F,8,4950,1,20,Night
5001,A,Ship,5,3,131,8,low,F,5,4149,0,26,Night
5002,B,Ship,4,5,194,8,medium,F,9,4843,0,39,Night
5003,C,Ship,4,2,261,3,high,M,1,4931,1,2,Night
5004,F,Ship,4,5,254,10,high,M,7,5524,0,12,Morning
5005,D,Ship,4,3,161,6,low,M,6,5560,0,45,Night
5006,F,Ship,4,4,227,2,low,F,7,4916,1,50,Night
5007,A,Ship,3,4,165,3,high,M,10,4910,1,25,Morning
5008,B,Ship,3,3,156,7,medium,M,2,5467,1,4,Morning
5009,C,Ship,3,2,262,7,high,M,5,5985,0,39,Afternoon
5010,F,Ship,4,3,263,3,low,F,3,5253,1,16,Morning
5011,D,Ship,4,3,196,3,low,F,10,4194,0,15,Night
5012,F,Ship,6,2,152,2,low,M,6,1711,1,7,Morning
5013,A,Ship,7,3,278,4,low,F,8,1909,0,45,Afternoon
5014,B,Ship,6,5,260,4,medium,F,10,1799,1,2,Night
5015,C,Ship,6,2,254,4,low,M,4,1392,1,37,Afternoon
5016,F,Ship,2,3,151,4,low,F,3,1353,0,46,Night
5017,D,Ship,2,3,198,2,medium,F,6,1730,0,12,Morning
5018,F,Ship,5,2,285,4,medium,F,7,1666,0,29,Morning
5019,A,Ship,7,1,306,4,medium,M,5,1467,1,34,Morning
5020,B,Ship,6,4,291,4,low,F,5,1327,1,12,Morning
5021,C,Ship,6,3,292,4,low,M,8,1925,1,31,Morning
5022,F,Ship,6,2,293,5,low,F,3,1969,1,12,Morning
5023,D,Ship,6,4,275,4,low,F,3,1182,1,38,Afternoon
5024,F,Ship,6,5,274,4,low,M,6,1066,1,47,Night
5025,A,Ship,7,2,310,4,low,F,7,1294,1,28,Afternoon
5026,B,Ship,6,5,292,4,low,M,4,1762,0,11,Night
5027,C,Ship,6,3,256,5,low,F,1,1980,1,21,Night
5028,F,Ship,7,4,295,4,low,M,5,1239,1,13,Morning
5029,D,Ship,3,5,149,2,medium,M,5,1023,1,47,Morning
5030,F,Ship,6,5,294,4,medium,F,2,1273,0,23,Morning
5031,A,Ship,6,3,281,4,medium,F,7,1599,0,18,Morning
5032,B,Ship,6,4,294,4,medium,M,6,1112,1,24,Afternoon
5033,C,Ship,6,5,249,4,low,F,8,1274,1,26,Afternoon
5034,F,Ship,6,5,276,4,medium,F,6,1005,0,9,Night
5035,D,Ship,7,5,284,4,medium,F,8,1148,0,6,Night
5036,F,Ship,4,5,134,3,low,F,1,1008,1,34,Afternoon
5037,A,Ship,6,3,271,4,medium,F,1,1733,1,26,Night
5038,B,Ship,6,2,244,4,medium,F,1,1406,0,7,Afternoon
5039,C,Ship,6,1,264,4,low,M,10,1960,1,5,Morning
5040,F,Ship,6,5,275,4,low,M,8,1553,0,47,Morning
5041,D,Ship,7,3,310,4,medium,F,7,1989,1,8,Night
5042,F,Ship,6,2,301,5,medium,F,3,1586,1,2,Night
5043,A,Road,6,3,247,4,medium,F,9,1011,1,41,Night
5044,B,Road,4,2,224,2,low,M,9,5603,0,40,Afternoon
5045,C,Road,3,5,242,2,low,F,6,5635,1,39,Afternoon
5046,F,Road,4,1,145,2,low,F,2,5209,1,28,Morning
5047,D,Road,4,1,150,2,low,M,5,4140,1,6,Morning
5048,F,Road,4,4,266,3,low,M,4,5905,1,3,Night
5049,A,Road,5,1,260,2,low,M,4,5580,1,18,Morning
5050,B,Road,4,1,259,3,medium,M,5,4435,0,47,Afternoon
5051,C,Road,4,3,192,3,low,F,10,4068,1,41,Afternoon
5052,F,Road,3,1,149,3,medium,M,5,4805,0,17,Night
5053,D,Road,4,1,133,2,medium,M,1,5274,0,8,Afternoon
5054,F,Road,4,4,145,3,medium,F,3,5424,0,2,Night
5055,A,Road,3,4,186,3,high,M,1,5922,0,3,Morning
5056,B,Road,5,3,267,3,medium,F,8,5786,0,24,Night
5057,C,Road,3,3,157,4,medium,F,2,5684,1,46,Afternoon
5058,F,Road,4,2,174,3,low,F,3,5920,1,27,Afternoon
5059,D,Road,4,4,216,2,low,F,4,5984,1,3,Morning
5060,F,Road,4,3,143,3,low,F,2,4693,1,24,Morning
5061,A,Road,5,1,135,3,low,M,3,4939,0,36,Night
5062,B,Road,4,2,222,3,low,M,4,5919,1,35,Afternoon
5063,C,Road,6,2,140,2,high,M,1,4053,1,3,Night
5064,F,Road,4,2,209,2,medium,F,9,5131,1,11,Night
5065,D,Flight,3,5,162,2,low,M,4,4495,1,28,Morning
5066,F,Flight,5,2,152,4,medium,M,6,5596,1,4,Afternoon
5067,A,Flight,4,2,236,3,medium,M,9,4725,1,9,Afternoon
5068,B,Flight,4,5,192,4,low,F,10,4691,1,13,Night
5069,C,Flight,5,2,233,3,high,F,4,4140,1,41,Morning
5070,F,Flight,3,5,156,3,medium,F,2,4190,0,42,Morning
5071,D,Flight,5,1,257,3,medium,M,7,4133,1,1,Morning
5072,F,Flight,4,5,228,4,low,M,4,4750,1,43,Afternoon
5073,A,Flight,5,1,262,2,high,M,9,5008,1,26,Morning
5074,B,Flight,3,1,203,2,low,M,2,4647,0,5,Afternoon
5075,C,Flight,4,5,217,4,medium,F,3,5966,1,48,Afternoon
5076,F,Flight,3,1,197,5,medium,F,6,5919,1,11,Night
5077,D,Flight,3,5,217,3,low,M,9,4306,1,41,Night
5078,F,Flight,3,2,200,4,medium,F,4,4918,1,39,Night
5079,A,Flight,4,3,181,3,medium,M,10,4541,0,4,Afternoon
5080,B,Flight,4,1,212,3,low,M,2,4353,0,40,Afternoon
5081,C,Flight,5,3,217,2,low,F,4,5588,1,24,Morning
5082,F,Flight,5,4,240,4,medium,F,2,5215,1,44,Morning
5083,D,Flight,3,1,161,3,low,M,9,4865,0,14,Night
5084,F,Flight,3,4,157,3,medium,F,6,5611,1,10,Morning
5085,A,Flight,4,5,133,3,medium,M,4,5180,0,12,Afternoon
5086,B,Flight,4,3,138,3,low,F,2,5593,1,47,Morning
5087,C,Ship,4,3,158,3,high,M,1,5089,0,30,Night
5088,F,Ship,5,2,243,3,high,M,2,5734,0,6,Afternoon
5089,D,Ship,3,2,189,3,medium,M,2,4718,1,14,Night
5090,F,Ship,2,4,272,2,medium,M,4,4632,1,2,Night
5091,A,Ship,4,4,168,3,low,M,6,5488,0,42,Afternoon
5092,B,Ship,4,4,157,3,medium,F,10,5041,0,21,Night
5093,C,Ship,3,5,217,2,medium,F,6,5182,1,42,Afternoon
5094,F,Ship,5,3,237,4,low,F,8,5432,1,10,Afternoon
5095,D,Ship,4,3,133,2,low,M,9,4145,1,24,Afternoon
5096,F,Ship,3,4,243,2,medium,M,1,5840,0,45,Afternoon
5097,A,Ship,5,3,273,4,medium,M,2,4186,0,27,Night
5098,B,Ship,5,4,202,5,low,F,6,5230,0,49,Night
5099,C,Ship,5,5,240,2,low,F,7,4409,0,47,Afternoon
5100,F,Ship,3,5,275,3,low,M,6,5148,1,17,Morning
5101,D,Ship,3,5,274,3,medium,M,5,4710,0,50,Morning
5102,F,Ship,4,3,272,3,low,F,4,5654,1,16,Afternoon
5103,A,Ship,2,4,126,5,medium,M,2,5461,1,45,Morning
5104,B,Ship,5,3,215,2,medium,F,10,5194,0,14,Afternoon
5105,C,Ship,2,5,175,5,low,F,8,4269,1,27,Night
5106,F,Ship,4,3,149,6,medium,M,5,5456,0,23,Night
5107,D,Ship,6,1,145,3,medium,F,1,4346,0,37,Afternoon
5108,F,Ship,6,1,257,4,medium,F,3,5656,0,50,Afternoon
5109,A,Ship,4,3,136,3,medium,M,10,4299,0,40,Night
5110,B,Ship,5,3,163,6,low,M,6,4349,1,21,Night
5111,C,Ship,3,4,256,3,low,M,7,5013,0,34,Night
5112,F,Ship,3,3,141,3,low,F,7,4954,0,44,Night
5113,D,Ship,4,3,196,2,medium,F,4,4203,0,11,Night
5114,F,Ship,5,4,154,2,low,F,5,5528,1,10,Night
5115,A,Ship,5,3,197,3,medium,F,2,4678,0,8,Afternoon
5116,B,Ship,3,2,207,3,medium,F,1,4369,1,6,Morning
5117,C,Ship,4,1,258,4,low,M,5,5664,1,32,Morning
5118,F,Ship,3,3,270,3,high,F,7,4690,0,47,Morning
5119,D,Ship,5,2,139,4,low,F,9,5070,0,19,Morning
5120,F,Ship,3,5,197,3,low,M,4,5423,1,14,Afternoon
5121,A,Ship,5,2,176,3,low,M,9,5656,1,10,Morning
5122,B,Ship,3,1,206,3,medium,M,5,5676,0,9,Morning
5123,C,Ship,4,5,176,4,medium,M,6,5061,1,3,Morning
5124,F,Ship,2,4,208,3,medium,F,6,4226,0,38,Afternoon
5125,D,Ship,3,3,154,2,medium,F,1,5746,0,32,Morning
5126,F,Ship,2,2,206,5,low,F,7,5203,1,37,Night
5127,A,Ship,3,5,253,2,low,M,8,5476,0,11,Afternoon
5128,B,Ship,4,5,270,3,medium,F,2,5272,1,24,Morning
5129,C,Ship,3,3,271,4,high,M,3,4006,0,46,Night
5130,F,Ship,2,1,108,3,low,M,4,5924,0,3,Morning
5131,D,Ship,4,5,172,2,medium,M,7,4559,1,8,Night
5132,F,Ship,5,1,265,3,high,M,5,4951,0,10,Afternoon
5133,A,Ship,4,4,208,5,medium,F,7,5401,1,42,Morning
5134,B,Ship,4,5,261,3,high,M,3,4885,0,32,Afternoon
5135,C,Ship,4,4,197,2,medium,F,1,5211,1,35,Night
5136,F,Ship,4,4,240,2,medium,F,4,5101,1,20,Night
5137,D,Ship,4,1,273,4,low,M,1,4857,1,17,Night
5138,F,Ship,3,5,180,2,medium,M,1,5940,0,49,Afternoon
5139,A,Ship,4,2,136,2,medium,F,7,4305,0,31,Afternoon
5140,B,Ship,3,4,222,6,medium,F,10,4579,0,22,Night
5141,C,Ship,4,5,231,4,medium,M,9,5528,1,28,Night
5142,F,Ship,4,5,240,5,low,M,8,4558,1,7,Night
5143,D,Ship,4,1,152,3,low,M,10,5974,1,9,Morning
5144,F,Ship,5,2,206,2,medium,F,2,5627,0,5,Afternoon
5145,A,Ship,2,3,274,4,medium,F,10,4798,0,50,Afternoon
5146,B,Ship,5,4,97,6,high,M,7,5509,0,41,Night
5147,C,Ship,3,4,243,4,medium,F,10,4076,1,11,Night
5148,F,Ship,3,4,106,6,medium,F,7,4621,1,3,Afternoon
5149,D,Ship,5,3,241,3,low,F,2,5587,0,5,Night
5150,F,Ship,3,1,217,4,medium,F,1,5761,0,36,Afternoon
5151,A,Ship,4,1,241,4,medium,M,5,5080,1,11,Morning
5152,B,Ship,4,3,213,3,low,M,6,5447,1,37,Night
5153,C,Ship,3,1,134,3,medium,M,10,4200,1,1,Afternoon
5154,F,Ship,3,4,162,2,medium,F,8,4972,1,24,Night
5155,D,Ship,2,4,193,4,low,M,7,5552,0,9,Morning
5156,F,Ship,4,3,138,2,medium,M,9,5297,0,21,Night
5157,A,Ship,5,4,181,5,medium,M,2,5324,1,44,Night
5158,B,Ship,4,2,274,2,low,M,10,4361,1,33,Morning
5159,C,Ship,4,3,254,2,high,F,3,4930,1,20,Afternoon
5160,F,Ship,5,2,196,5,low,M,10,5111,1,32,Afternoon
5161,D,Ship,4,2,157,4,low,F,6,4964,1,9,Morning
5162,F,Ship,4,3,130,3,medium,F,3,4317,1,40,Night
5163,A,Ship,3,3,273,2,medium,F,7,5491,1,12,Afternoon
5164,B,Ship,4,5,154,3,medium,F,9,5489,0,50,Afternoon
5165,C,Ship,4,2,166,3,medium,F,8,4758,1,49,Morning
5166,F,Ship,5,5,171,3,low,M,8,4227,1,43,Night
5167,D,Ship,5,4,177,2,low,M,2,5618,0,21,Morning
5168,F,Ship,2,5,195,3,low,M,3,5785,1,16,Morning
5169,A,Ship,5,4,269,2,low,F,9,5517,1,25,Night
5170,B,Ship,4,1,196,3,low,M,4,4634,0,9,Afternoon
5171,C,Ship,3,1,244,3,high,M,7,5140,0,37,Afternoon
5172,F,Ship,3,3,137,3,medium,M,1,5490,0,35,Afternoon
5173,D,Ship,3,2,201,3,high,M,6,5165,0,16,Night
5174,F,Ship,3,3,211,3,medium,M,7,5185,1,22,Morning
5175,A,Ship,5,3,266,3,medium,F,4,4195,1,12,Morning
5176,B,Ship,5,3,222,2,low,F,2,5953,0,41,Morning
5177,C,Ship,5,4,241,4,high,M,6,4412,0,29,Night
5178,F,Ship,3,2,226,4,medium,F,8,5225,1,20,Morning
5179,D,Ship,3,5,254,3,medium,M,3,4072,1,17,Afternoon
5180,F,Road,4,5,222,3,medium,F,8,4950,1,3,Night
5181,A,Road,4,4,148,3,medium,F,5,4892,1,2,Morning
5182,B,Road,4,3,194,3,medium,M,3,5916,0,34,Night
5183,C,Road,4,1,177,2,high,F,7,5599,0,46,Morning
5184,F,Road,2,2,150,3,low,F,6,5854,0,50,Morning
5185,D,Road,3,2,111,2,low,F,4,4245,0,32,Morning
5186,F,Road,5,4,172,3,low,F,3,5064,0,40,Morning
5187,A,Road,4,5,234,3,low,M,3,5438,1,5,Night
5188,B,Road,5,5,257,4,medium,M,10,5180,0,24,Afternoon
5189,C,Road,3,1,221,3,high,M,3,5005,0,41,Morning
5190,F,Road,5,1,171,5,medium,F,8,4699,1,16,Morning
5191,D,Road,4,4,231,2,low,F,4,5825,1,12,Morning
5192,F,Road,5,5,187,4,medium,F,9,5326,1,21,Morning
5193,A,Road,5,4,233,3,low,M,8,5076,0,35,Night
5194,B,Road,4,4,268,6,medium,F,3,4834,1,23,Afternoon
5195,C,Road,4,2,262,3,low,F,9,4941,1,4,Afternoon
5196,F,Road,3,4,284,10,low,M,8,4562,0,2,Afternoon
5197,D,Road,3,3,259,3,medium,F,5,4664,1,18,Afternoon
5198,F,Road,3,1,221,10,medium,M,10,5473,1,16,Afternoon
5199,A,Road,5,5,271,4,high,F,6,4547,0,43,Night
5200,B,Road,5,4,249,3,high,F,2,4397,0,44,Morning
5201,C,Road,5,5,259,3,medium,F,5,4315,1,1,Morning
5202,F,Flight,3,1,176,3,low,M,5,5316,0,29,Morning
5203,D,Flight,4,1,139,3,low,M,6,4942,0,43,Morning
5204,F,Flight,3,4,243,3,medium,F,8,4959,1,7,Morning
5205,A,Flight,5,2,248,3,medium,M,5,5946,1,8,Afternoon
5206,B,Flight,3,5,247,3,low,F,4,5891,0,35,Night
5207,C,Flight,5,5,230,10,high,M,10,5619,0,10,Afternoon
5208,F,Flight,5,3,134,3,high,M,8,5016,1,35,Morning
5209,D,Flight,4,1,184,3,low,F,8,4667,1,42,Night
5210,F,Flight,4,5,263,3,medium,F,6,5445,1,29,Night
5211,A,Flight,5,4,121,5,high,F,4,4814,1,9,Night
5212,B,Flight,3,2,160,3,medium,M,3,5807,1,43,Afternoon
5213,C,Flight,4,2,229,4,medium,M,3,5340,1,45,Morning
5214,F,Flight,7,3,306,4,medium,M,4,1739,0,22,Morning
5215,D,Flight,6,2,291,4,low,M,8,1019,1,29,Night
5216,F,Flight,6,4,292,4,low,F,10,1321,0,25,Afternoon
5217,A,Flight,6,2,293,5,low,M,2,1494,1,46,Afternoon
5218,B,Flight,6,4,275,4,low,M,9,1585,1,44,Morning
5219,C,Flight,6,3,274,4,low,M,2,1833,0,6,Night
5220,F,Flight,7,5,310,4,low,F,5,1975,1,37,Afternoon
5221,D,Flight,6,3,292,4,low,F,10,1270,1,36,Morning
5222,F,Flight,6,5,256,5,low,M,10,1686,1,29,Morning
5223,A,Flight,4,5,234,3,low,M,5,5213,1,23,Afternoon
5224,B,Ship,5,1,257,4,medium,M,1,4924,1,9,Morning
5225,C,Ship,3,1,221,3,high,M,1,4948,1,28,Morning
5226,F,Ship,5,1,171,5,medium,F,2,5921,0,21,Afternoon
5227,D,Ship,4,1,231,2,low,F,1,5917,0,14,Afternoon
5228,F,Ship,5,1,187,4,medium,F,8,5164,1,36,Afternoon
5229,A,Ship,5,1,233,3,low,M,10,5289,1,9,Night
5230,B,Ship,4,2,268,6,medium,M,2,4348,1,48,Afternoon
5231,C,Ship,4,3,262,3,low,M,9,4404,0,18,Night
5232,F,Ship,3,4,284,10,low,M,5,5479,1,30,Morning
5233,D,Ship,3,3,259,3,medium,F,4,4259,1,40,Afternoon
5234,F,Ship,3,5,221,10,medium,F,7,5743,0,10,Morning
5235,A,Ship,5,5,271,4,high,M,10,4305,0,11,Morning
5236,B,Ship,5,2,249,3,high,F,8,5000,0,39,Night
5237,C,Ship,5,5,259,3,medium,F,1,4608,1,3,Afternoon
5238,F,Ship,3,1,176,3,low,F,7,4276,1,15,Morning
5239,D,Ship,4,1,139,3,low,F,1,5502,0,10,Morning
5240,F,Ship,3,1,243,3,medium,F,2,5827,0,40,Morning
5241,A,Ship,5,3,248,3,medium,M,10,5567,0,9,Night
5242,B,Ship,3,4,247,3,low,M,6,4873,1,43,Night
5243,C,Ship,5,5,230,10,high,F,3,5391,1,32,Morning
5244,F,Ship,5,5,134,3,high,F,5,5783,0,49,Afternoon
5245,D,Ship,4,2,184,3,low,M,10,4931,1,4,Afternoon
5246,F,Ship,4,4,263,3,medium,M,10,4680,1,49,Night
5247,A,Ship,5,2,121,5,high,F,4,5833,1,48,Afternoon
5248,B,Ship,3,1,160,3,medium,F,4,5132,1,42,Night
5249,C,Ship,4,1,229,4,medium,F,2,5378,0,35,Afternoon
5250,F,Ship,7,5,306,4,medium,F,2,1281,1,35,Night
5251,D,Ship,6,2,291,4,low,F,7,1046,1,19,Afternoon
5252,F,Ship,6,4,292,4,low,M,9,1056,0,14,Night
5253,A,Ship,6,5,293,5,low,F,1,1278,1,15,Afternoon
5254,B,Ship,6,4,275,4,low,M,10,1266,0,44,Night
5255,C,Ship,6,3,274,4,low,M,10,1174,1,23,Night
5256,F,Ship,7,2,310,4,low,M,4,1806,1,47,Afternoon
5257,D,Ship,6,5,292,4,low,F,10,1969,0,33,Afternoon
5258,F,Ship,6,1,275,4,low,F,5,1228,1,32,Afternoon
5259,A,Ship,7,3,310,4,medium,M,8,1860,0,1,Afternoon
5260,B,Ship,7,5,281,4,low,M,8,1987,0,46,Night
5261,C,Ship,6,5,256,4,low,M,5,1033,0,41,Morning
5262,F,Ship,6,4,304,4,low,F,2,1749,1,11,Night
5263,D,Ship,6,4,285,4,medium,M,6,1582,1,50,Morning
5264,F,Ship,7,4,283,5,low,M,6,1882,0,5,Afternoon
5265,A,Ship,6,1,304,4,low,F,4,1236,0,36,Night
5266,B,Ship,6,3,282,4,medium,M,3,1661,1,3,Afternoon
5267,C,Ship,6,2,304,5,medium,M,6,1178,0,41,Night
5268,F,Ship,6,2,301,5,medium,M,3,1844,0,24,Night
5269,D,Ship,7,2,296,4,low,F,6,1005,0,29,Morning
5270,F,Ship,6,4,264,4,low,M,1,1660,0,10,Night
5271,A,Ship,6,4,306,4,low,F,6,1461,1,49,Night
5272,B,Ship,7,4,243,4,medium,F,6,1362,0,33,Afternoon
5273,C,Ship,6,2,286,4,low,M,9,1418,1,46,Morning
5274,F,Ship,6,2,247,4,medium,M,1,1668,1,34,Morning
5275,D,Ship,7,5,292,5,low,M,5,1932,0,35,Morning
5276,F,Ship,6,2,281,2,medium,F,9,1715,0,48,Morning
5277,A,Ship,6,5,294,4,low,M,4,1302,1,46,Afternoon
5278,B,Ship,5,1,279,4,low,F,3,1499,1,33,Afternoon
5279,C,Ship,6,4,298,4,medium,M,9,1629,1,37,Night
5280,F,Ship,6,3,248,4,low,F,6,1997,0,14,Night
5281,D,Ship,6,5,261,4,low,F,3,1217,0,24,Night
5282,F,Ship,5,2,136,2,low,M,3,1370,1,17,Night
5283,A,Ship,6,3,259,5,medium,F,1,1271,1,40,Afternoon
5284,B,Ship,6,4,292,4,medium,F,7,1094,0,21,Morning
5285,C,Ship,7,4,305,4,medium,F,6,1873,1,3,Night
5286,F,Ship,6,2,304,4,low,F,9,1392,1,9,Afternoon
5287,D,Ship,3,5,218,2,low,M,4,5142,1,25,Afternoon
5288,F,Ship,4,1,268,3,medium,M,6,4681,0,39,Night
5289,A,Ship,2,3,110,5,low,M,3,4124,1,14,Afternoon
5290,B,Ship,4,4,248,3,low,F,1,5198,1,27,Afternoon
5291,C,Ship,4,3,194,2,medium,M,4,5780,0,46,Night
5292,F,Ship,5,4,151,2,low,F,10,5643,0,49,Night
5293,D,Ship,3,2,205,2,low,M,6,4853,1,6,Night
5294,F,Ship,2,1,275,2,low,F,5,4163,0,46,Night
5295,A,Ship,5,3,229,2,medium,M,10,5149,1,10,Night
5296,B,Ship,3,4,169,3,low,F,4,5716,1,6,Night
5297,C,Ship,3,1,137,5,low,F,8,4980,0,16,Morning
5298,F,Ship,3,2,263,3,medium,F,3,4181,1,35,Night
5299,D,Ship,5,4,187,3,low,F,1,4181,1,13,Night
5300,F,Ship,4,3,287,4,low,M,6,5889,1,34,Night
5301,A,Ship,4,4,134,2,medium,F,5,5230,1,45,Night
5302,B,Ship,5,4,244,3,medium,F,3,4015,1,17,Night
5303,C,Ship,4,3,229,2,medium,F,8,5868,1,26,Night
5304,F,Ship,5,1,203,5,medium,M,2,4845,1,5,Afternoon
5305,D,Ship,4,5,183,2,medium,F,8,4422,1,19,Night
5306,F,Ship,4,2,146,2,medium,M,4,4348,0,6,Morning
5307,A,Ship,4,4,252,3,medium,M,1,5676,0,48,Afternoon
5308,B,Ship,3,5,133,3,medium,M,7,4314,1,30,Night
5309,C,Ship,3,3,207,3,low,M,7,4816,0,9,Afternoon
5310,F,Ship,3,4,243,3,medium,M,8,5705,0,38,Afternoon
5311,D,Ship,2,1,219,4,low,M,7,5573,0,2,Afternoon
5312,F,Ship,3,1,182,2,low,F,3,5510,0,33,Night
5313,A,Ship,5,5,257,3,medium,F,5,5084,1,15,Afternoon
5314,B,Ship,4,2,256,4,medium,M,4,5469,1,40,Afternoon
5315,C,Ship,3,5,181,4,high,F,1,4971,0,23,Night
5316,F,Ship,3,1,219,3,medium,M,6,4893,0,9,Afternoon
5317,D,Road,4,3,227,2,low,M,3,4375,1,36,Morning
5318,F,Road,3,5,232,2,high,F,8,5146,1,32,Night
5319,A,Road,6,4,143,4,medium,M,4,4401,1,35,Night
5320,B,Road,4,3,274,3,high,F,7,5517,1,25,Afternoon
5321,C,Road,4,4,186,3,low,F,2,4430,1,13,Morning
5322,F,Road,3,4,273,3,low,M,3,5163,0,2,Afternoon
5323,D,Road,3,3,199,3,low,M,7,5258,0,29,Night
5324,F,Road,4,4,238,3,medium,F,5,4724,0,3,Morning
5325,A,Road,4,3,175,3,medium,F,4,5784,1,36,Night
5326,B,Road,4,2,252,6,medium,M,2,5476,1,23,Afternoon
5327,C,Road,6,1,250,3,low,M,5,5621,0,16,Night
5328,F,Road,3,2,254,2,medium,F,10,5608,1,50,Morning
5329,D,Road,2,4,201,2,high,M,2,5115,1,32,Afternoon
5330,F,Road,5,1,234,3,high,F,9,5548,1,33,Afternoon
5331,A,Road,4,2,164,4,low,M,2,5008,1,48,Afternoon
5332,B,Road,4,1,197,3,low,M,2,4326,1,25,Afternoon
5333,C,Road,4,3,158,4,medium,M,7,4460,1,34,Afternoon
5334,F,Road,3,2,158,3,medium,M,4,5335,1,27,Afternoon
5335,D,Road,5,3,111,4,medium,F,8,4575,1,44,Afternoon
5336,F,Road,5,3,215,3,low,F,2,4731,0,50,Afternoon
5337,A,Road,6,3,233,3,medium,F,9,4293,0,24,Morning
5338,B,Road,4,4,204,3,medium,M,8,5614,1,42,Morning
5339,C,Flight,2,5,254,2,low,M,10,5718,0,24,Afternoon
5340,F,Flight,5,1,162,3,medium,F,1,5537,1,38,Night
5341,D,Flight,4,1,249,5,low,M,9,4396,1,12,Morning
5342,F,Flight,3,2,151,3,low,F,7,5154,0,3,Morning
5343,A,Flight,4,2,243,2,medium,F,6,4573,1,35,Afternoon
5344,B,Flight,4,2,181,3,low,M,4,5078,1,44,Morning
5345,C,Flight,4,3,241,2,medium,F,4,5942,0,31,Night
5346,F,Flight,3,3,175,3,low,M,2,5740,0,42,Afternoon
5347,D,Flight,3,1,191,2,medium,F,10,5073,1,32,Morning
5348,F,Flight,4,5,260,3,high,M,10,4919,1,31,Afternoon
5349,A,Flight,4,1,263,4,low,M,9,4390,1,40,Night
5350,B,Flight,4,1,254,2,low,M,10,4230,0,11,Morning
5351,C,Flight,5,5,103,6,medium,F,2,4860,1,7,Morning
5352,F,Flight,5,2,254,5,medium,F,2,5655,0,47,Afternoon
5353,D,Flight,5,4,235,2,medium,M,9,5549,1,36,Morning
5354,F,Flight,4,3,167,3,medium,F,1,4621,0,39,Night
5355,A,Flight,4,5,140,5,medium,F,3,4191,0,44,Morning
5356,B,Flight,4,1,231,3,medium,M,2,4940,1,12,Night
5357,C,Flight,2,4,144,4,low,F,8,5760,0,27,Afternoon
5358,F,Flight,4,5,183,2,medium,F,2,4533,0,43,Morning
5359,D,Flight,4,3,149,3,low,F,3,5542,1,27,Morning
5360,F,Flight,4,4,145,2,medium,M,8,5645,0,3,Afternoon
5361,A,Ship,3,3,223,3,medium,F,4,5062,0,23,Night
5362,B,Ship,4,2,251,2,low,F,10,4898,0,19,Afternoon
5363,C,Ship,4,2,240,3,medium,M,9,5170,0,11,Night
5364,F,Ship,4,5,226,5,low,F,5,4833,1,3,Afternoon
5365,D,Ship,4,1,200,2,low,M,5,5072,0,18,Night
5366,F,Ship,3,4,213,3,high,F,4,5996,1,50,Morning
5367,A,Ship,3,4,166,2,low,F,10,5258,1,35,Morning
5368,B,Ship,5,2,203,6,medium,F,7,5289,1,35,Morning
5369,C,Ship,3,4,175,2,medium,M,9,5643,0,27,Morning
5370,F,Ship,4,2,197,3,low,F,6,5826,1,34,Afternoon
5371,D,Ship,4,1,158,3,medium,M,5,5782,1,8,Night
5372,F,Ship,4,2,257,2,low,M,7,5325,0,44,Morning
5373,A,Ship,3,1,183,2,medium,F,3,4042,1,36,Afternoon
5374,B,Ship,3,3,254,2,medium,M,8,4890,0,8,Morning
5375,C,Ship,3,1,219,2,medium,F,10,4390,0,36,Night
5376,F,Ship,3,5,271,4,low,M,3,5831,0,47,Night
5377,D,Ship,4,4,236,2,medium,F,5,5266,1,28,Night
5378,F,Ship,5,1,170,4,high,M,6,5258,0,25,Night
5379,A,Ship,5,4,203,2,high,F,2,4190,0,38,Night
5380,B,Ship,3,5,258,3,low,M,5,4314,0,34,Night
5381,C,Ship,4,5,228,2,low,F,4,4783,0,4,Morning
5382,F,Ship,6,3,251,5,medium,M,8,4877,1,43,Morning
5383,D,Ship,3,3,166,2,medium,M,4,4254,0,21,Night
5384,F,Ship,3,5,147,3,low,F,4,5042,1,28,Morning
5385,A,Ship,5,4,248,4,medium,F,5,4271,0,39,Night
5386,B,Ship,3,2,238,4,low,F,7,5254,1,25,Night
5387,C,Ship,4,4,219,2,medium,M,7,4604,1,19,Night
5388,F,Ship,5,2,226,3,medium,M,6,4700,0,9,Afternoon
5389,D,Ship,3,3,211,4,low,M,7,4733,1,26,Afternoon
5390,F,Ship,5,4,139,3,medium,F,6,5721,1,48,Night
5391,A,Ship,4,2,137,2,medium,F,2,5804,0,49,Afternoon
5392,B,Ship,4,4,222,2,medium,M,7,4343,1,7,Night
5393,C,Ship,2,3,257,2,low,F,1,5331,0,28,Night
5394,F,Ship,5,1,186,4,medium,M,5,5239,1,37,Afternoon
5395,D,Ship,4,2,262,3,low,M,4,5085,1,13,Afternoon
5396,F,Ship,4,3,248,3,low,M,5,4781,0,44,Afternoon
5397,A,Ship,5,3,245,3,medium,F,5,5663,1,4,Afternoon
5398,B,Ship,5,3,202,4,low,M,6,5107,1,42,Afternoon
5399,C,Ship,4,3,279,6,medium,M,2,5405,1,35,Morning
5400,F,Ship,5,1,263,3,medium,M,6,4505,0,11,Morning
5401,D,Ship,3,5,227,4,low,F,9,4647,1,39,Morning
5402,F,Ship,5,3,245,4,high,M,8,4129,0,22,Afternoon
5403,A,Ship,4,5,142,2,medium,F,7,4594,0,11,Afternoon
5404,B,Ship,5,3,192,3,medium,F,6,4037,0,48,Morning
5405,C,Ship,4,3,190,4,medium,M,4,4102,0,32,Morning
5406,F,Ship,2,2,146,4,low,M,4,5817,1,23,Afternoon
5407,D,Ship,4,3,161,2,medium,M,3,4391,0,16,Night
5408,F,Ship,3,3,192,3,low,F,1,4180,0,38,Afternoon
5409,A,Ship,3,1,267,3,low,M,5,5528,1,46,Afternoon
5410,B,Ship,5,5,186,4,medium,F,9,5592,0,42,Morning
5411,C,Ship,4,2,149,5,medium,F,8,4209,1,23,Night
5412,F,Ship,4,4,246,3,low,M,2,5473,0,2,Morning
5413,D,Ship,3,2,177,4,low,F,3,5527,1,34,Night
5414,F,Ship,4,5,199,2,low,F,8,4463,1,17,Night
5415,A,Ship,5,2,247,3,medium,F,3,4698,0,45,Morning
5416,B,Ship,4,5,157,3,medium,F,2,4343,0,23,Afternoon
5417,C,Ship,3,1,202,3,medium,F,9,4322,1,23,Morning
5418,F,Ship,4,2,150,3,low,M,6,5787,0,15,Morning
5419,D,Ship,5,5,209,2,low,F,3,4348,1,46,Morning
5420,F,Ship,5,3,223,3,low,M,6,5977,1,20,Night
5421,A,Ship,3,3,234,3,low,F,8,4839,0,41,Night
5422,B,Ship,6,1,147,3,medium,F,5,4012,1,36,Night
5423,C,Ship,6,5,201,5,medium,M,3,5771,1,21,Night
5424,F,Ship,5,3,134,2,low,M,10,5279,0,33,Morning
5425,D,Ship,4,1,229,4,low,F,3,4352,0,2,Night
5426,F,Ship,4,4,200,4,low,F,3,5583,0,20,Morning
5427,A,Ship,4,4,239,3,low,M,4,4756,1,20,Morning
5428,B,Ship,5,4,237,6,medium,M,2,4541,1,34,Night
5429,C,Ship,5,2,121,5,medium,F,10,4790,1,26,Morning
5430,F,Ship,3,4,156,3,medium,M,6,5255,0,19,Afternoon
5431,D,Ship,5,3,195,4,low,F,9,5577,1,49,Night
5432,F,Ship,4,4,261,3,high,M,9,5515,1,46,Afternoon
5433,A,Ship,2,1,255,2,medium,M,9,5936,0,23,Afternoon
5434,B,Ship,3,5,212,4,low,F,9,5791,1,10,Afternoon
5435,C,Ship,4,4,241,3,low,F,8,5206,0,30,Afternoon
5436,F,Ship,4,5,266,3,medium,F,4,5928,0,32,Morning
5437,D,Ship,4,5,253,2,low,M,8,5652,1,9,Afternoon
5438,F,Ship,4,3,192,3,medium,F,10,5190,1,26,Morning
5439,A,Ship,4,4,263,4,medium,M,7,4041,0,43,Morning
5440,B,Ship,4,5,198,6,medium,F,6,5380,1,8,Morning
5441,C,Ship,3,1,225,2,high,M,6,5274,0,29,Morning
5442,F,Ship,3,1,209,2,medium,F,3,4184,1,7,Afternoon
5443,D,Ship,3,4,222,3,medium,M,3,4068,1,28,Afternoon
5444,F,Ship,3,1,162,3,medium,F,7,5971,1,32,Night
5445,A,Ship,5,1,217,2,medium,M,6,5518,1,29,Night
5446,B,Ship,3,5,252,4,low,F,7,5328,0,2,Afternoon
5447,C,Ship,4,1,236,3,low,F,4,4248,1,18,Morning
5448,F,Ship,4,4,113,3,medium,F,1,5610,0,1,Night
5449,D,Ship,6,4,157,6,low,F,9,5354,0,12,Afternoon
5450,F,Ship,5,3,169,4,low,F,4,5683,1,9,Morning
5451,A,Ship,5,3,268,3,medium,F,9,4152,0,45,Morning
5452,B,Ship,4,4,259,7,medium,M,7,4408,1,44,Morning
5453,C,Ship,3,2,135,7,medium,F,5,4716,1,27,Night
5454,F,Road,4,1,196,5,low,M,7,5380,1,37,Night
5455,D,Road,5,5,132,2,high,F,1,4233,1,18,Morning
5456,F,Road,3,5,256,2,medium,F,9,5750,1,48,Morning
5457,A,Road,3,5,240,8,low,M,9,4436,0,21,Night
5458,B,Road,2,3,225,7,high,M,7,4009,0,25,Morning
5459,C,Road,5,2,205,3,low,F,3,5182,1,48,Morning
5460,F,Road,4,4,146,3,low,F,10,5805,1,45,Afternoon
5461,D,Road,7,3,281,4,low,F,4,1480,1,20,Afternoon
5462,F,Road,6,4,256,4,low,F,2,1752,0,12,Afternoon
5463,A,Road,6,2,304,4,low,M,2,1256,0,48,Afternoon
5464,B,Road,6,4,285,4,medium,M,9,1180,1,7,Afternoon
5465,C,Road,7,5,283,5,low,M,8,1578,1,2,Night
5466,F,Road,6,4,304,4,low,M,6,1890,0,18,Morning
5467,D,Road,6,1,282,4,medium,M,4,1716,1,2,Afternoon
5468,F,Road,6,3,304,5,medium,F,6,1184,1,31,Afternoon
5469,A,Road,6,5,301,5,medium,M,3,1628,1,43,Night
5470,B,Road,7,1,296,4,low,F,10,1230,0,46,Afternoon
5471,C,Road,6,5,264,4,low,M,1,1039,0,47,Morning
5472,F,Road,6,4,306,4,low,M,9,1595,1,45,Afternoon
5473,D,Road,4,1,241,3,low,M,4,4493,0,10,Morning
5474,F,Road,4,5,266,3,medium,M,8,4889,1,41,Night
5475,A,Road,4,4,253,2,low,F,6,5892,1,28,Morning
5476,B,Flight,4,2,192,3,medium,F,3,4922,1,39,Night
5477,C,Flight,4,5,263,4,medium,F,7,4243,0,50,Night
5478,F,Flight,4,4,198,6,medium,M,9,5730,0,5,Afternoon
5479,D,Flight,3,4,225,2,high,M,5,5997,1,31,Night
5480,F,Flight,3,2,209,2,medium,M,6,5095,0,14,Afternoon
5481,A,Flight,3,1,222,3,medium,F,8,4650,0,41,Afternoon
5482,B,Flight,3,5,162,3,medium,M,1,4480,1,25,Afternoon
5483,C,Flight,5,4,217,2,medium,M,4,4380,0,43,Afternoon
5484,F,Flight,3,4,252,4,low,F,10,5495,1,30,Afternoon
5485,D,Flight,4,5,236,3,low,M,8,4132,1,10,Afternoon
5486,F,Flight,4,5,113,3,medium,F,10,4053,0,38,Afternoon
5487,A,Flight,6,1,157,6,low,M,1,4631,0,13,Afternoon
5488,B,Flight,5,5,169,4,low,F,2,4188,1,30,Afternoon
5489,C,Flight,5,5,268,3,medium,M,2,4459,0,14,Afternoon
5490,F,Flight,4,1,259,7,medium,F,4,5102,1,31,Morning
5491,D,Flight,3,2,135,7,medium,M,8,4901,1,5,Night
5492,F,Flight,4,4,196,5,low,F,6,4258,1,49,Night
5493,A,Flight,5,5,132,2,high,M,6,4392,1,49,Morning
5494,B,Flight,3,5,256,2,medium,F,4,5368,0,44,Afternoon
5495,C,Flight,3,2,240,8,low,F,9,4908,1,25,Morning
5496,F,Flight,2,2,225,7,high,M,9,4947,0,22,Morning
5497,D,Flight,5,2,205,3,low,F,2,4270,1,41,Night
5498,F,Ship,4,4,146,3,low,M,10,4472,0,17,Afternoon
5499,A,Ship,7,3,281,4,low,M,1,1215,0,14,Afternoon
5500,B,Ship,6,4,256,4,low,F,9,1676,1,21,Morning
5501,C,Ship,6,4,304,4,low,M,7,1226,0,21,Morning
5502,F,Ship,6,2,285,4,medium,M,6,1016,0,33,Night
5503,D,Ship,7,2,283,5,low,F,10,1722,0,50,Afternoon
5504,F,Ship,6,5,304,4,low,F,6,1864,0,12,Afternoon
5505,A,Ship,6,2,282,4,medium,M,8,1553,1,31,Afternoon
5506,B,Ship,6,3,304,5,medium,F,10,1254,0,33,Morning
5507,C,Ship,6,5,301,5,medium,F,7,1209,0,43,Night
5508,F,Ship,7,1,296,4,low,M,4,1446,1,13,Morning
5509,D,Ship,6,5,264,4,low,F,4,1822,0,7,Morning
5510,F,Ship,6,4,304,4,low,M,6,1342,1,15,Afternoon
5511,A,Ship,6,2,305,4,low,M,8,1015,1,13,Morning
5512,B,Ship,6,2,309,4,low,M,7,1941,1,3,Afternoon
5513,C,Ship,6,5,266,4,medium,F,6,1312,0,18,Afternoon
5514,F,Ship,4,1,233,4,low,M,2,1809,1,35,Morning
5515,D,Ship,5,3,287,4,low,M,2,1437,1,3,Morning
5516,F,Ship,6,5,268,4,low,M,10,1170,1,15,Afternoon
5517,A,Ship,6,2,290,4,medium,M,2,1070,0,27,Afternoon
5518,B,Ship,7,4,291,4,high,M,4,1248,0,2,Afternoon
5519,C,Ship,5,3,227,5,medium,M,2,1965,1,8,Afternoon
5520,F,Ship,3,5,222,2,low,M,9,1321,1,8,Morning
5521,D,Ship,6,5,301,4,medium,F,2,1943,1,1,Afternoon
5522,F,Ship,6,2,304,4,medium,F,10,1983,0,8,Afternoon
5523,A,Ship,4,2,133,3,low,M,2,1212,0,42,Night
5524,B,Ship,4,1,218,5,low,F,5,1238,1,30,Morning
5525,C,Ship,5,5,304,5,low,F,8,1949,0,10,Morning
5526,F,Ship,6,1,260,4,medium,M,9,1698,0,13,Afternoon
5527,D,Ship,6,5,252,4,low,F,9,1460,1,38,Morning
5528,F,Ship,4,2,253,5,low,M,5,1812,1,47,Afternoon
5529,A,Ship,6,4,248,4,low,F,6,1851,1,30,Afternoon
5530,B,Ship,5,3,237,5,medium,F,4,1733,0,27,Night
5531,C,Ship,5,3,264,5,medium,F,5,1399,1,45,Night
5532,F,Ship,6,1,308,4,medium,M,1,1216,0,17,Afternoon
5533,D,Ship,7,3,270,4,medium,F,10,1211,1,36,Morning
5534,F,Ship,6,3,269,4,medium,F,6,1822,0,37,Afternoon
5535,A,Ship,6,1,271,4,low,F,9,1302,1,3,Night
5536,B,Ship,7,1,244,5,medium,F,3,1418,0,18,Night
5537,C,Ship,6,2,245,4,low,F,8,1904,1,1,Night
5538,F,Ship,5,4,219,5,low,M,5,1388,0,29,Afternoon
5539,D,Ship,6,2,257,4,low,F,4,1929,0,48,Afternoon
5540,F,Ship,3,3,226,3,low,M,4,5048,1,17,Afternoon
5541,A,Ship,4,4,200,2,low,M,5,5783,1,39,Afternoon
5542,B,Ship,4,4,260,2,low,M,3,5801,1,35,Night
5543,C,Ship,3,4,142,2,medium,F,7,5346,1,32,Afternoon
5544,F,Ship,5,3,193,5,medium,M,3,5888,1,11,Morning
5545,D,Ship,5,2,180,3,medium,M,1,4655,0,27,Afternoon
5546,F,Ship,4,3,232,3,medium,F,8,5298,0,5,Morning
5547,A,Ship,3,2,148,2,low,F,1,4133,0,29,Night
5548,B,Ship,5,3,205,4,low,M,9,4277,1,36,Afternoon
5549,C,Ship,3,4,212,3,medium,F,3,4811,1,10,Afternoon
5550,F,Ship,3,4,168,2,medium,M,9,5235,0,28,Afternoon
5551,D,Ship,3,5,145,2,low,F,2,4232,0,27,Afternoon
5552,F,Ship,3,5,253,3,medium,M,9,5979,0,45,Afternoon
5553,A,Ship,3,5,143,2,low,F,6,4253,1,45,Night
5554,B,Ship,4,2,267,5,low,M,9,4720,0,44,Afternoon
5555,C,Ship,6,1,123,5,medium,M,5,5323,0,29,Afternoon
5556,F,Ship,5,1,106,5,medium,F,4,4180,1,13,Night
5557,D,Ship,2,2,249,3,low,F,3,4129,0,35,Morning
5558,F,Ship,5,1,178,2,low,F,5,4369,1,12,Afternoon
5559,A,Ship,4,3,148,4,low,F,1,4243,1,20,Morning
5560,B,Ship,4,1,144,4,medium,M,6,5197,0,49,Afternoon
5561,C,Ship,3,1,249,2,low,F,2,5572,0,6,Morning
5562,F,Ship,5,5,128,3,low,M,9,5143,0,12,Night
5563,D,Ship,4,4,228,4,high,M,1,5573,1,15,Morning
5564,F,Ship,3,4,242,2,low,F,10,5559,0,21,Afternoon
5565,A,Ship,4,2,272,3,medium,F,1,4933,0,36,Night
5566,B,Ship,4,1,173,2,medium,F,8,4893,1,11,Morning
5567,C,Ship,3,2,189,6,low,M,7,4329,1,12,Morning
5568,F,Ship,4,2,245,2,low,M,3,4000,1,11,Morning
5569,D,Ship,4,1,211,3,high,M,5,5757,0,32,Afternoon
5570,F,Ship,2,1,214,3,high,M,1,4391,1,12,Morning
5571,A,Ship,5,4,215,2,low,F,1,5669,1,34,Morning
5572,B,Ship,3,1,248,2,medium,M,1,5703,1,7,Night
5573,C,Ship,3,1,225,3,medium,M,2,4284,1,21,Morning
5574,F,Ship,5,1,120,3,low,M,7,4381,0,5,Afternoon
5575,D,Ship,5,2,243,3,low,F,8,4133,0,20,Night
5576,F,Ship,3,4,214,2,low,M,10,4794,1,49,Night
5577,A,Ship,3,1,144,3,low,F,8,5221,0,46,Night
5578,B,Ship,3,1,242,6,low,M,10,5493,0,41,Afternoon
5579,C,Ship,4,5,160,5,medium,F,3,4648,0,36,Night
5580,F,Ship,5,5,139,4,medium,F,3,4433,0,22,Night
5581,D,Ship,3,1,221,4,medium,F,8,5971,1,12,Night
5582,F,Ship,5,5,266,2,medium,M,7,5712,0,7,Afternoon
5583,A,Ship,5,4,140,4,low,F,10,4528,1,7,Afternoon
5584,B,Ship,4,4,134,2,low,M,1,5209,0,14,Night
5585,C,Ship,3,3,260,2,low,M,7,5738,1,17,Night
5586,F,Ship,5,4,261,6,medium,F,4,5349,1,13,Morning
5587,D,Ship,5,2,274,4,medium,F,7,4929,1,14,Afternoon
5588,F,Ship,4,5,263,3,medium,M,3,4020,1,27,Afternoon
5589,A,Ship,4,4,189,4,medium,F,9,5838,0,29,Morning
5590,B,Ship,4,5,257,2,low,M,3,5394,1,20,Night
5591,C,Road,5,5,195,4,medium,M,1,4482,1,22,Morning
5592,F,Road,2,3,201,3,medium,M,5,5733,0,6,Night
5593,D,Road,4,4,264,4,medium,M,9,5186,1,26,Night
5594,F,Road,3,2,180,2,high,M,10,4024,1,35,Night
5595,A,Road,3,1,220,3,low,F,6,5572,0,47,Night
5596,B,Road,5,1,113,3,medium,F,6,5509,0,45,Morning
5597,C,Road,4,2,168,2,high,F,9,5684,1,13,Night
5598,F,Road,5,2,251,3,low,M,9,4298,0,7,Afternoon
5599,D,Road,4,2,245,3,medium,F,2,4835,0,43,Morning
5600,F,Road,4,4,164,4,medium,F,1,4365,0,33,Afternoon
5601,A,Road,3,1,232,2,medium,M,4,5806,0,43,Morning
5602,B,Road,4,3,138,3,high,M,2,5358,1,33,Night
5603,C,Road,4,2,233,3,low,F,3,5740,0,15,Night
5604,F,Road,4,4,150,2,medium,F,1,4711,0,8,Morning
5605,D,Road,3,5,253,2,medium,M,7,5846,1,9,Morning
5606,F,Road,4,4,179,3,medium,M,5,4061,0,42,Night
5607,A,Road,5,2,135,2,medium,M,4,5405,1,43,Afternoon
5608,B,Road,3,1,166,2,medium,F,9,5853,0,31,Morning
5609,C,Road,3,4,196,2,medium,F,5,4342,0,18,Night
5610,F,Road,4,4,238,2,low,F,4,4337,0,31,Morning
5611,D,Road,2,2,159,6,low,F,6,4044,1,23,Afternoon
5612,F,Road,3,5,226,2,medium,M,3,4208,0,34,Afternoon
5613,A,Flight,5,1,182,5,high,F,6,5398,1,49,Night
5614,B,Flight,5,5,173,3,low,M,4,5265,0,16,Afternoon
5615,C,Flight,3,2,257,5,low,M,5,4130,0,10,Afternoon
5616,F,Flight,2,3,223,3,low,F,9,5653,1,28,Afternoon
5617,D,Flight,4,2,194,3,low,F,3,5174,1,33,Afternoon
5618,F,Flight,5,4,281,3,low,F,10,5675,1,9,Afternoon
5619,A,Flight,5,4,236,3,medium,F,1,5711,1,4,Night
5620,B,Flight,3,5,165,4,low,M,6,4795,0,16,Morning
5621,C,Flight,4,2,200,2,low,F,8,4222,1,40,Night
5622,F,Flight,3,3,168,4,low,F,2,4541,0,43,Afternoon
5623,D,Flight,4,3,266,6,medium,F,5,5209,1,8,Afternoon
5624,F,Flight,2,1,226,2,medium,F,1,5576,1,39,Afternoon
5625,A,Flight,5,3,143,2,medium,M,5,5612,0,27,Afternoon
5626,B,Flight,4,2,116,3,low,F,2,5602,0,14,Morning
5627,C,Flight,4,4,139,2,high,F,9,4446,0,39,Morning
5628,F,Flight,4,3,248,2,medium,F,2,4700,1,11,Afternoon
5629,D,Flight,5,4,135,2,low,M,5,5834,1,15,Afternoon
5630,F,Flight,4,4,265,2,medium,F,9,4106,1,19,Morning
5631,A,Flight,5,5,175,6,medium,F,2,4995,0,44,Morning
5632,B,Flight,6,2,256,3,medium,M,1,4435,0,2,Morning
5633,C,Flight,5,4,217,2,medium,F,3,5925,1,41,Afternoon
5634,F,Flight,4,4,203,3,medium,M,8,4443,1,43,Morning
5635,D,Ship,3,4,145,2,high,F,5,5513,1,31,Morning
5636,F,Ship,3,2,268,3,low,M,9,4215,1,15,Night
5637,A,Ship,4,5,206,2,medium,F,10,4437,1,23,Morning
5638,B,Ship,3,2,215,3,medium,F,10,4198,0,18,Afternoon
5639,C,Ship,4,1,177,3,medium,F,5,4382,1,48,Afternoon
5640,F,Ship,3,3,183,3,low,F,3,5538,1,24,Morning
5641,D,Ship,4,2,227,5,medium,M,6,4618,1,28,Afternoon
5642,F,Ship,4,1,209,4,medium,F,1,5057,1,1,Morning
5643,A,Ship,4,4,193,3,low,M,5,5090,0,50,Afternoon
5644,B,Ship,4,4,144,2,low,M,5,4380,0,13,Night
5645,C,Ship,4,2,192,3,low,F,3,4130,0,37,Afternoon
5646,F,Ship,2,3,247,4,low,M,5,5725,1,13,Morning
5647,D,Ship,3,4,199,4,medium,F,6,5207,1,6,Afternoon
5648,F,Ship,6,5,273,5,medium,M,10,5756,0,8,Afternoon
5649,A,Ship,3,3,232,4,low,F,4,4662,0,37,Afternoon
5650,B,Ship,3,5,214,3,low,F,6,5319,1,36,Morning
5651,C,Ship,5,1,156,2,low,M,10,5086,1,48,Night
5652,F,Ship,4,3,200,3,medium,M,5,5108,1,12,Afternoon
5653,D,Ship,3,5,196,3,medium,F,9,4741,0,33,Night
5654,F,Ship,5,3,189,3,medium,F,7,5830,0,11,Afternoon
5655,A,Ship,5,2,266,2,low,M,3,4030,1,32,Afternoon
5656,B,Ship,4,4,198,2,medium,M,2,5725,0,23,Afternoon
5657,C,Ship,4,5,144,2,low,M,2,4978,1,9,Night
5658,F,Ship,4,4,217,5,medium,M,6,5891,0,24,Afternoon
5659,D,Ship,5,1,169,4,medium,M,4,4541,1,43,Morning
5660,F,Ship,3,1,153,4,medium,F,1,4608,1,30,Morning
5661,A,Ship,4,4,152,2,medium,F,5,5324,1,39,Afternoon
5662,B,Ship,5,5,245,5,medium,F,4,4627,1,35,Night
5663,C,Ship,4,2,237,3,low,M,2,5277,1,32,Morning
5664,F,Ship,4,2,266,2,low,F,8,5516,1,11,Night
5665,D,Ship,4,5,216,4,medium,F,1,4458,0,34,Afternoon
5666,F,Ship,3,4,186,3,medium,F,4,5501,0,26,Morning
5667,A,Ship,5,3,280,4,medium,F,4,5192,1,22,Afternoon
5668,B,Ship,4,5,229,2,medium,F,1,4869,1,27,Night
5669,C,Ship,3,2,225,3,low,M,3,5529,1,41,Afternoon
5670,F,Ship,3,5,149,3,low,F,7,4357,1,32,Afternoon
5671,D,Ship,5,5,200,3,low,M,6,4401,0,47,Morning
5672,F,Ship,4,2,246,3,low,F,1,5815,0,8,Morning
5673,A,Ship,3,4,150,2,low,M,1,4742,1,15,Afternoon
5674,B,Ship,3,1,175,3,medium,F,9,5797,1,31,Night
5675,C,Ship,3,5,141,3,medium,M,10,5775,1,36,Night
5676,F,Ship,3,4,102,3,medium,M,9,4111,1,16,Afternoon
5677,D,Ship,3,1,209,3,low,F,8,4367,1,8,Morning
5678,F,Ship,4,4,287,6,medium,M,6,5282,1,3,Morning
5679,A,Ship,3,5,212,2,low,F,3,5761,0,6,Night
5680,B,Ship,3,4,205,3,high,F,1,5407,1,42,Afternoon
5681,C,Ship,3,1,180,2,high,M,10,4200,1,15,Afternoon
5682,F,Ship,5,4,229,3,low,M,1,5660,1,49,Night
5683,D,Ship,2,2,182,3,high,M,6,4112,0,43,Morning
5684,F,Ship,4,1,183,3,medium,F,4,4789,1,48,Morning
5685,A,Ship,3,1,212,3,medium,M,10,5759,1,42,Night
5686,B,Ship,4,3,235,6,medium,M,2,4689,1,31,Morning
5687,C,Ship,5,5,210,4,medium,M,9,5081,0,16,Morning
5688,F,Ship,5,2,111,4,medium,F,7,4424,1,22,Night
5689,D,Ship,5,1,270,4,medium,F,7,5149,1,14,Afternoon
5690,F,Ship,4,4,135,2,low,M,4,4684,1,13,Afternoon
5691,A,Ship,3,5,143,3,low,F,10,5021,1,5,Night
5692,B,Ship,4,1,216,2,low,F,5,5059,1,6,Morning
5693,C,Ship,5,1,136,3,low,M,10,5308,1,41,Night
5694,F,Ship,3,3,145,3,low,F,10,5696,1,20,Night
5695,D,Ship,5,3,142,4,medium,F,4,5116,0,6,Morning
5696,F,Ship,4,2,175,3,medium,M,7,4874,0,37,Night
5697,A,Ship,3,1,183,2,low,M,5,5329,0,7,Night
5698,B,Ship,3,1,191,5,medium,M,2,4956,0,10,Morning
5699,C,Ship,3,4,247,3,low,F,9,4157,1,32,Morning
5700,F,Ship,3,1,170,2,low,F,2,5662,0,43,Morning
5701,D,Ship,3,2,275,2,low,F,5,5393,0,4,Night
5702,F,Ship,4,4,147,4,low,F,8,5882,1,8,Afternoon
5703,A,Ship,4,4,188,3,low,M,6,4174,0,31,Night
5704,B,Ship,5,5,248,2,low,M,4,5587,1,16,Night
5705,C,Ship,3,1,245,2,low,F,8,4594,0,50,Afternoon
5706,F,Ship,4,5,164,3,high,M,3,4454,1,26,Night
5707,D,Ship,4,2,260,3,medium,F,3,4661,0,46,Morning
5708,F,Ship,4,4,149,2,medium,F,9,4605,1,50,Afternoon
5709,A,Ship,3,2,174,3,low,M,3,4132,1,13,Afternoon
5710,B,Ship,4,5,242,2,low,F,1,5682,0,45,Morning
5711,C,Ship,4,1,134,3,medium,M,7,4933,0,13,Night
5712,F,Ship,4,5,189,3,medium,F,3,5193,1,45,Night
5713,D,Ship,6,5,263,7,high,M,7,5216,0,33,Afternoon
5714,F,Ship,5,2,280,3,high,F,8,5858,0,27,Afternoon
5715,A,Ship,4,2,258,7,medium,M,3,4538,0,33,Morning
5716,B,Ship,4,4,179,3,high,F,1,5242,0,38,Morning
5717,C,Ship,5,1,250,4,medium,M,10,5306,0,12,Night
5718,F,Ship,4,4,212,2,medium,M,5,4774,0,22,Afternoon
5719,D,Ship,4,3,236,3,low,M,4,4257,0,41,Morning
5720,F,Ship,3,1,239,8,high,M,6,5023,0,34,Afternoon
5721,A,Ship,6,3,305,4,low,M,3,1276,1,3,Afternoon
5722,B,Ship,6,3,309,4,low,M,5,1712,1,50,Night
5723,C,Ship,6,3,266,4,medium,M,8,1983,0,17,Morning
5724,F,Ship,4,5,233,4,low,F,6,1495,1,46,Afternoon
5725,D,Ship,5,5,287,4,low,M,4,1509,0,32,Afternoon
5726,F,Ship,6,2,268,4,low,F,7,1274,1,42,Night
5727,A,Ship,6,4,290,4,medium,M,10,1366,1,16,Afternoon
5728,B,Road,7,5,291,4,high,M,6,1135,1,40,Morning
5729,C,Road,5,5,227,5,medium,F,3,1687,1,42,Afternoon
5730,F,Road,4,5,175,3,medium,F,5,4194,1,2,Afternoon
5731,D,Road,3,3,183,2,low,M,6,5015,1,48,Morning
5732,F,Road,3,4,191,5,medium,F,4,4243,0,23,Afternoon
5733,A,Road,3,4,247,3,low,M,10,5749,0,48,Morning
5734,B,Road,3,2,170,2,low,M,2,4214,0,41,Night
5735,C,Road,3,5,275,2,low,F,7,4619,1,49,Afternoon
5736,F,Road,4,3,147,4,low,F,7,4865,1,33,Morning
5737,D,Road,4,5,188,3,low,M,4,4632,1,41,Afternoon
5738,F,Road,5,1,248,2,low,F,6,5281,1,29,Night
5739,A,Road,3,3,245,2,low,F,4,4719,0,34,Morning
5740,B,Road,4,5,164,3,high,M,7,4657,1,1,Morning
5741,C,Road,4,1,260,3,medium,M,9,5886,0,33,Afternoon
5742,F,Road,4,2,149,2,medium,M,8,5460,0,19,Night
5743,D,Road,3,1,174,3,low,M,7,4318,0,43,Night
5744,F,Road,4,1,242,2,low,F,2,5825,1,17,Night
5745,A,Road,4,5,134,3,medium,F,4,5423,1,26,Morning
5746,B,Road,4,3,189,3,medium,F,4,4410,1,8,Morning
5747,C,Road,6,5,263,7,high,M,9,5991,0,30,Morning
5748,F,Road,5,3,280,3,high,M,2,5273,1,8,Night
5749,D,Road,4,4,258,7,medium,M,8,5069,1,2,Afternoon
5750,F,Flight,4,1,179,3,high,M,5,4129,1,44,Morning
5751,A,Flight,5,4,250,4,medium,M,4,4531,1,46,Morning
5752,B,Flight,4,1,212,2,medium,F,7,5864,1,5,Night
5753,C,Flight,4,4,236,3,low,M,10,4347,0,45,Morning
5754,F,Flight,3,4,239,8,high,M,4,4192,1,23,Afternoon
5755,D,Flight,6,4,305,4,low,F,7,1172,0,37,Night
5756,F,Flight,6,1,309,4,low,F,6,1866,0,26,Afternoon
5757,A,Flight,6,1,266,4,medium,F,2,1862,0,47,Night
5758,B,Flight,4,2,233,4,low,M,7,1861,1,26,Morning
5759,C,Flight,5,1,287,4,low,F,4,1579,1,41,Night
5760,F,Flight,6,5,268,4,low,F,2,1324,1,26,Morning
5761,D,Flight,6,1,290,4,medium,M,6,1505,0,29,Morning
5762,F,Flight,7,3,244,5,medium,F,10,1913,0,35,Night
5763,A,Flight,6,3,245,4,low,M,2,1158,0,34,Night
5764,B,Flight,5,4,219,5,low,M,5,1867,1,14,Afternoon
5765,C,Flight,6,3,257,4,low,F,4,1358,0,21,Night
5766,F,Flight,6,1,250,4,low,F,2,1783,0,49,Morning
5767,D,Flight,6,1,249,4,medium,M,2,1189,0,13,Night
5768,F,Flight,5,4,259,5,low,F,2,1627,0,33,Night
5769,A,Flight,6,4,266,4,low,M,3,1503,0,42,Morning
5770,B,Flight,6,5,244,4,medium,F,4,1648,0,20,Morning
5771,C,Flight,4,2,239,6,low,F,7,1934,1,6,Morning
5772,F,Ship,4,2,270,5,low,M,6,1520,1,4,Night
5773,D,Ship,6,4,270,4,low,F,10,1199,0,17,Afternoon
5774,F,Ship,6,5,257,4,medium,F,1,1957,0,32,Night
5775,A,Ship,4,2,243,5,medium,F,4,1633,0,43,Afternoon
5776,B,Ship,5,2,264,6,medium,M,10,1659,0,20,Night
5777,C,Ship,5,4,224,6,low,F,6,1049,0,9,Afternoon
5778,F,Ship,6,5,304,4,low,M,8,1755,0,35,Night
5779,D,Ship,4,2,243,5,medium,F,8,1922,1,11,Afternoon
5780,F,Ship,6,3,272,4,low,M,5,1355,0,5,Night
5781,A,Ship,5,4,269,5,low,F,4,1537,0,47,Night
5782,B,Ship,7,3,267,4,low,M,7,1384,1,29,Morning
5783,C,Ship,6,1,251,4,low,M,2,1679,1,42,Morning
5784,F,Ship,4,3,249,5,low,F,3,1012,0,33,Night
5785,D,Ship,7,2,284,4,low,F,6,1550,0,43,Night
5786,F,Ship,4,1,254,5,medium,F,3,1880,0,10,Night
5787,A,Ship,6,5,269,4,low,M,5,1264,0,17,Afternoon
5788,B,Ship,7,5,265,4,low,F,9,1393,1,18,Morning
5789,C,Ship,5,3,220,6,medium,F,6,1830,0,29,Afternoon
5790,F,Ship,4,4,217,5,medium,F,4,1503,1,24,Morning
5791,D,Ship,7,4,285,4,medium,F,2,1017,0,47,Morning
5792,F,Ship,5,1,265,5,medium,F,3,1514,0,49,Morning
5793,A,Ship,5,1,240,5,medium,M,1,1200,1,17,Afternoon
5794,B,Ship,5,5,247,3,low,M,1,5226,1,41,Night
5795,C,Ship,5,4,179,6,medium,F,8,4615,0,11,Night
5796,F,Ship,4,5,142,2,medium,F,9,5425,0,12,Morning
5797,D,Ship,4,3,207,5,high,F,6,4145,1,36,Night
5798,F,Ship,3,1,183,3,medium,M,7,5849,0,15,Night
5799,A,Ship,4,3,167,2,medium,F,2,5544,1,45,Morning
5800,B,Ship,4,3,175,3,low,F,2,5208,1,41,Morning
5801,C,Ship,3,5,183,2,low,M,8,5881,0,3,Afternoon
5802,F,Ship,6,5,176,3,low,F,10,5307,1,48,Afternoon
5803,D,Ship,3,4,187,3,low,M,7,5417,1,40,Afternoon
5804,F,Ship,4,5,143,3,medium,F,8,4142,0,25,Night
5805,A,Ship,4,3,136,3,low,F,7,5976,1,20,Night
5806,B,Ship,3,3,178,3,low,M,3,5396,0,10,Morning
5807,C,Ship,4,4,208,2,medium,F,6,4983,0,29,Night
5808,F,Ship,4,1,171,2,medium,M,1,5635,1,20,Afternoon
5809,D,Ship,2,1,197,4,low,M,5,4614,1,9,Morning
5810,F,Ship,5,1,179,3,low,F,7,5814,1,19,Morning
5811,A,Ship,6,4,197,5,medium,M,4,5889,0,20,Night
5812,B,Ship,5,4,285,2,low,M,2,4505,0,4,Night
5813,C,Ship,6,1,141,5,low,F,9,5113,1,2,Night
5814,F,Ship,4,5,274,3,medium,M,5,4773,1,50,Afternoon
5815,D,Ship,5,2,287,3,medium,F,3,4903,0,23,Afternoon
5816,F,Ship,5,3,218,3,medium,F,4,4198,0,49,Afternoon
5817,A,Ship,3,1,213,3,high,F,6,5535,1,16,Night
5818,B,Ship,2,1,207,4,low,M,1,5742,1,19,Morning
5819,C,Ship,5,5,273,4,low,M,7,4064,0,27,Afternoon
5820,F,Ship,3,3,185,3,low,M,6,5995,0,28,Night
5821,D,Ship,3,1,192,3,low,F,4,5179,1,7,Morning
5822,F,Ship,4,4,276,2,medium,F,3,4306,0,50,Night
5823,A,Ship,5,2,229,2,medium,M,1,5724,1,19,Morning
5824,B,Ship,3,5,248,2,high,M,3,5287,0,17,Morning
5825,C,Ship,3,4,267,3,high,F,2,5204,0,35,Night
5826,F,Ship,4,4,272,3,low,M,9,5458,1,23,Night
5827,D,Ship,3,3,153,3,low,M,8,5487,1,6,Afternoon
5828,F,Ship,4,2,246,4,medium,M,7,5056,0,47,Afternoon
5829,A,Ship,3,3,261,4,low,F,9,4529,0,36,Morning
5830,B,Ship,4,5,207,2,low,F,3,5270,0,28,Night
5831,C,Ship,3,1,133,3,medium,M,8,4634,1,35,Morning
5832,F,Ship,3,5,269,5,low,M,6,5932,0,25,Morning
5833,D,Ship,4,3,251,3,high,M,8,5986,0,10,Morning
5834,F,Ship,4,2,252,4,low,F,3,4956,0,13,Afternoon
5835,A,Ship,3,5,135,2,low,F,4,5275,0,27,Night
5836,B,Ship,4,3,273,4,medium,F,1,4585,1,4,Morning
5837,C,Ship,4,2,168,3,low,M,3,4653,0,9,Morning
5838,F,Ship,2,4,233,2,medium,F,6,4758,1,20,Afternoon
5839,D,Ship,3,2,133,2,low,F,3,4677,0,14,Morning
5840,F,Ship,3,5,147,4,high,M,10,5164,0,18,Morning
5841,A,Ship,5,2,249,6,low,M,8,5633,1,45,Morning
5842,B,Ship,6,3,259,4,low,F,3,4117,0,21,Morning
5843,C,Ship,4,2,194,3,low,F,10,5171,0,42,Afternoon
5844,F,Ship,4,5,134,6,medium,M,7,4881,0,7,Morning
5845,D,Ship,3,4,98,3,low,M,5,4432,1,27,Afternoon
5846,F,Ship,5,1,138,3,low,M,10,5612,0,46,Night
5847,A,Ship,5,5,193,5,high,F,4,5087,0,11,Morning
5848,B,Ship,5,5,184,3,medium,M,7,4742,1,19,Morning
5849,C,Ship,4,4,172,3,medium,M,7,5098,1,27,Morning
5850,F,Ship,4,3,248,2,medium,M,2,4701,0,50,Afternoon
5851,D,Ship,2,4,114,5,high,F,5,5334,0,4,Morning
5852,F,Ship,4,5,201,2,high,F,2,4657,1,21,Night
5853,A,Ship,3,4,206,4,medium,M,2,4372,1,23,Night
5854,B,Ship,6,1,185,4,high,F,10,5254,0,20,Afternoon
5855,C,Ship,5,2,272,3,high,M,5,4972,1,21,Morning
5856,F,Ship,4,3,266,2,medium,M,6,4286,0,47,Morning
5857,D,Ship,3,4,203,2,low,M,9,5735,1,4,Afternoon
5858,F,Ship,4,3,218,5,low,M,2,4823,0,7,Morning
5859,A,Ship,2,5,279,3,low,F,8,4632,1,37,Night
5860,B,Ship,4,4,159,2,low,M,4,4648,0,22,Night
5861,C,Ship,5,3,138,3,low,F,5,5687,0,23,Afternoon
5862,F,Ship,3,2,224,3,low,F,7,5896,1,7,Night
5863,D,Ship,3,3,269,3,low,M,4,4309,1,14,Morning
5864,F,Ship,5,3,121,2,medium,F,4,5231,0,13,Night
5865,A,Road,4,3,134,2,low,F,2,4522,1,19,Afternoon
5866,B,Road,4,5,259,3,medium,M,4,5344,0,47,Morning
5867,C,Road,4,4,206,2,high,M,8,4093,0,23,Afternoon
5868,F,Road,3,1,209,2,low,M,6,5701,0,41,Night
5869,D,Road,3,3,145,3,medium,M,1,5709,1,12,Morning
5870,F,Road,5,2,164,2,medium,M,8,5717,1,21,Afternoon
5871,A,Road,3,1,133,3,medium,M,6,5464,0,27,Morning
5872,B,Road,3,2,178,3,low,F,5,5686,1,28,Afternoon
5873,C,Road,4,3,175,2,low,M,3,4200,1,42,Morning
5874,F,Road,2,4,242,3,medium,M,8,4898,1,30,Afternoon
5875,D,Road,4,2,202,3,low,M,8,4575,0,43,Afternoon
5876,F,Road,4,3,176,2,low,F,6,5149,0,1,Afternoon
5877,A,Road,4,3,203,4,low,F,1,5274,1,5,Morning
5878,B,Road,4,3,207,4,low,M,5,5008,0,6,Morning
5879,C,Road,4,2,268,3,medium,M,1,4927,1,3,Afternoon
5880,F,Road,3,3,244,3,low,M,6,5109,1,11,Night
5881,D,Road,3,5,134,3,low,F,10,4693,1,20,Morning
5882,F,Road,3,4,143,3,low,F,1,4392,0,37,Afternoon
5883,A,Road,3,5,246,3,low,F,2,5556,0,20,Night
5884,B,Road,3,2,157,2,low,F,7,5228,1,9,Afternoon
5885,C,Road,3,3,169,3,low,M,10,5147,1,38,Morning
5886,F,Road,4,5,231,3,low,F,6,4449,0,48,Morning
5887,D,Flight,3,3,262,5,medium,F,1,5043,1,36,Afternoon
5888,F,Flight,3,2,227,2,medium,M,10,4290,1,10,Afternoon
5889,A,Flight,5,2,162,4,medium,M,7,5477,0,1,Night
5890,B,Flight,5,5,148,2,medium,M,4,4812,1,9,Morning
5891,C,Flight,3,4,138,2,medium,F,8,4837,1,20,Afternoon
5892,F,Flight,3,3,255,2,medium,F,3,4824,1,43,Morning
5893,D,Flight,3,5,218,3,low,M,2,5841,1,9,Morning
5894,F,Flight,4,1,260,4,low,M,2,4091,0,6,Morning
5895,A,Flight,4,3,142,2,low,F,5,5502,0,18,Afternoon
5896,B,Flight,4,5,257,3,medium,M,5,4180,1,17,Morning
5897,C,Flight,4,2,252,3,low,F,1,4176,1,48,Afternoon
5898,F,Flight,5,4,151,5,low,F,1,4122,1,37,Afternoon
5899,D,Flight,4,3,190,5,low,F,8,4736,1,47,Night
5900,F,Flight,4,5,137,2,low,M,7,4068,1,15,Afternoon
5901,A,Flight,4,4,164,2,low,M,7,5456,1,2,Afternoon
5902,B,Flight,3,5,271,3,low,F,9,5328,1,18,Night
5903,C,Flight,3,5,162,2,high,M,1,4573,0,3,Morning
5904,F,Flight,2,4,221,5,medium,M,4,4034,0,15,Afternoon
5905,D,Flight,5,4,202,3,low,F,3,4559,0,33,Morning
5906,F,Flight,4,5,143,2,low,M,1,5836,1,8,Night
5907,A,Flight,3,5,254,3,low,M,6,4703,1,14,Morning
5908,B,Flight,4,3,96,4,medium,M,1,4984,0,39,Night
5909,C,Ship,3,3,199,5,medium,F,10,4847,0,46,Night
5910,F,Ship,4,1,198,4,low,F,5,5182,1,39,Morning
5911,D,Ship,4,3,257,3,low,F,2,5198,0,11,Afternoon
5912,F,Ship,3,2,149,5,medium,F,9,4310,1,18,Afternoon
5913,A,Ship,5,1,193,4,medium,F,10,5280,1,35,Morning
5914,B,Ship,3,5,284,2,low,M,10,5619,1,14,Night
5915,C,Ship,4,5,205,4,medium,F,5,5264,1,30,Night
5916,F,Ship,5,5,185,3,low,M,5,4520,0,14,Morning
5917,D,Ship,5,4,268,3,high,F,10,4955,1,18,Afternoon
5918,F,Ship,5,1,252,3,medium,M,2,4339,1,8,Morning
5919,A,Ship,4,3,196,2,low,F,5,5656,1,14,Morning
5920,B,Ship,3,3,149,3,low,M,6,4654,1,15,Morning
5921,C,Ship,5,5,154,2,medium,M,3,4669,1,37,Night
5922,F,Ship,5,4,267,2,medium,M,4,4053,1,20,Night
5923,D,Ship,3,3,208,2,medium,F,5,5661,1,37,Night
5924,F,Ship,5,5,275,3,medium,M,9,4287,0,4,Night
5925,A,Ship,4,2,272,2,low,F,1,5939,0,15,Afternoon
5926,B,Ship,6,5,280,3,low,M,9,4074,0,11,Morning
5927,C,Ship,6,3,202,3,low,F,5,4930,1,38,Afternoon
5928,F,Ship,5,2,184,3,medium,F,8,4581,1,3,Morning
5929,D,Ship,5,2,244,5,medium,F,7,5515,1,44,Afternoon
5930,F,Ship,4,4,138,5,low,M,10,5401,1,38,Night
5931,A,Ship,4,3,109,2,medium,F,4,5407,1,40,Afternoon
5932,B,Ship,2,5,189,5,low,M,3,5292,1,18,Night
5933,C,Ship,3,2,170,3,low,M,9,4069,1,3,Morning
5934,F,Ship,3,1,183,2,medium,F,10,4598,1,39,Night
5935,D,Ship,3,4,263,6,high,M,3,4429,1,25,Night
5936,F,Ship,4,1,271,4,low,M,9,5853,0,38,Morning
5937,A,Ship,6,3,202,4,medium,F,3,4496,0,27,Night
5938,B,Ship,3,3,265,3,medium,F,8,5070,1,31,Afternoon
5939,C,Ship,4,1,220,3,medium,F,6,4472,1,42,Night
5940,F,Ship,4,4,274,2,low,F,7,4873,0,30,Afternoon
5941,D,Ship,4,5,212,2,medium,M,10,4552,1,33,Night
5942,F,Ship,4,2,244,3,high,M,1,5559,0,4,Afternoon
5943,A,Ship,4,5,252,3,medium,F,4,5017,1,24,Morning
5944,B,Ship,5,5,158,2,low,M,8,4743,1,14,Afternoon
5945,C,Ship,2,5,286,6,medium,F,5,5490,1,37,Afternoon
5946,F,Ship,3,5,164,3,high,M,10,4639,0,18,Night
5947,D,Ship,4,3,170,6,medium,M,6,4998,1,3,Morning
5948,F,Ship,4,1,269,2,medium,F,8,4930,1,13,Night
5949,A,Ship,4,2,238,2,low,F,2,4002,1,40,Night
5950,B,Ship,4,3,198,7,medium,F,1,5315,1,10,Afternoon
5951,C,Ship,4,4,184,8,low,M,7,5235,0,1,Night
5952,F,Ship,5,2,265,3,low,M,10,4347,0,22,Afternoon
5953,D,Ship,3,2,204,10,medium,F,10,4534,1,39,Afternoon
5954,F,Ship,5,1,233,7,medium,F,5,5759,0,24,Night
5955,A,Ship,4,5,134,3,low,F,8,5694,1,17,Night
5956,B,Ship,3,4,153,3,medium,F,9,5474,1,14,Afternoon
5957,C,Ship,2,5,241,3,medium,F,3,4253,0,44,Afternoon
5958,F,Ship,4,5,187,3,low,M,7,5022,0,16,Afternoon
5959,D,Ship,3,3,148,3,low,F,8,5622,1,27,Night
5960,F,Ship,3,4,133,8,medium,F,10,5439,0,41,Morning
5961,A,Ship,6,1,250,4,low,M,10,1623,0,26,Afternoon
5962,B,Ship,6,1,249,4,medium,M,2,1326,0,4,Night
5963,C,Ship,5,2,259,5,low,M,8,1678,1,22,Morning
5964,F,Ship,6,4,266,4,low,M,5,1639,0,47,Morning
5965,D,Ship,6,5,244,4,medium,F,6,1185,1,13,Night
5966,F,Ship,4,5,239,6,low,M,2,1879,1,3,Morning
5967,A,Ship,4,5,270,5,low,F,1,1187,0,23,Night
5968,B,Ship,6,3,270,4,low,F,7,1079,1,27,Morning
5969,C,Ship,6,2,257,4,medium,M,1,1513,1,8,Afternoon
5970,F,Ship,4,3,243,5,medium,F,3,1634,0,25,Afternoon
5971,D,Ship,4,5,271,4,low,M,6,5078,1,31,Afternoon
5972,F,Ship,6,3,202,4,medium,F,6,4249,1,44,Night
5973,A,Ship,3,3,265,3,medium,F,3,5986,0,26,Night
5974,B,Ship,4,1,220,3,medium,M,1,5159,0,27,Morning
5975,C,Ship,4,3,274,2,low,M,1,4762,1,27,Morning
5976,F,Ship,4,1,212,2,medium,M,4,4969,1,11,Night
5977,D,Ship,4,2,244,3,high,F,3,4103,1,50,Afternoon
5978,F,Ship,4,2,252,3,medium,F,4,5782,1,13,Morning
5979,A,Ship,5,1,158,2,low,M,4,5736,0,22,Morning
5980,B,Ship,2,5,286,6,medium,F,3,4497,0,44,Afternoon
5981,C,Ship,3,3,164,3,high,M,8,5170,1,16,Afternoon
5982,F,Ship,4,2,170,6,medium,M,10,4891,1,34,Afternoon
5983,D,Ship,4,3,269,2,medium,M,2,4158,1,25,Morning
5984,F,Ship,4,3,238,2,low,M,7,5808,0,43,Morning
5985,A,Ship,4,5,198,7,medium,M,9,4249,0,13,Night
5986,B,Ship,4,3,184,8,low,M,4,4686,1,29,Night
5987,C,Ship,5,2,265,3,low,M,8,5447,0,35,Night
5988,F,Ship,3,1,204,10,medium,M,5,5375,1,16,Night
5989,D,Ship,5,2,233,7,medium,F,8,5519,0,30,Morning
5990,F,Ship,4,2,134,3,low,F,9,4214,0,29,Night
5991,A,Ship,3,2,153,3,medium,M,6,4056,1,16,Morning
5992,B,Ship,2,1,241,3,medium,F,5,5697,0,2,Morning
5993,C,Ship,4,4,187,3,low,F,8,4893,1,43,Morning
5994,F,Ship,3,4,148,3,low,F,8,5267,0,28,Night
5995,D,Ship,3,5,133,8,medium,F,8,5002,0,47,Night
5996,F,Ship,6,1,250,4,low,M,4,1018,1,41,Afternoon
5997,A,Ship,6,5,249,4,medium,M,3,1710,0,46,Night
5998,B,Ship,5,3,259,5,low,M,2,1730,1,18,Night
5999,C,Ship,6,2,266,4,low,F,9,1220,1,27,Morning
6000,F,Ship,6,3,244,4,medium,M,5,1108,0,17,Morning
6001,D,Ship,4,5,239,6,low,M,4,1451,1,26,Night
6002,F,Road,4,3,270,5,low,F,3,1786,0,24,Morning
6003,A,Road,6,4,282,4,low,M,6,1580,1,23,Night
6004,B,Road,6,5,295,4,medium,M,2,1981,1,11,Night
6005,C,Road,6,1,255,4,low,M,5,1253,0,36,Morning
6006,F,Road,6,4,292,4,low,M,3,1826,0,44,Morning
6007,D,Road,6,3,244,4,low,F,1,1317,0,7,Night
6008,F,Road,6,1,306,4,low,M,1,1210,1,4,Afternoon
6009,A,Road,6,1,258,4,low,M,3,1506,1,32,Afternoon
6010,B,Road,4,2,265,6,low,M,8,1391,0,3,Afternoon
6011,C,Road,5,1,227,5,low,M,7,1620,0,49,Afternoon
6012,F,Road,7,1,276,4,low,F,8,1560,0,27,Morning
6013,D,Road,6,4,244,4,medium,M,7,1795,1,13,Morning
6014,F,Road,4,3,217,6,medium,F,6,1552,1,44,Afternoon
6015,A,Road,2,3,211,3,low,F,8,1172,1,23,Night
6016,B,Road,4,2,227,5,low,M,7,1354,0,31,Morning
6017,C,Road,5,3,249,4,medium,M,1,1014,0,18,Night
6018,F,Road,6,3,269,4,low,M,3,1006,1,6,Morning
6019,D,Road,6,5,278,4,medium,F,6,1140,1,46,Night
6020,F,Road,6,5,282,4,medium,M,3,1385,1,34,Night
6021,A,Road,6,4,300,4,medium,F,7,1607,1,23,Night
6022,B,Road,5,5,259,5,low,F,9,1624,1,43,Morning
6023,C,Road,6,1,295,4,medium,F,6,1611,1,43,Morning
6024,F,Flight,5,5,238,5,low,M,2,1657,1,16,Night
6025,D,Flight,5,3,270,5,medium,F,7,1303,0,2,Morning
6026,F,Flight,5,3,267,5,low,M,6,1119,0,35,Night
6027,A,Flight,4,1,270,5,medium,M,9,1280,0,34,Morning
6028,B,Flight,4,1,245,5,medium,F,8,1923,1,41,Afternoon
6029,C,Flight,6,4,262,4,low,F,10,1068,0,18,Morning
6030,F,Flight,4,2,245,5,low,M,8,1122,0,33,Afternoon
6031,D,Flight,6,2,268,4,low,M,7,1943,1,6,Night
6032,F,Flight,5,1,262,5,low,M,1,1488,0,3,Morning
6033,A,Flight,6,3,283,5,medium,M,10,1483,1,4,Afternoon
6034,B,Flight,5,3,260,5,medium,M,8,1001,1,16,Afternoon
6035,C,Flight,7,5,258,4,low,F,4,1677,0,32,Night
6036,F,Flight,5,2,130,4,medium,F,1,1877,1,27,Afternoon
6037,D,Flight,6,3,262,5,low,M,9,1053,1,13,Afternoon
6038,F,Flight,6,2,293,4,low,F,4,1764,0,42,Morning
6039,A,Flight,7,1,255,5,medium,M,10,1238,0,42,Morning
6040,B,Flight,6,1,242,5,low,F,5,1555,1,10,Night
6041,C,Flight,6,3,264,4,medium,F,6,1622,0,44,Night
6042,F,Flight,6,4,253,4,low,F,7,1485,1,16,Afternoon
6043,D,Flight,5,5,271,5,low,F,4,1667,1,4,Night
6044,F,Flight,6,2,250,4,medium,F,3,1777,0,1,Morning
6045,A,Flight,4,3,266,5,high,F,5,1590,1,48,Afternoon
6046,B,Ship,6,2,286,4,low,F,4,1594,1,34,Night
6047,C,Ship,5,2,275,5,low,M,9,1373,1,40,Night
6048,F,Ship,6,3,295,5,low,M,4,1392,1,37,Afternoon
6049,D,Ship,5,1,269,6,medium,F,8,1341,1,34,Night
6050,F,Ship,4,1,239,5,low,F,1,1780,0,16,Night
6051,A,Ship,6,4,271,4,medium,M,8,1867,1,14,Night
6052,B,Ship,6,5,165,6,low,F,6,1529,0,3,Morning
6053,C,Ship,7,2,302,5,medium,M,5,1614,1,33,Afternoon
6054,F,Ship,6,2,293,6,low,F,10,1919,0,41,Morning
6055,D,Ship,4,4,202,3,low,F,3,5524,0,50,Morning
6056,F,Ship,2,3,185,3,medium,F,7,4246,1,34,Afternoon
6057,A,Ship,4,4,210,2,medium,M,8,5942,1,19,Night
6058,B,Ship,3,5,186,2,medium,M,8,5924,1,40,Morning
6059,C,Ship,3,4,163,3,low,M,7,5913,1,35,Afternoon
6060,F,Ship,3,4,168,3,low,M,5,5964,1,40,Morning
6061,D,Ship,4,3,199,3,low,M,8,4391,0,43,Afternoon
6062,F,Ship,3,5,271,2,medium,M,7,4958,1,28,Afternoon
6063,A,Ship,3,4,164,3,low,F,4,4796,1,46,Morning
6064,B,Ship,4,1,231,2,medium,M,3,4696,1,10,Morning
6065,C,Ship,3,1,196,2,low,M,10,4141,0,8,Morning
6066,F,Ship,4,2,218,3,low,F,2,4949,1,25,Morning
6067,D,Ship,5,1,267,4,low,M,5,4440,0,20,Afternoon
6068,F,Ship,4,4,163,3,low,F,5,4440,1,34,Morning
6069,A,Ship,4,1,224,4,medium,F,5,4887,1,24,Morning
6070,B,Ship,3,4,156,2,medium,F,10,5107,0,6,Afternoon
6071,C,Ship,5,5,175,6,low,F,2,4883,0,5,Afternoon
6072,F,Ship,3,4,257,5,medium,F,5,5365,1,42,Night
6073,D,Ship,4,4,259,3,low,M,3,4509,1,35,Night
6074,F,Ship,3,3,112,4,low,F,7,5716,0,20,Night
6075,A,Ship,4,3,145,4,medium,M,2,5735,1,14,Morning
6076,B,Ship,3,1,230,3,medium,M,3,4957,1,30,Afternoon
6077,C,Ship,3,4,188,4,low,F,6,5016,1,44,Night
6078,F,Ship,3,2,132,4,medium,F,3,4512,1,35,Morning
6079,D,Ship,4,1,239,4,high,M,2,5502,1,42,Afternoon
6080,F,Ship,2,5,167,3,medium,M,8,4605,1,46,Morning
6081,A,Ship,3,1,133,3,medium,M,7,4004,0,19,Night
6082,B,Ship,4,2,270,2,high,F,9,5080,0,9,Morning
6083,C,Ship,4,3,229,2,medium,M,7,5364,0,3,Night
6084,F,Ship,5,1,261,4,high,F,6,4852,1,47,Morning
6085,D,Ship,2,1,192,3,low,F,9,4774,1,15,Afternoon
6086,F,Ship,4,5,217,3,low,F,6,4848,0,16,Morning
6087,A,Ship,4,3,246,2,low,M,6,4908,1,1,Afternoon
6088,B,Ship,5,5,208,2,medium,M,8,5321,1,12,Night
6089,C,Ship,5,1,148,3,low,F,5,5790,1,36,Night
6090,F,Ship,4,1,132,6,high,M,8,4902,0,22,Night
6091,D,Ship,4,2,249,3,low,F,6,5051,0,27,Morning
6092,F,Ship,3,3,225,4,low,F,9,5468,0,19,Morning
6093,A,Ship,5,1,279,4,medium,F,3,4607,1,1,Night
6094,B,Ship,4,2,183,2,low,F,8,4921,1,27,Afternoon
6095,C,Ship,4,4,215,2,high,F,6,5238,1,43,Afternoon
6096,F,Ship,6,4,195,5,high,F,10,4225,1,8,Night
6097,D,Ship,4,2,156,2,medium,M,5,4467,0,23,Afternoon
6098,F,Ship,3,5,160,3,low,F,8,4106,1,6,Afternoon
6099,A,Ship,5,5,153,5,medium,M,10,5297,1,17,Afternoon
6100,B,Ship,3,4,215,3,high,F,5,4670,0,28,Morning
6101,C,Ship,4,3,163,3,low,F,7,4556,1,31,Morning
6102,F,Ship,4,2,195,3,medium,M,8,5198,1,30,Morning
6103,D,Ship,4,3,170,2,low,M,3,4587,0,37,Morning
6104,F,Ship,3,3,133,3,low,M,5,5937,1,37,Night
6105,A,Ship,5,2,171,6,medium,F,5,5981,0,30,Afternoon
6106,B,Ship,3,5,186,3,medium,M,7,4764,1,9,Night
6107,C,Ship,4,2,246,3,high,M,5,5960,1,16,Morning
6108,F,Ship,3,3,170,3,low,F,7,5427,0,1,Night
6109,D,Ship,2,5,189,2,low,M,9,5245,1,14,Morning
6110,F,Ship,4,5,216,2,low,F,8,5767,0,14,Morning
6111,A,Ship,4,2,264,3,low,M,10,5137,0,27,Morning
6112,B,Ship,5,4,268,3,low,F,3,5320,0,4,Afternoon
6113,C,Ship,4,1,225,2,medium,F,10,4577,0,36,Morning
6114,F,Ship,4,2,252,2,high,F,4,5233,0,44,Afternoon
6115,D,Ship,3,2,204,3,low,F,8,4586,0,14,Morning
6116,F,Ship,5,1,193,2,medium,F,1,4450,1,5,Morning
6117,A,Ship,5,3,220,3,low,F,9,5324,1,48,Afternoon
6118,B,Ship,6,4,271,3,low,F,7,5192,0,4,Morning
6119,C,Ship,2,2,227,4,medium,M,6,4104,0,10,Afternoon
6120,F,Ship,4,1,206,5,medium,F,7,5941,0,39,Night
6121,D,Ship,4,2,142,3,medium,F,3,4644,1,25,Night
6122,F,Ship,5,5,236,2,medium,M,2,5210,1,39,Night
6123,A,Ship,5,4,275,2,medium,M,10,5395,0,28,Night
6124,B,Ship,3,5,144,2,medium,M,2,4629,0,10,Morning
6125,C,Ship,4,5,194,3,medium,M,3,5168,0,21,Night
6126,F,Ship,3,2,260,3,low,M,9,4591,0,42,Morning
6127,D,Ship,3,4,240,3,medium,M,8,4410,1,2,Afternoon
6128,F,Ship,3,2,136,3,high,F,2,5739,1,4,Afternoon
6129,A,Ship,3,3,132,2,medium,M,1,4687,1,22,Afternoon
6130,B,Ship,4,2,266,3,medium,M,7,5121,1,24,Afternoon
6131,C,Ship,4,1,263,3,high,M,5,4782,1,4,Morning
6132,F,Ship,5,5,270,3,low,F,9,5807,0,22,Afternoon
6133,D,Ship,3,3,208,5,low,F,10,4258,1,47,Afternoon
6134,F,Ship,5,5,206,3,low,M,1,5520,1,29,Morning
6135,A,Ship,3,3,159,3,low,M,3,5230,0,6,Afternoon
6136,B,Ship,4,3,162,3,low,M,4,5913,0,38,Night
6137,C,Ship,3,2,177,2,medium,M,4,4417,1,31,Night
6138,F,Ship,3,3,168,4,low,F,4,4096,0,1,Night
6139,D,Road,3,1,267,4,medium,F,4,4914,0,44,Afternoon
6140,F,Road,4,5,222,3,medium,F,7,5844,1,24,Afternoon
6141,A,Road,3,2,234,3,low,F,10,4781,1,16,Night
6142,B,Road,3,1,133,3,low,F,9,5724,1,24,Afternoon
6143,C,Road,4,4,207,3,low,F,10,4533,1,25,Night
6144,F,Road,4,3,243,4,low,F,9,4811,1,47,Morning
6145,D,Road,5,5,161,3,low,F,1,4470,0,20,Night
6146,F,Road,3,5,193,3,medium,F,6,5302,1,39,Afternoon
6147,A,Road,4,5,234,4,medium,M,9,5769,1,17,Afternoon
6148,B,Road,2,1,185,6,medium,F,7,4138,0,3,Night
6149,C,Road,4,5,242,2,medium,F,5,4806,1,47,Night
6150,F,Road,4,5,252,2,high,F,6,4147,0,47,Night
6151,D,Road,4,3,179,3,low,F,3,5495,0,16,Night
6152,F,Road,4,3,158,3,high,F,5,5602,1,12,Night
6153,A,Road,3,1,226,3,low,F,8,4002,1,45,Morning
6154,B,Road,5,4,269,2,medium,F,2,5962,1,29,Afternoon
6155,C,Road,3,5,148,3,low,F,7,5685,1,36,Afternoon
6156,F,Road,4,5,159,2,low,F,3,5704,1,43,Morning
6157,D,Road,3,4,273,4,medium,M,4,5361,1,25,Night
6158,F,Road,3,4,233,3,medium,M,5,5306,1,18,Morning
6159,A,Road,4,5,182,3,medium,F,2,4473,1,22,Morning
6160,B,Road,3,4,153,2,medium,M,5,4023,0,12,Night
6161,C,Flight,4,5,210,2,medium,M,5,5683,1,11,Night
6162,F,Flight,4,1,241,3,medium,M,6,4558,1,40,Morning
6163,D,Flight,3,2,220,3,low,M,8,5032,0,8,Morning
6164,F,Flight,5,4,211,3,medium,F,7,4856,1,37,Morning
6165,A,Flight,3,5,151,3,low,F,1,4088,1,28,Night
6166,B,Flight,5,5,267,3,medium,M,9,4775,0,10,Afternoon
6167,C,Flight,4,3,250,2,medium,M,4,4808,0,10,Morning
6168,F,Flight,4,3,181,3,low,F,5,5398,0,41,Morning
6169,D,Flight,5,2,197,4,high,M,4,4339,0,5,Afternoon
6170,F,Flight,3,4,172,2,medium,F,5,4647,1,4,Night
6171,A,Flight,4,1,219,3,low,M,3,5223,0,1,Morning
6172,B,Flight,5,5,189,3,low,M,7,5717,1,32,Morning
6173,C,Flight,5,1,225,3,low,M,8,4539,1,8,Morning
6174,F,Flight,5,3,269,5,low,F,8,5833,0,28,Morning
6175,D,Flight,5,4,157,3,medium,F,7,4199,0,12,Afternoon
6176,F,Flight,3,5,189,3,low,M,5,5422,1,14,Night
6177,A,Flight,3,1,226,2,medium,F,6,4946,0,27,Night
6178,B,Flight,2,1,220,2,medium,F,6,4382,0,50,Afternoon
6179,C,Flight,6,3,275,6,low,M,4,4875,1,41,Morning
6180,F,Flight,3,4,171,3,medium,F,5,4310,0,20,Night
6181,D,Flight,4,3,235,3,low,F,4,5289,0,39,Night
6182,F,Flight,3,4,201,3,high,M,7,4887,0,45,Night
6183,A,Ship,5,5,269,3,low,F,5,5673,0,45,Morning
6184,B,Ship,5,3,182,2,low,M,4,5579,1,36,Morning
6185,C,Ship,5,5,266,5,low,F,9,4500,1,33,Afternoon
6186,F,Ship,3,5,157,2,medium,F,4,5991,1,24,Night
6187,D,Ship,4,1,258,4,high,F,1,5476,1,1,Morning
6188,F,Ship,4,2,280,4,low,M,9,5288,0,3,Night
6189,A,Ship,4,4,154,3,low,F,7,4106,0,18,Afternoon
6190,B,Ship,4,4,274,2,low,F,3,4257,1,12,Afternoon
6191,C,Ship,4,5,180,2,medium,F,1,4332,1,11,Night
6192,F,Ship,3,5,146,3,medium,F,7,4126,1,19,Night
6193,D,Ship,3,4,236,3,medium,M,1,5851,1,27,Afternoon
6194,F,Ship,4,4,133,4,high,F,10,5296,1,20,Night
6195,A,Ship,5,2,173,4,high,F,9,4307,1,44,Morning
6196,B,Ship,4,3,210,3,low,M,9,5556,1,5,Afternoon
6197,C,Ship,3,4,238,2,medium,F,1,4991,0,9,Morning
6198,F,Ship,4,2,268,4,low,F,3,5275,1,47,Morning
6199,D,Ship,3,5,175,3,medium,F,8,5471,0,24,Morning
6200,F,Ship,5,2,280,4,low,M,8,4539,0,6,Afternoon
6201,A,Ship,4,1,153,2,low,F,1,4027,1,35,Afternoon
6202,B,Ship,4,4,251,2,medium,F,6,4376,1,12,Night
6203,C,Ship,4,2,252,3,medium,M,8,4262,0,16,Night
6204,F,Ship,4,5,201,8,medium,F,4,5472,0,28,Afternoon
6205,D,Ship,5,4,216,4,medium,F,8,5878,0,40,Morning
6206,F,Ship,3,2,126,10,low,M,3,4073,0,22,Morning
6207,A,Ship,3,2,177,4,low,F,3,4199,0,17,Night
6208,B,Ship,5,3,145,3,medium,M,1,5783,0,6,Morning
6209,C,Ship,5,3,258,2,low,F,10,5371,0,22,Night
6210,F,Ship,4,3,273,10,medium,M,6,4251,0,43,Morning
6211,D,Ship,4,1,245,3,low,F,5,4523,1,13,Night
6212,F,Ship,5,4,241,2,medium,F,7,4413,1,41,Morning
6213,A,Ship,4,1,208,3,low,F,6,5345,0,15,Afternoon
6214,B,Ship,6,5,282,4,low,M,1,1193,0,45,Night
6215,C,Ship,6,5,295,4,medium,M,1,1159,1,17,Night
6216,F,Ship,6,5,255,4,low,F,9,1113,1,40,Morning
6217,D,Ship,6,3,292,4,low,F,8,1434,1,11,Afternoon
6218,F,Ship,6,4,244,4,low,M,1,1130,0,41,Night
6219,A,Ship,6,4,306,4,low,F,8,1691,0,14,Afternoon
6220,B,Ship,6,5,258,4,low,M,5,1966,0,14,Night
6221,C,Ship,4,1,265,6,low,F,2,1629,0,39,Morning
6222,F,Ship,5,1,227,5,low,M,6,1667,1,15,Night
6223,D,Ship,7,1,276,4,low,F,9,1519,0,7,Afternoon
6224,F,Ship,6,5,244,4,medium,F,2,1980,1,29,Night
6225,A,Ship,4,2,217,6,medium,F,3,1732,0,3,Night
6226,B,Ship,2,5,211,3,low,M,3,1368,1,35,Morning
6227,C,Ship,4,4,227,5,low,M,8,1982,0,15,Night
6228,F,Ship,5,1,249,4,medium,M,5,1027,0,37,Afternoon
6229,D,Ship,6,2,269,4,low,M,6,1073,1,41,Night
6230,F,Ship,6,3,278,4,medium,M,4,1716,1,12,Morning
6231,A,Ship,6,5,282,4,medium,F,4,1013,1,23,Night
6232,B,Ship,6,1,300,4,medium,F,2,1790,0,13,Night
6233,C,Ship,3,3,146,3,medium,F,4,5384,1,20,Afternoon
6234,F,Ship,3,4,236,3,medium,F,5,5466,1,44,Morning
6235,D,Ship,4,4,133,4,high,F,7,5973,0,34,Afternoon
6236,F,Ship,5,4,173,4,high,F,8,5284,0,24,Afternoon
6237,A,Ship,4,2,210,3,low,F,9,4163,1,15,Morning
6238,B,Ship,3,3,238,2,medium,F,4,4206,1,4,Morning
6239,C,Ship,4,4,268,4,low,M,5,5647,1,28,Afternoon
6240,F,Ship,3,4,175,3,medium,M,10,4771,0,16,Morning
6241,D,Ship,5,4,280,4,low,M,10,5156,1,5,Morning
6242,F,Ship,4,5,153,2,low,M,1,4492,1,46,Afternoon
6243,A,Ship,4,5,251,2,medium,F,8,5232,1,11,Night
6244,B,Ship,4,2,252,3,medium,M,2,5769,1,13,Afternoon
6245,C,Ship,4,2,201,8,medium,F,9,5146,1,49,Afternoon
6246,F,Ship,5,5,216,4,medium,F,1,4092,0,44,Morning
6247,D,Ship,3,3,126,10,low,M,10,4128,1,3,Morning
6248,F,Ship,3,1,177,4,low,F,6,5037,0,20,Afternoon
6249,A,Ship,5,2,145,3,medium,M,2,4836,1,12,Morning
6250,B,Ship,5,4,258,2,low,F,8,4200,1,37,Afternoon
6251,C,Ship,4,3,273,10,medium,F,8,4896,1,44,Afternoon
6252,F,Ship,4,1,245,3,low,M,2,5835,0,38,Night
6253,D,Ship,5,2,241,2,medium,M,6,4741,1,4,Afternoon
6254,F,Ship,4,1,208,3,low,M,4,4530,0,22,Morning
6255,A,Ship,6,1,282,4,low,M,1,1434,1,35,Morning
6256,B,Ship,6,5,295,4,medium,M,5,1963,0,46,Morning
6257,C,Ship,6,4,255,4,low,M,7,1869,0,21,Morning
6258,F,Ship,6,2,292,4,low,F,2,1565,1,26,Morning
6259,D,Ship,6,1,244,4,low,M,5,1867,1,33,Night
6260,F,Ship,6,3,306,4,low,M,10,1372,0,45,Night
6261,A,Ship,6,5,258,4,low,M,5,1558,1,2,Night
6262,B,Ship,4,1,265,6,low,F,9,1753,0,31,Afternoon
6263,C,Ship,5,2,227,5,low,F,3,1242,0,22,Afternoon
6264,F,Ship,7,2,276,4,low,M,9,1022,0,40,Night
6265,D,Ship,6,4,244,4,medium,F,1,1179,0,42,Afternoon
6266,F,Ship,4,4,217,6,medium,M,9,1974,1,48,Night
6267,A,Ship,2,1,211,3,low,M,6,1760,0,48,Morning
6268,B,Ship,4,5,227,5,low,F,2,1804,0,23,Night
6269,C,Ship,5,5,249,4,medium,M,2,1727,0,12,Night
6270,F,Ship,7,4,302,5,medium,M,7,1503,0,2,Night
6271,D,Ship,6,4,293,6,low,F,7,1117,0,18,Night
6272,F,Ship,5,5,232,3,low,M,4,1716,0,26,Night
6273,A,Ship,6,5,279,4,low,M,7,1447,1,13,Afternoon
6274,B,Ship,6,5,251,4,low,F,8,1038,1,39,Morning
6275,C,Ship,6,5,300,5,low,M,1,1188,1,26,Morning
6276,F,Road,7,5,133,5,low,F,3,1544,0,42,Morning
6277,D,Road,6,5,283,4,low,M,2,1136,0,10,Night
6278,F,Road,7,5,296,4,low,M,8,1686,0,1,Morning
6279,A,Road,6,3,261,4,medium,F,8,1397,0,21,Night
6280,B,Road,6,1,286,4,low,F,3,1747,0,3,Night
6281,C,Road,6,3,298,4,low,F,1,1657,1,10,Morning
6282,F,Road,6,4,287,4,medium,F,9,1936,0,45,Night
6283,D,Road,6,2,251,4,medium,F,9,1322,0,48,Night
6284,F,Road,5,1,231,5,low,M,10,1418,1,40,Night
6285,A,Road,5,2,249,5,medium,M,6,1298,1,5,Afternoon
6286,B,Road,5,3,244,5,low,F,3,1174,1,18,Afternoon
6287,C,Road,7,2,264,4,medium,M,6,1688,1,5,Morning
6288,F,Road,5,2,254,5,medium,M,6,1002,1,25,Night
6289,D,Road,4,5,264,6,low,M,6,1637,1,32,Morning
6290,F,Road,6,5,309,4,low,M,6,1463,0,17,Morning
6291,A,Road,5,5,298,4,low,M,8,1631,1,30,Afternoon
6292,B,Road,5,5,265,5,medium,F,8,1867,1,30,Morning
6293,C,Road,6,1,246,4,medium,M,4,1504,0,44,Morning
6294,F,Road,5,2,222,5,low,F,1,1672,1,17,Night
6295,D,Road,7,5,250,4,low,F,2,1296,1,34,Afternoon
6296,F,Road,4,3,240,5,medium,F,5,1301,1,42,Morning
6297,A,Road,4,3,246,6,low,F,10,1176,1,49,Morning
6298,B,Flight,6,1,293,5,medium,F,7,1052,1,21,Afternoon
6299,C,Flight,6,5,253,4,medium,M,1,1977,1,9,Morning
6300,F,Flight,5,5,258,5,medium,M,7,1819,1,6,Morning
6301,D,Flight,6,4,258,4,low,F,2,1051,0,2,Afternoon
6302,F,Flight,5,3,245,5,medium,M,3,1851,1,46,Night
6303,A,Flight,7,2,307,4,medium,M,2,1073,1,4,Afternoon
6304,B,Flight,6,5,301,4,low,F,3,1958,1,16,Night
6305,C,Flight,6,5,252,4,low,F,2,1249,1,12,Night
6306,F,Flight,5,1,272,6,medium,F,2,1681,0,44,Morning
6307,D,Flight,5,3,221,5,low,F,2,1630,0,41,Afternoon
6308,F,Flight,5,3,247,5,low,M,10,1699,0,4,Morning
6309,A,Flight,7,5,260,4,low,F,3,1930,0,9,Night
6310,B,Flight,5,5,251,6,medium,M,4,1077,1,17,Morning
6311,C,Flight,5,2,227,5,medium,M,9,1917,1,19,Afternoon
6312,F,Flight,6,5,269,4,low,M,9,1826,1,49,Night
6313,D,Flight,6,2,161,4,low,M,10,1683,1,22,Morning
6314,F,Flight,4,4,256,5,low,M,9,1622,0,35,Night
6315,A,Flight,5,1,303,5,medium,F,9,1203,1,45,Afternoon
6316,B,Flight,5,3,257,5,medium,F,7,1565,0,16,Morning
6317,C,Flight,7,3,310,4,medium,F,8,1497,1,10,Afternoon
6318,F,Flight,5,3,238,5,medium,M,2,1150,0,48,Morning
6319,D,Flight,6,3,191,6,medium,F,2,4471,1,36,Morning
6320,F,Ship,4,3,252,3,medium,F,7,4852,1,25,Afternoon
6321,A,Ship,5,5,228,3,medium,F,8,4731,0,20,Night
6322,B,Ship,4,3,208,2,medium,F,4,4767,0,45,Morning
6323,C,Ship,3,3,176,3,low,F,1,5168,1,3,Morning
6324,F,Ship,3,1,233,3,low,F,7,4874,1,47,Night
6325,D,Ship,5,5,104,4,low,M,2,5235,1,20,Night
6326,F,Ship,3,4,237,3,low,M,1,5980,1,7,Afternoon
6327,A,Ship,2,5,252,3,medium,M,7,5281,1,45,Afternoon
6328,B,Ship,5,2,135,3,medium,M,9,5173,1,20,Morning
6329,C,Ship,5,5,137,2,low,M,8,5111,0,19,Morning
6330,F,Ship,4,3,228,3,medium,F,1,5129,0,17,Morning
6331,D,Ship,4,3,236,4,medium,M,1,5783,0,19,Morning
6332,F,Ship,3,4,239,4,medium,F,8,4537,1,20,Morning
6333,A,Ship,2,2,199,3,low,M,1,4697,0,50,Morning
6334,B,Ship,3,4,269,2,medium,M,2,4177,1,42,Afternoon
6335,C,Ship,2,2,226,3,low,M,5,5875,1,40,Afternoon
6336,F,Ship,3,1,264,3,low,F,5,5043,1,48,Morning
6337,D,Ship,5,4,264,3,medium,M,10,4025,0,7,Afternoon
6338,F,Ship,4,3,186,3,low,M,2,4437,0,47,Morning
6339,A,Ship,3,5,154,3,high,F,2,4219,1,13,Afternoon
6340,B,Ship,3,1,239,2,medium,F,2,5757,0,6,Afternoon
6341,C,Ship,3,5,139,2,low,F,7,4449,0,45,Afternoon
6342,F,Ship,5,4,138,2,medium,F,8,5885,0,2,Morning
6343,D,Ship,3,1,286,4,medium,M,4,5106,1,29,Afternoon
6344,F,Ship,4,3,275,5,low,M,2,4622,0,17,Night
6345,A,Ship,4,5,195,2,low,M,2,4008,0,13,Morning
6346,B,Ship,3,4,267,3,high,M,8,5337,0,41,Afternoon
6347,C,Ship,4,3,223,3,medium,F,7,5935,1,25,Morning
6348,F,Ship,4,4,198,2,low,M,6,5520,1,31,Night
6349,D,Ship,6,5,250,2,low,F,7,4724,1,7,Afternoon
6350,F,Ship,3,3,237,4,low,F,8,5761,1,29,Afternoon
6351,A,Ship,5,4,193,3,medium,M,4,5873,1,42,Afternoon
6352,B,Ship,5,2,216,4,medium,F,9,5804,1,11,Afternoon
6353,C,Ship,3,2,253,2,medium,F,2,4567,1,21,Night
6354,F,Ship,3,1,132,3,low,F,2,4785,1,5,Night
6355,D,Ship,5,4,140,4,low,M,3,4018,1,17,Morning
6356,F,Ship,2,4,114,4,low,M,9,4452,0,1,Night
6357,A,Ship,3,5,238,6,medium,M,8,5620,1,9,Night
6358,B,Ship,3,1,210,2,low,M,9,5932,1,44,Night
6359,C,Ship,4,4,272,4,medium,M,4,4363,0,25,Afternoon
6360,F,Ship,4,5,184,3,medium,F,9,5594,1,39,Night
6361,D,Ship,4,1,168,2,low,M,3,4665,0,27,Night
6362,F,Ship,4,2,231,5,low,M,7,4718,1,41,Morning
6363,A,Ship,4,1,143,2,medium,F,5,4057,1,3,Morning
6364,B,Ship,4,2,182,3,medium,M,9,5735,1,11,Night
6365,C,Ship,2,4,221,3,low,F,3,4076,1,10,Afternoon
6366,F,Ship,6,1,225,6,low,M,8,5714,0,50,Night
6367,D,Ship,3,5,227,3,high,M,9,4892,0,42,Night
6368,F,Ship,3,1,266,3,low,M,5,5154,1,36,Night
6369,A,Ship,4,2,247,4,high,F,9,4588,0,47,Night
6370,B,Ship,3,2,154,3,medium,M,1,5322,0,44,Afternoon
6371,C,Ship,5,3,179,3,low,F,3,4131,1,5,Morning
6372,F,Ship,3,3,249,2,medium,M,9,4034,0,35,Morning
6373,D,Ship,3,5,156,4,low,M,5,4661,0,7,Afternoon
6374,F,Ship,3,5,206,3,low,F,6,4620,0,18,Night
6375,A,Ship,4,1,245,3,medium,F,5,4173,1,15,Morning
6376,B,Ship,4,5,197,2,low,M,3,4379,0,25,Night
6377,C,Ship,3,4,188,4,medium,M,5,5216,0,25,Night
6378,F,Ship,3,3,237,2,low,F,2,4263,0,22,Night
6379,D,Ship,4,4,174,2,medium,F,2,5892,1,21,Night
6380,F,Ship,5,3,266,3,low,M,4,4969,0,18,Night
6381,A,Ship,3,3,151,3,low,M,7,4611,1,11,Afternoon
6382,B,Ship,4,3,271,2,medium,M,9,4967,0,42,Morning
6383,C,Ship,4,1,214,2,low,F,10,4447,1,6,Morning
6384,F,Ship,6,5,261,5,low,M,1,5442,1,35,Morning
6385,D,Ship,3,1,166,2,high,F,6,5905,0,23,Afternoon
6386,F,Ship,3,4,269,2,low,F,8,5294,0,47,Afternoon
6387,A,Ship,3,2,167,3,medium,M,5,5995,0,14,Night
6388,B,Ship,4,1,200,2,medium,F,5,5249,1,17,Morning
6389,C,Ship,4,4,159,3,low,F,1,4194,0,48,Night
6390,F,Ship,4,2,197,2,low,F,1,4977,1,39,Afternoon
6391,D,Ship,4,5,219,2,high,M,4,4069,0,6,Night
6392,F,Ship,3,2,239,3,low,F,10,4486,1,14,Afternoon
6393,A,Ship,3,1,146,2,medium,F,8,5375,1,45,Afternoon
6394,B,Ship,5,1,173,2,low,F,4,4242,0,46,Morning
6395,C,Ship,4,3,220,3,low,F,6,4894,0,38,Afternoon
6396,F,Ship,3,5,185,3,medium,M,5,4317,0,10,Afternoon
6397,D,Ship,4,2,170,2,medium,M,5,4996,0,49,Afternoon
6398,F,Ship,4,3,250,3,high,F,4,5272,0,12,Night
6399,A,Ship,3,4,145,3,low,F,7,4079,0,23,Night
6400,B,Ship,3,2,211,4,high,M,1,5831,0,37,Afternoon
6401,C,Ship,5,5,249,3,low,M,1,4274,1,50,Morning
6402,F,Ship,3,3,237,2,medium,M,8,5516,1,39,Morning
6403,D,Ship,4,5,144,2,medium,M,8,5478,1,21,Morning
6404,F,Ship,4,4,171,3,low,M,6,4343,0,2,Night
6405,A,Ship,3,1,203,3,medium,F,4,4965,1,43,Night
6406,B,Ship,5,1,137,4,high,F,1,4042,1,44,Night
6407,C,Ship,4,2,212,3,medium,M,3,5427,0,12,Morning
6408,F,Ship,3,3,209,3,high,F,2,4036,0,41,Afternoon
6409,D,Ship,3,4,223,3,low,F,7,5336,0,48,Morning
6410,F,Ship,3,2,164,2,medium,F,7,4150,1,16,Night
6411,A,Ship,3,3,220,3,high,F,6,5269,0,11,Night
6412,B,Ship,3,4,216,3,medium,M,3,5651,1,47,Night
6413,C,Road,3,2,215,2,medium,M,7,5988,0,41,Night
6414,F,Road,4,2,146,3,low,F,4,5659,1,41,Night
6415,D,Road,5,2,168,2,low,F,10,5225,0,32,Morning
6416,F,Road,4,4,218,6,medium,M,8,5101,0,35,Night
6417,A,Road,4,3,143,4,medium,F,2,4919,1,34,Night
6418,B,Road,3,1,233,3,medium,M,7,5331,1,12,Afternoon
6419,C,Road,4,1,195,3,low,M,2,4418,1,29,Afternoon
6420,F,Road,4,2,206,2,medium,M,5,4635,1,29,Night
6421,D,Road,4,5,181,3,medium,M,1,5310,1,8,Night
6422,F,Road,4,2,150,4,low,F,1,5922,0,41,Afternoon
6423,A,Road,3,5,258,4,low,F,3,4212,0,1,Night
6424,B,Road,4,3,149,4,medium,M,1,4678,1,14,Night
6425,C,Road,5,1,163,3,low,M,4,4200,1,33,Afternoon
6426,F,Road,3,3,259,2,high,M,8,4481,1,48,Afternoon
6427,D,Road,5,1,187,2,low,F,7,4792,1,32,Morning
6428,F,Road,3,5,172,3,medium,M,1,5024,0,48,Night
6429,A,Road,3,5,139,2,low,M,2,5839,1,50,Afternoon
6430,B,Road,5,1,203,3,low,F,2,4162,0,4,Night
6431,C,Road,3,3,150,4,medium,F,1,4662,1,35,Night
6432,F,Road,3,1,201,6,medium,M,10,5077,0,2,Afternoon
6433,D,Road,3,4,194,2,medium,M,7,5553,1,50,Morning
6434,F,Road,3,4,159,3,high,M,4,4756,0,39,Morning
6435,A,Flight,4,2,238,2,medium,F,9,4937,1,29,Morning
6436,B,Flight,3,5,189,2,low,M,8,4567,1,28,Night
6437,C,Flight,2,1,173,2,high,M,1,4135,0,50,Night
6438,F,Flight,4,1,171,4,medium,M,2,5082,1,36,Night
6439,D,Flight,5,3,154,2,low,M,3,5440,0,47,Morning
6440,F,Flight,4,1,173,3,low,F,4,4634,1,45,Afternoon
6441,A,Flight,3,4,186,6,low,F,8,4134,1,24,Afternoon
6442,B,Flight,4,1,224,3,low,M,9,5546,0,27,Afternoon
6443,C,Flight,4,3,186,3,medium,F,9,5131,0,32,Afternoon
6444,F,Flight,4,4,196,3,low,M,5,5514,1,23,Morning
6445,D,Flight,2,2,149,3,low,F,4,4819,0,22,Night
6446,F,Flight,4,3,224,2,medium,M,8,5961,0,23,Afternoon
6447,A,Flight,3,1,154,2,low,F,10,5594,0,32,Afternoon
6448,B,Flight,3,3,170,4,low,M,3,4049,1,6,Afternoon
6449,C,Flight,3,4,150,2,low,F,6,5987,1,50,Afternoon
6450,F,Flight,5,2,240,3,low,M,7,4744,0,27,Afternoon
6451,D,Flight,3,3,139,2,medium,F,4,5958,0,4,Morning
6452,F,Flight,3,3,251,3,medium,M,2,5972,1,38,Morning
6453,A,Flight,4,4,237,3,medium,M,4,4747,0,39,Morning
6454,B,Flight,3,2,227,3,low,F,4,4450,1,6,Night
6455,C,Flight,5,5,131,5,low,F,1,5299,0,41,Afternoon
6456,F,Flight,5,2,161,3,low,M,8,5804,0,32,Morning
6457,D,Ship,3,5,195,3,medium,F,9,4224,1,14,Afternoon
6458,F,Ship,2,3,266,2,low,M,1,5356,1,39,Night
6459,A,Ship,3,2,198,2,low,M,9,4250,0,40,Morning
6460,B,Ship,4,3,200,4,low,F,10,4291,0,38,Morning
6461,C,Ship,6,1,196,4,medium,F,2,5844,1,14,Morning
6462,F,Ship,2,1,285,5,low,M,4,5759,1,9,Night
6463,D,Ship,4,2,265,2,low,M,2,5649,1,13,Night
6464,F,Ship,3,2,131,5,low,F,8,5084,1,11,Morning
6465,A,Ship,5,4,216,3,medium,F,2,5404,0,4,Afternoon
6466,B,Ship,4,1,253,4,low,F,1,5621,1,33,Morning
6467,C,Ship,5,3,230,4,medium,M,4,5278,0,15,Afternoon
6468,F,Ship,4,1,173,4,medium,F,1,4684,1,39,Night
6469,D,Ship,3,5,206,2,low,F,4,4080,1,37,Afternoon
6470,F,Ship,5,3,189,5,low,M,7,4869,1,17,Morning
6471,A,Ship,3,5,270,3,high,M,1,4078,0,31,Afternoon
6472,B,Ship,4,4,266,3,low,M,3,5531,0,15,Morning
6473,C,Ship,3,5,270,3,medium,M,7,5477,0,39,Morning
6474,F,Ship,3,4,216,8,medium,F,8,4616,1,49,Afternoon
6475,D,Ship,3,1,147,8,medium,M,6,4575,1,34,Night
6476,F,Ship,3,2,270,6,medium,F,10,4725,0,25,Morning
6477,A,Ship,3,2,261,8,low,F,3,5171,1,22,Night
6478,B,Ship,3,3,261,8,medium,M,3,4007,0,26,Morning
6479,C,Ship,4,2,177,6,low,F,3,4392,0,49,Afternoon
6480,F,Ship,4,4,142,10,high,F,7,4624,1,39,Morning
6481,D,Ship,5,4,222,3,medium,F,10,4663,1,42,Afternoon
6482,F,Ship,4,4,186,7,medium,M,9,5418,1,3,Afternoon
6483,A,Ship,3,2,177,3,medium,M,8,5006,0,10,Morning
6484,B,Ship,4,1,251,4,low,M,3,4433,1,19,Night
6485,C,Ship,3,5,240,7,medium,F,9,5525,0,17,Morning
6486,F,Ship,3,4,260,4,medium,M,10,5425,1,28,Morning
6487,D,Ship,4,2,206,7,high,M,3,4991,1,48,Morning
6488,F,Ship,4,3,242,2,low,M,3,4811,0,29,Morning
6489,A,Ship,3,1,194,3,low,F,1,5566,1,49,Night
6490,B,Ship,5,1,232,3,low,F,10,1014,0,26,Morning
6491,C,Ship,6,2,279,4,low,F,10,1990,0,27,Morning
6492,F,Ship,6,4,251,4,low,F,10,1568,0,48,Night
6493,D,Ship,6,1,300,5,low,F,10,1787,1,16,Night
6494,F,Ship,7,3,133,5,low,F,4,1783,0,4,Afternoon
6495,A,Ship,6,1,283,4,low,M,8,1404,1,3,Night
6496,B,Ship,7,4,296,4,low,F,8,1717,0,41,Morning
6497,C,Ship,6,2,261,4,medium,M,8,1891,1,35,Night
6498,F,Ship,6,2,286,4,low,F,3,1959,1,12,Night
6499,D,Ship,6,1,298,4,low,F,1,1735,0,5,Night
6500,F,Ship,6,1,287,4,medium,F,1,1581,1,29,Afternoon
6501,A,Ship,6,5,251,4,medium,F,3,1660,1,23,Night
6502,B,Ship,5,2,231,5,low,F,4,1913,0,36,Night
6503,C,Ship,5,1,249,5,medium,M,10,1561,1,14,Morning
6504,F,Ship,5,2,244,5,low,M,10,1699,1,28,Morning
6505,D,Ship,7,1,264,4,medium,F,9,1829,0,50,Morning
6506,F,Ship,5,1,254,5,medium,M,10,1020,1,34,Morning
6507,A,Ship,4,4,264,6,low,F,6,1758,1,28,Morning
6508,B,Ship,6,4,309,4,low,M,9,1771,0,50,Morning
6509,C,Ship,5,1,298,4,low,F,4,1853,1,29,Afternoon
6510,F,Ship,5,5,265,5,medium,M,1,1568,1,24,Night
6511,D,Ship,6,2,246,4,medium,M,7,1071,1,3,Night
6512,F,Ship,5,2,222,5,low,F,5,1329,1,2,Morning
6513,A,Ship,7,5,250,4,low,M,1,1690,0,25,Afternoon
6514,B,Ship,4,2,240,5,medium,M,7,1711,0,19,Afternoon
6515,C,Ship,4,1,246,6,low,F,6,1335,0,22,Morning
6516,F,Ship,6,2,293,5,medium,F,4,1281,1,16,Night
6517,D,Ship,5,5,189,5,low,M,3,5254,0,10,Morning
6518,F,Ship,3,5,270,3,high,F,7,4459,0,20,Afternoon
6519,A,Ship,4,4,266,3,low,M,10,5221,1,12,Morning
6520,B,Ship,3,2,270,3,medium,M,9,5873,0,10,Morning
6521,C,Ship,3,3,216,8,medium,M,4,5329,0,47,Afternoon
6522,F,Ship,3,3,147,8,medium,F,7,5822,1,21,Night
6523,D,Ship,3,5,270,6,medium,F,9,4195,1,30,Morning
6524,F,Ship,3,3,261,8,low,M,10,4145,1,48,Morning
6525,A,Ship,3,1,261,8,medium,F,9,5248,0,50,Afternoon
6526,B,Ship,4,4,177,6,low,M,6,5451,0,17,Morning
6527,C,Ship,4,2,142,10,high,F,9,4280,0,42,Afternoon
6528,F,Ship,5,3,222,3,medium,F,10,4597,1,38,Afternoon
6529,D,Ship,4,5,186,7,medium,F,1,4357,1,30,Night
6530,F,Ship,3,3,177,3,medium,M,10,5374,0,9,Afternoon
6531,A,Ship,4,4,251,4,low,F,1,4252,1,39,Morning
6532,B,Ship,3,3,240,7,medium,M,3,4385,1,3,Night
6533,C,Ship,3,5,260,4,medium,F,8,4162,0,3,Afternoon
6534,F,Ship,4,2,206,7,high,M,7,5479,0,13,Afternoon
6535,D,Ship,4,5,242,2,low,M,4,5341,1,49,Morning
6536,F,Ship,3,2,194,3,low,F,3,5779,0,31,Morning
6537,A,Ship,5,2,232,3,low,F,1,1187,0,41,Afternoon
6538,B,Ship,6,4,279,4,low,F,1,1246,0,13,Night
6539,C,Ship,6,3,251,4,low,M,1,1230,0,13,Afternoon
6540,F,Ship,6,2,300,5,low,M,3,1696,1,21,Morning
6541,D,Ship,7,5,133,5,low,F,7,1239,0,43,Afternoon
6542,F,Ship,6,4,283,4,low,F,10,1512,1,32,Night
6543,A,Ship,7,5,296,4,low,F,2,1823,0,33,Night
6544,B,Ship,6,1,261,4,medium,F,8,1524,1,43,Afternoon
6545,C,Ship,6,3,286,4,low,M,5,1750,0,45,Morning
6546,F,Ship,6,5,298,4,low,M,3,1520,1,15,Afternoon
6547,D,Ship,6,3,287,4,medium,F,8,1850,0,28,Night
6548,F,Ship,6,2,251,4,medium,F,6,1864,1,9,Night
6549,A,Ship,5,4,231,5,low,M,10,1247,1,34,Morning
6550,B,Road,5,1,249,5,medium,F,1,1654,0,9,Morning
6551,C,Road,5,5,244,5,low,M,5,1787,1,14,Morning
6552,F,Road,7,3,264,4,medium,M,3,1296,1,47,Night
6553,D,Road,5,4,254,5,medium,M,7,1545,1,16,Afternoon
6554,F,Road,4,1,264,6,low,M,7,1007,1,38,Afternoon
6555,A,Road,6,2,309,4,low,F,6,1335,1,46,Afternoon
6556,B,Road,5,1,298,4,low,M,4,1551,1,38,Night
6557,C,Road,5,3,265,5,medium,F,6,1929,1,11,Afternoon
6558,F,Road,6,2,246,4,medium,F,7,1297,0,27,Night
6559,D,Road,5,5,222,5,low,F,4,1311,1,25,Morning
6560,F,Road,7,1,250,4,low,M,9,1890,0,34,Night
6561,A,Road,6,5,269,4,low,F,2,1243,1,39,Afternoon
6562,B,Road,6,2,161,4,low,F,9,1377,1,11,Night
6563,C,Road,4,3,256,5,low,F,5,1533,0,4,Night
6564,F,Road,5,1,303,5,medium,F,4,1009,1,11,Afternoon
6565,D,Road,5,3,257,5,medium,F,3,1953,1,38,Afternoon
6566,F,Road,5,2,259,5,low,F,3,1724,0,24,Night
6567,A,Road,4,4,249,6,low,F,1,1398,0,14,Morning
6568,B,Road,6,2,289,4,high,F,3,1116,1,35,Afternoon
6569,C,Road,6,2,308,5,medium,F,6,1118,1,41,Night
6570,F,Road,6,3,297,4,medium,F,2,1520,0,25,Morning
6571,D,Road,4,2,255,5,low,M,1,1353,0,26,Morning
6572,F,Flight,6,4,266,4,low,M,9,1253,0,38,Afternoon
6573,A,Flight,7,5,302,4,low,M,3,1597,0,3,Night
6574,B,Flight,4,4,223,5,medium,M,4,1344,1,21,Morning
6575,C,Flight,6,1,261,4,low,F,6,1703,0,2,Night
6576,F,Flight,4,1,273,5,low,F,7,1922,1,24,Night
6577,D,Flight,6,5,260,4,low,F,2,1221,1,46,Night
6578,F,Flight,5,1,266,5,low,F,9,1852,1,21,Afternoon
6579,A,Flight,2,1,164,5,low,F,8,1886,1,30,Morning
6580,B,Flight,5,5,240,6,medium,F,9,1117,1,3,Night
6581,C,Flight,6,5,305,4,medium,M,10,1418,0,1,Morning
6582,F,Flight,5,3,248,5,low,F,7,1475,0,33,Night
6583,D,Flight,7,2,279,4,medium,F,1,1480,1,13,Afternoon
6584,F,Flight,5,2,244,6,low,F,7,1315,1,15,Afternoon
6585,A,Flight,5,1,267,5,low,F,4,1097,1,6,Afternoon
6586,B,Flight,7,2,275,4,medium,F,6,1513,1,5,Night
6587,C,Flight,6,4,299,4,medium,M,9,1036,0,4,Afternoon
6588,F,Flight,6,1,254,4,medium,F,3,1488,0,27,Night
6589,D,Flight,6,1,273,4,medium,F,6,1524,1,35,Morning
6590,F,Flight,5,3,218,5,low,F,6,1278,0,22,Morning
6591,A,Flight,5,4,267,5,medium,F,10,1837,0,11,Night
6592,B,Flight,6,2,259,4,medium,M,6,1066,0,49,Afternoon
6593,C,Flight,7,4,272,4,low,M,3,1805,1,46,Night
6594,F,Ship,5,4,281,4,medium,M,8,1220,1,20,Morning
6595,D,Ship,6,2,267,4,medium,F,1,1935,1,9,Night
6596,F,Ship,6,4,260,4,medium,F,10,1927,1,22,Night
6597,A,Ship,7,2,261,4,medium,M,9,1918,0,23,Night
6598,B,Ship,4,1,219,2,medium,F,2,1752,1,13,Night
6599,C,Ship,4,3,264,5,medium,M,3,1639,1,8,Afternoon
6600,F,Ship,7,3,310,5,low,F,5,1563,1,26,Night
6601,D,Ship,6,4,297,5,high,M,6,1631,1,28,Morning
6602,F,Ship,4,3,274,5,low,M,5,1512,1,40,Night
6603,A,Ship,5,5,246,5,medium,M,6,1053,1,9,Afternoon
6604,B,Ship,5,3,221,6,medium,F,3,1960,0,43,Night
6605,C,Ship,6,3,295,4,low,F,10,1495,1,25,Night
6606,F,Ship,7,4,259,4,low,M,6,1697,1,3,Afternoon
6607,D,Ship,4,4,138,3,medium,F,7,1597,0,49,Afternoon
6608,F,Ship,3,5,250,2,low,F,9,1205,1,23,Night
6609,A,Ship,5,1,236,6,medium,F,4,1705,1,19,Morning
6610,B,Ship,5,1,267,5,medium,M,10,1505,1,2,Night
6611,C,Ship,6,4,283,4,medium,M,1,1384,0,7,Afternoon
6612,F,Ship,7,1,244,4,low,M,8,1817,0,31,Afternoon
6613,D,Ship,5,2,260,5,low,M,9,1809,0,44,Afternoon
6614,F,Ship,5,1,276,5,medium,M,5,1358,0,19,Night
6615,A,Ship,7,3,307,4,low,M,4,1653,1,8,Morning
6616,B,Ship,6,5,266,4,low,M,8,1709,1,12,Afternoon
6617,C,Ship,5,2,237,5,medium,M,6,1084,1,29,Afternoon
6618,F,Ship,4,4,251,6,medium,M,4,1869,1,47,Afternoon
6619,D,Ship,4,1,247,6,low,M,4,1349,0,37,Night
6620,F,Ship,3,3,279,4,low,M,3,4620,1,49,Afternoon
6621,A,Ship,5,5,230,3,low,F,10,5163,1,50,Afternoon
6622,B,Ship,4,5,234,3,low,F,4,5100,0,34,Night
6623,C,Ship,6,5,152,4,medium,F,8,5351,1,17,Morning
6624,F,Ship,3,4,160,4,medium,M,9,4733,0,28,Afternoon
6625,D,Ship,3,2,263,3,low,F,3,5303,1,7,Morning
6626,F,Ship,4,1,164,3,low,M,4,5910,1,41,Afternoon
6627,A,Ship,3,3,209,2,medium,M,1,5098,0,24,Night
6628,B,Ship,5,1,245,3,low,F,9,4694,1,37,Afternoon
6629,C,Ship,3,4,172,2,low,M,5,5919,1,33,Afternoon
6630,F,Ship,2,5,180,6,medium,F,7,4907,0,33,Afternoon
6631,D,Ship,3,3,145,3,medium,F,8,4522,1,37,Night
6632,F,Ship,3,4,248,3,medium,F,6,4932,1,37,Night
6633,A,Ship,5,4,242,3,high,F,4,4805,1,9,Night
6634,B,Ship,4,3,237,3,medium,F,8,5045,0,42,Night
6635,C,Ship,4,4,203,2,low,F,4,4793,1,14,Morning
6636,F,Ship,3,4,186,4,low,M,6,4403,1,15,Morning
6637,D,Ship,4,1,155,5,low,F,1,5986,1,20,Morning
6638,F,Ship,3,4,153,4,low,M,5,5604,0,26,Night
6639,A,Ship,3,2,199,2,medium,M,10,4659,1,33,Afternoon
6640,B,Ship,4,5,219,3,medium,M,8,4605,1,27,Night
6641,C,Ship,4,1,156,2,low,M,8,5488,1,34,Morning
6642,F,Ship,5,5,135,2,low,F,1,4324,0,12,Afternoon
6643,D,Ship,3,4,244,3,medium,M,2,5389,1,25,Afternoon
6644,F,Ship,5,1,183,3,low,F,10,5023,1,41,Morning
6645,A,Ship,4,3,258,2,low,F,3,4555,1,23,Morning
6646,B,Ship,6,2,168,2,low,M,3,5853,1,10,Morning
6647,C,Ship,5,1,161,2,medium,F,10,4108,0,21,Night
6648,F,Ship,4,2,246,2,low,M,2,4497,0,30,Night
6649,D,Ship,3,3,232,4,medium,M,3,5828,1,40,Morning
6650,F,Ship,3,3,155,2,medium,F,5,5577,1,26,Night
6651,A,Ship,5,5,162,2,medium,M,6,5868,1,17,Morning
6652,B,Ship,4,3,123,4,medium,M,6,4166,1,27,Night
6653,C,Ship,3,4,235,2,low,F,10,4575,1,4,Night
6654,F,Ship,5,1,179,2,low,F,3,5417,1,42,Night
6655,D,Ship,3,5,202,2,medium,M,3,5746,0,50,Morning
6656,F,Ship,4,5,272,2,medium,F,1,5378,1,34,Afternoon
6657,A,Ship,4,2,185,3,medium,M,1,5338,1,8,Night
6658,B,Ship,3,3,188,2,medium,F,2,4336,1,23,Morning
6659,C,Ship,3,2,250,4,low,F,3,5449,0,45,Night
6660,F,Ship,5,3,224,4,low,M,7,4553,1,39,Morning
6661,D,Ship,4,1,261,3,low,F,10,5943,1,4,Afternoon
6662,F,Ship,3,1,200,2,medium,M,8,4337,1,37,Night
6663,A,Ship,4,1,200,4,medium,M,3,5837,1,35,Afternoon
6664,B,Ship,2,1,143,3,low,M,4,4512,1,30,Night
6665,C,Ship,3,4,199,3,low,M,7,5089,1,6,Night
6666,F,Ship,4,5,157,3,medium,M,2,5791,0,7,Afternoon
6667,D,Ship,3,2,225,3,high,M,5,4304,0,2,Morning
6668,F,Ship,3,3,152,2,medium,M,3,4193,0,44,Night
6669,A,Ship,4,4,236,2,medium,F,6,5101,0,19,Night
6670,B,Ship,3,1,266,5,low,M,1,5459,1,4,Afternoon
6671,C,Ship,3,2,243,4,medium,M,4,4410,0,34,Afternoon
6672,F,Ship,4,5,224,6,high,F,5,5659,0,28,Afternoon
6673,D,Ship,3,5,153,4,low,F,10,5897,1,38,Morning
6674,F,Ship,4,2,232,3,medium,F,7,5737,0,36,Night
6675,A,Ship,3,3,253,3,medium,M,5,4754,0,24,Afternoon
6676,B,Ship,3,3,150,3,low,M,5,5328,1,33,Morning
6677,C,Ship,4,3,198,2,low,M,5,5724,0,31,Afternoon
6678,F,Ship,4,4,231,3,low,M,9,4305,0,11,Afternoon
6679,D,Ship,3,5,135,2,medium,F,9,5614,0,18,Night
6680,F,Ship,5,4,153,3,low,M,5,4711,0,45,Morning
6681,A,Ship,4,2,201,2,low,M,3,4869,0,5,Night
6682,B,Ship,4,4,273,2,medium,M,6,5676,0,25,Morning
6683,C,Ship,5,4,245,3,high,M,4,4298,1,15,Night
6684,F,Ship,4,4,157,2,low,M,9,4491,0,39,Morning
6685,D,Ship,4,3,150,2,high,F,8,4965,0,41,Afternoon
6686,F,Ship,3,3,243,2,low,M,3,4675,0,47,Afternoon
6687,A,Road,4,5,105,5,high,M,4,5824,0,36,Morning
6688,B,Road,5,4,221,5,low,M,6,5059,1,15,Morning
6689,C,Road,3,1,236,6,medium,F,10,4858,1,11,Morning
6690,F,Road,4,4,263,3,medium,M,5,4193,1,1,Night
6691,D,Road,3,3,213,2,low,M,10,5495,1,24,Morning
6692,F,Road,6,1,259,3,low,F,3,5683,1,22,Afternoon
6693,A,Road,4,2,190,3,medium,M,7,4766,1,42,Afternoon
6694,B,Road,3,5,213,4,medium,M,9,5550,0,6,Afternoon
6695,C,Road,5,3,261,4,medium,F,5,4623,0,34,Afternoon
6696,F,Road,3,5,254,3,medium,M,5,4946,1,19,Night
6697,D,Road,3,4,151,4,medium,F,1,4587,0,38,Morning
6698,F,Road,5,1,187,4,medium,F,9,5657,0,16,Night
6699,A,Road,4,5,139,2,medium,F,1,4606,1,28,Morning
6700,B,Road,5,2,173,2,high,F,10,4741,1,42,Night
6701,C,Road,3,3,136,3,low,M,10,5175,1,21,Night
6702,F,Road,4,1,272,4,high,M,1,5597,1,43,Afternoon
6703,D,Road,6,4,116,3,low,M,6,4649,1,23,Night
6704,F,Road,4,2,181,3,low,M,10,4212,0,33,Night
6705,A,Road,5,3,230,3,medium,M,4,4914,0,45,Morning
6706,B,Road,2,5,127,3,medium,F,3,5964,1,30,Afternoon
6707,C,Road,3,1,182,3,low,M,2,5760,1,28,Night
6708,F,Road,3,1,186,2,medium,F,7,4556,1,22,Morning
6709,D,Flight,5,1,271,4,low,M,3,4610,0,2,Night
6710,F,Flight,5,3,171,2,medium,F,1,5385,0,19,Afternoon
6711,A,Flight,4,3,238,2,medium,F,2,5328,1,22,Morning
6712,B,Flight,4,4,184,3,low,M,8,4453,0,18,Morning
6713,C,Flight,5,2,214,2,low,F,8,4767,1,19,Afternoon
6714,F,Flight,4,4,279,6,medium,M,5,4898,0,49,Morning
6715,D,Flight,3,2,168,4,low,F,1,4184,0,9,Night
6716,F,Flight,6,4,221,5,medium,M,8,4511,0,49,Night
6717,A,Flight,3,5,260,3,medium,M,7,5379,0,15,Afternoon
6718,B,Flight,4,3,204,3,medium,M,2,5010,1,2,Morning
6719,C,Flight,4,2,142,3,medium,F,6,4918,1,1,Afternoon
6720,F,Flight,4,3,178,3,medium,M,3,5669,1,29,Afternoon
6721,D,Flight,2,1,203,3,medium,M,6,4234,1,43,Afternoon
6722,F,Flight,4,2,180,4,medium,M,9,4329,1,18,Morning
6723,A,Flight,4,4,193,3,medium,F,3,4596,1,16,Afternoon
6724,B,Flight,5,4,99,2,high,F,4,4259,1,13,Night
6725,C,Flight,3,1,250,3,low,M,1,4347,1,8,Afternoon
6726,F,Flight,4,1,152,3,medium,F,3,4250,0,7,Night
6727,D,Flight,4,1,265,2,low,F,10,5418,0,50,Afternoon
6728,F,Flight,2,3,226,2,medium,M,2,4566,1,7,Night
6729,A,Flight,3,3,234,3,low,M,3,4405,1,32,Morning
6730,B,Flight,4,3,225,2,high,F,4,4732,1,9,Afternoon
6731,C,Ship,3,5,161,2,medium,M,9,4623,1,27,Morning
6732,F,Ship,5,2,246,3,medium,F,10,5110,1,4,Morning
6733,D,Ship,4,5,162,3,medium,F,10,4850,0,48,Night
6734,F,Ship,4,4,135,3,medium,M,2,5016,1,21,Night
6735,A,Ship,4,3,201,2,low,F,10,4875,1,46,Morning
6736,B,Ship,6,4,235,6,low,M,1,5533,0,25,Night
6737,C,Ship,5,2,214,2,low,F,10,5192,1,4,Morning
6738,F,Ship,6,3,245,5,medium,F,8,5678,0,46,Afternoon
6739,D,Ship,5,5,192,2,low,M,10,5564,1,23,Afternoon
6740,F,Ship,5,5,179,5,low,M,3,4333,0,44,Afternoon
6741,A,Ship,6,3,210,4,medium,M,9,5440,1,43,Night
6742,B,Ship,3,2,209,2,medium,F,2,4635,1,35,Afternoon
6743,C,Ship,4,2,200,3,medium,M,7,4323,1,4,Night
6744,F,Ship,6,3,165,5,medium,M,5,4871,1,26,Morning
6745,D,Ship,3,5,168,3,medium,M,7,4296,1,38,Afternoon
6746,F,Ship,4,4,203,2,low,F,10,5192,1,49,Afternoon
6747,A,Ship,4,5,202,3,medium,M,8,5416,1,43,Afternoon
6748,B,Ship,4,2,266,3,medium,F,2,5252,0,5,Afternoon
6749,C,Ship,2,1,248,6,low,F,2,5182,1,11,Afternoon
6750,F,Ship,5,3,173,3,low,M,5,5395,1,45,Morning
6751,D,Ship,2,4,156,3,medium,F,8,5668,0,42,Night
6752,F,Ship,3,5,109,2,high,M,2,5978,0,37,Night
6753,A,Ship,3,4,250,3,low,M,6,4830,0,41,Night
6754,B,Ship,2,4,195,4,medium,M,3,5641,0,38,Afternoon
6755,C,Ship,4,1,160,5,low,F,10,4018,0,36,Morning
6756,F,Ship,2,5,189,3,low,F,5,5320,1,9,Afternoon
6757,D,Ship,4,3,239,3,medium,M,9,5897,0,46,Afternoon
6758,F,Ship,3,3,204,2,medium,F,5,5399,1,46,Night
6759,A,Ship,4,5,156,3,low,M,5,4610,1,37,Afternoon
6760,B,Ship,5,2,192,3,high,F,7,5695,0,29,Morning
6761,C,Ship,4,2,233,2,low,M,7,5546,0,6,Afternoon
6762,F,Ship,5,3,253,3,low,F,3,5944,0,38,Morning
6763,D,Ship,2,1,277,6,low,M,10,4165,1,9,Morning
6764,F,Ship,4,2,211,2,low,F,9,5883,0,26,Night
6765,A,Ship,6,4,172,6,medium,F,10,5554,0,50,Night
6766,B,Ship,5,4,211,4,low,F,4,4498,0,42,Night
6767,C,Ship,2,3,248,4,high,F,2,4521,1,36,Afternoon
6768,F,Ship,3,4,176,3,medium,M,4,5623,1,6,Afternoon
6769,D,Ship,4,1,100,6,medium,M,6,5841,1,44,Afternoon
6770,F,Ship,5,5,195,4,low,F,1,4393,0,8,Morning
6771,A,Ship,3,2,137,3,low,F,4,5617,1,3,Afternoon
6772,B,Ship,4,4,195,4,medium,M,2,5464,1,45,Afternoon
6773,C,Ship,2,5,185,3,low,F,9,5810,1,31,Night
6774,F,Ship,3,1,250,2,medium,F,9,4753,1,5,Morning
6775,D,Ship,3,2,150,3,low,M,2,4660,0,13,Afternoon
6776,F,Ship,3,1,166,3,medium,F,9,4251,1,47,Afternoon
6777,A,Ship,4,5,257,2,medium,M,5,4127,1,18,Night
6778,B,Ship,5,1,249,3,medium,F,5,4392,1,1,Night
6779,C,Ship,5,5,268,3,medium,F,7,4480,0,20,Morning
6780,F,Ship,4,4,273,3,low,F,3,5749,0,6,Afternoon
6781,D,Ship,5,5,246,3,medium,F,9,4107,1,5,Morning
6782,F,Ship,5,1,142,6,medium,M,1,4843,0,49,Night
6783,A,Ship,5,2,168,2,low,M,6,5464,0,10,Morning
6784,B,Ship,5,2,249,3,low,M,9,5978,0,20,Afternoon
6785,C,Ship,3,1,220,3,medium,F,6,5319,1,5,Night
6786,F,Ship,4,3,189,2,low,F,7,4765,1,43,Morning
6787,D,Ship,5,2,237,4,low,M,5,5623,0,50,Morning
6788,F,Ship,4,4,247,3,high,F,2,5324,0,25,Morning
6789,A,Ship,3,4,250,6,medium,M,1,4543,0,47,Morning
6790,B,Ship,4,4,207,10,low,F,1,4602,1,11,Night
6791,C,Ship,4,4,201,10,low,M,3,4202,1,30,Night
6792,F,Ship,4,2,142,2,low,M,6,5326,1,13,Morning
6793,D,Ship,3,1,207,2,low,M,7,4639,1,38,Morning
6794,F,Ship,3,1,214,2,high,F,10,4310,1,27,Morning
6795,A,Ship,4,3,134,10,medium,M,8,4337,1,39,Night
6796,B,Ship,3,4,178,8,medium,F,6,4146,1,32,Morning
6797,C,Ship,4,1,186,2,low,M,4,4686,0,42,Morning
6798,F,Ship,4,4,250,3,low,M,10,4505,1,23,Night
6799,D,Ship,4,3,172,3,medium,F,10,5434,1,32,Night
6800,F,Ship,3,4,265,10,low,M,10,4049,1,28,Afternoon
6801,A,Ship,3,2,158,7,medium,M,10,4244,0,44,Afternoon
6802,B,Ship,3,1,180,7,medium,M,10,5536,1,50,Morning
6803,C,Ship,4,2,173,3,high,F,3,5364,1,25,Night
6804,F,Ship,3,3,153,10,medium,M,10,5772,1,32,Morning
6805,D,Ship,4,4,182,3,high,F,7,5197,1,6,Night
6806,F,Ship,3,1,192,3,low,F,9,5004,1,39,Night
6807,A,Ship,6,5,285,7,medium,M,9,4112,1,13,Night
6808,B,Ship,3,3,151,6,low,F,6,4279,1,48,Afternoon
6809,C,Ship,3,3,242,2,low,F,7,4501,1,31,Afternoon
6810,F,Ship,3,1,237,3,medium,F,4,5860,1,50,Morning
6811,D,Ship,5,2,259,5,low,F,7,1032,1,22,Afternoon
6812,F,Ship,4,3,249,6,low,M,2,1046,0,42,Morning
6813,A,Ship,6,3,289,4,high,F,5,1708,1,45,Night
6814,B,Ship,6,3,308,5,medium,F,4,1118,1,22,Afternoon
6815,C,Ship,6,3,297,4,medium,M,2,1954,1,8,Night
6816,F,Ship,4,1,255,5,low,F,4,1005,1,8,Night
6817,D,Ship,6,1,266,4,low,M,9,1287,1,22,Afternoon
6818,F,Ship,7,2,302,4,low,M,6,1632,1,32,Night
6819,A,Ship,4,5,223,5,medium,F,6,1579,0,49,Afternoon
6820,B,Ship,6,5,261,4,low,F,9,1266,0,26,Morning
6821,C,Ship,4,4,273,5,low,M,10,1316,1,17,Morning
6822,F,Ship,6,3,260,4,low,M,9,1131,0,16,Afternoon
6823,D,Ship,5,2,266,5,low,F,1,1504,0,46,Afternoon
6824,F,Road,2,1,164,5,low,M,4,1708,1,35,Night
6825,A,Road,5,3,240,6,medium,F,3,1321,1,39,Morning
6826,B,Road,6,3,305,4,medium,F,9,1479,0,29,Morning
6827,C,Road,5,4,248,5,low,F,3,1471,0,41,Afternoon
6828,F,Road,7,3,279,4,medium,M,8,1060,1,39,Afternoon
6829,D,Road,5,4,244,6,low,F,10,1978,0,12,Morning
6830,F,Road,5,4,267,5,low,M,9,1017,1,36,Night
6831,A,Road,7,1,275,4,medium,M,7,1754,1,8,Morning
6832,B,Road,5,1,168,2,low,F,10,4240,1,48,Morning
6833,C,Road,5,2,249,3,low,M,2,4696,1,39,Morning
6834,F,Road,3,2,220,3,medium,M,7,4555,0,34,Afternoon
6835,D,Road,4,4,189,2,low,M,5,4553,1,3,Night
6836,F,Road,5,2,237,4,low,F,9,5922,1,21,Night
6837,A,Road,4,3,247,3,high,F,1,5214,1,36,Morning
6838,B,Road,3,3,250,6,medium,M,9,5322,0,12,Afternoon
6839,C,Road,4,3,207,10,low,F,9,4179,1,1,Morning
6840,F,Road,4,5,201,10,low,F,7,5340,1,9,Night
6841,D,Road,4,5,142,2,low,M,2,4472,1,17,Night
6842,F,Road,3,4,207,2,low,M,6,5852,0,18,Morning
6843,A,Road,3,2,214,2,high,F,7,4938,1,17,Morning
6844,B,Road,4,5,134,10,medium,M,5,4244,1,24,Night
6845,C,Road,3,3,178,8,medium,M,8,4774,0,42,Afternoon
6846,F,Flight,4,2,186,2,low,M,2,5604,0,10,Night
6847,D,Flight,4,2,250,3,low,M,5,4488,0,6,Night
6848,F,Flight,4,1,172,3,medium,F,10,5106,0,2,Morning
6849,A,Flight,3,5,265,10,low,M,6,4380,1,42,Afternoon
6850,B,Flight,3,1,158,7,medium,F,6,4166,1,24,Morning
6851,C,Flight,3,3,180,7,medium,F,4,5068,0,29,Afternoon
6852,F,Flight,4,1,173,3,high,M,1,5749,1,5,Night
6853,D,Flight,3,4,153,10,medium,F,4,5456,0,10,Afternoon
6854,F,Flight,4,3,182,3,high,F,3,5624,1,15,Afternoon
6855,A,Flight,3,5,192,3,low,F,7,4056,0,43,Afternoon
6856,B,Flight,6,3,285,7,medium,M,7,5030,0,15,Afternoon
6857,C,Flight,3,5,151,6,low,M,8,4692,0,22,Night
6858,F,Flight,3,5,242,2,low,M,1,5803,0,12,Afternoon
6859,D,Flight,3,1,237,3,medium,F,1,4476,0,50,Afternoon
6860,F,Flight,5,4,259,5,low,M,10,1177,1,6,Night
6861,A,Flight,4,2,249,6,low,F,9,1673,0,49,Night
6862,B,Flight,6,4,289,4,high,F,4,1822,1,46,Afternoon
6863,C,Flight,6,2,308,5,medium,M,4,1303,1,48,Afternoon
6864,F,Flight,6,3,297,4,medium,M,1,1080,1,12,Night
6865,D,Flight,4,3,255,5,low,M,1,1192,1,5,Night
6866,F,Flight,6,3,266,4,low,F,9,1876,1,29,Night
6867,A,Flight,7,1,302,4,low,M,4,1647,1,46,Afternoon
6868,B,Ship,4,4,223,5,medium,M,1,1124,0,27,Morning
6869,C,Ship,6,4,261,4,low,F,5,1794,0,6,Morning
6870,F,Ship,4,2,273,5,low,F,4,1223,0,14,Afternoon
6871,D,Ship,6,3,260,4,low,F,10,1140,1,13,Afternoon
6872,F,Ship,5,2,266,5,low,F,10,1274,0,8,Afternoon
6873,A,Ship,2,3,164,5,low,M,7,1243,1,48,Afternoon
6874,B,Ship,5,2,240,6,medium,F,2,1852,0,20,Night
6875,C,Ship,6,5,305,4,medium,F,9,1072,1,26,Morning
6876,F,Ship,5,2,248,5,low,M,4,1284,0,18,Morning
6877,D,Ship,7,2,279,4,medium,M,5,1210,1,35,Morning
6878,F,Ship,5,2,244,6,low,M,5,1702,0,23,Night
6879,A,Ship,5,1,237,5,medium,F,2,1429,0,35,Afternoon
6880,B,Ship,4,2,251,6,medium,F,1,1154,0,34,Night
6881,C,Ship,4,4,247,6,low,F,4,1044,1,44,Afternoon
6882,F,Ship,5,2,262,6,medium,F,4,1532,0,29,Morning
6883,D,Ship,5,3,223,5,medium,M,10,1170,0,48,Night
6884,F,Ship,5,5,275,5,low,F,3,1145,1,46,Night
6885,A,Ship,6,3,139,6,medium,F,8,1284,0,2,Morning
6886,B,Ship,4,3,245,6,low,F,3,1155,1,49,Night
6887,C,Ship,6,3,278,4,high,F,3,1033,1,32,Night
6888,F,Ship,5,3,243,5,low,M,2,1776,0,37,Afternoon
6889,D,Ship,7,3,309,4,low,F,1,1290,0,4,Night
6890,F,Ship,6,2,279,4,low,M,1,1150,0,35,Morning
6891,A,Ship,6,3,247,4,medium,M,3,1903,1,47,Afternoon
6892,B,Ship,5,1,235,5,medium,F,6,1059,0,25,Night
6893,C,Ship,5,5,268,5,medium,F,10,1906,1,41,Morning
6894,F,Ship,6,1,309,4,medium,M,9,1305,1,18,Morning
6895,D,Ship,6,5,308,4,low,M,2,1125,0,18,Afternoon
6896,F,Ship,5,5,237,5,high,F,2,1593,0,38,Morning
6897,A,Ship,6,2,291,4,low,M,9,1241,0,44,Night
6898,B,Ship,4,2,264,5,medium,F,6,1736,0,46,Morning
6899,C,Ship,2,2,212,4,medium,F,3,1284,0,31,Morning
6900,F,Ship,4,5,196,4,low,M,10,1694,0,3,Afternoon
6901,D,Ship,5,5,260,5,low,F,6,1860,1,45,Morning
6902,F,Ship,6,5,266,4,low,F,6,1201,1,9,Night
6903,A,Ship,5,2,254,5,high,M,6,1491,0,26,Morning
6904,B,Ship,5,2,249,5,low,F,8,1018,0,33,Night
6905,C,Ship,6,5,279,4,medium,M,7,1300,1,34,Night
6906,F,Ship,6,3,306,4,high,F,5,1261,0,28,Night
6907,D,Ship,4,5,249,5,medium,M,3,1530,0,41,Morning
6908,F,Ship,6,4,297,4,low,F,9,1249,0,29,Morning
6909,A,Ship,6,1,273,4,low,M,6,1561,1,12,Morning
6910,B,Ship,6,4,299,4,low,F,9,1817,1,5,Morning
6911,C,Ship,5,5,240,5,medium,M,10,1574,0,5,Night
6912,F,Ship,5,4,260,6,low,F,2,1765,1,11,Morning
6913,D,Ship,5,1,251,5,low,F,7,1924,0,32,Night
6914,F,Ship,5,5,256,5,medium,M,2,1693,0,3,Morning
6915,A,Ship,5,2,226,5,medium,M,5,1659,1,47,Morning
6916,B,Ship,5,3,262,5,low,F,10,1197,0,33,Afternoon
6917,C,Ship,7,4,261,5,low,M,6,1334,1,19,Night
6918,F,Ship,2,2,181,2,low,F,6,1324,0,15,Afternoon
6919,D,Ship,6,1,254,4,medium,F,6,1928,0,24,Night
6920,F,Ship,6,1,288,4,medium,M,8,1806,0,14,Afternoon
6921,A,Ship,6,3,245,4,low,M,10,1798,1,8,Afternoon
6922,B,Ship,5,3,252,2,medium,M,9,1809,1,12,Night
6923,C,Ship,4,1,293,3,low,M,8,1326,0,32,Afternoon
6924,F,Ship,5,3,253,4,low,M,9,1729,1,6,Afternoon
6925,D,Ship,6,1,245,4,low,F,10,1606,1,15,Afternoon
6926,F,Ship,6,4,247,4,medium,M,3,1946,1,6,Morning
6927,A,Ship,5,4,274,5,low,M,7,1371,0,21,Afternoon
6928,B,Ship,6,4,283,4,low,F,8,1480,1,7,Afternoon
6929,C,Ship,6,4,286,4,low,F,8,1690,0,21,Afternoon
6930,F,Ship,5,4,257,5,low,M,10,1695,0,1,Night
6931,D,Ship,5,2,258,5,low,F,2,1232,0,24,Afternoon
6932,F,Ship,4,2,201,3,medium,F,6,5616,0,33,Morning
6933,A,Ship,3,1,231,3,low,M,1,5392,0,32,Afternoon
6934,B,Ship,4,5,161,2,high,F,5,5133,0,7,Morning
6935,C,Ship,5,1,250,3,low,M,8,5845,1,12,Night
6936,F,Ship,4,2,169,6,low,F,6,4179,1,21,Morning
6937,D,Ship,4,4,191,2,low,M,1,4318,0,39,Morning
6938,F,Ship,4,2,271,3,medium,F,4,4186,0,11,Morning
6939,A,Ship,5,4,271,3,low,M,3,5218,0,33,Night
6940,B,Ship,4,2,224,3,low,M,1,5821,1,6,Night
6941,C,Ship,3,5,276,5,low,F,10,5302,0,6,Morning
6942,F,Ship,4,1,264,2,low,F,3,5258,1,12,Morning
6943,D,Ship,5,2,185,3,low,M,10,4354,1,4,Night
6944,F,Ship,3,3,253,2,low,M,5,4112,0,3,Morning
6945,A,Ship,3,5,155,4,low,F,1,4432,0,31,Night
6946,B,Ship,4,1,219,3,low,F,5,5632,1,30,Morning
6947,C,Ship,3,2,204,4,medium,M,7,4768,1,15,Morning
6948,F,Ship,4,1,196,4,low,F,3,5496,1,48,Afternoon
6949,D,Ship,3,4,205,5,low,F,4,4483,1,43,Night
6950,F,Ship,3,4,187,3,low,F,9,4725,0,27,Night
6951,A,Ship,3,1,221,2,medium,F,6,5267,1,34,Afternoon
6952,B,Ship,5,4,143,3,medium,F,1,5165,0,49,Afternoon
6953,C,Ship,5,3,135,3,high,M,4,5858,1,3,Afternoon
6954,F,Ship,3,1,207,2,low,F,7,5596,1,19,Night
6955,D,Ship,3,2,245,2,low,F,7,4692,1,34,Morning
6956,F,Ship,5,2,257,3,low,F,2,4677,0,34,Night
6957,A,Ship,3,1,186,3,high,F,1,5694,0,47,Afternoon
6958,B,Ship,5,2,246,3,low,M,2,4054,0,31,Night
6959,C,Ship,3,4,255,2,low,M,2,4504,1,50,Afternoon
6960,F,Ship,5,3,206,3,low,F,1,4645,1,17,Night
6961,D,Road,3,1,178,4,medium,M,9,4298,1,3,Afternoon
6962,F,Road,5,2,274,2,low,F,5,4154,1,23,Night
6963,A,Road,3,1,269,4,low,F,7,5107,1,6,Night
6964,B,Road,5,1,282,4,low,F,9,4766,1,45,Night
6965,C,Road,2,4,108,5,high,M,5,4874,0,29,Morning
6966,F,Road,4,5,268,6,medium,F,7,4709,1,7,Morning
6967,D,Road,2,3,215,2,medium,F,3,5052,0,5,Afternoon
6968,F,Road,4,1,169,4,low,M,1,5323,1,6,Morning
6969,A,Road,3,4,165,3,low,F,4,4482,1,30,Afternoon
6970,B,Road,4,4,192,4,low,F,2,5856,0,31,Afternoon
6971,C,Road,4,3,206,2,low,M,9,5076,0,37,Night
6972,F,Road,3,5,151,2,medium,M,8,4408,0,9,Night
6973,D,Road,3,4,150,3,low,F,5,4950,1,13,Night
6974,F,Road,4,3,250,3,low,M,10,4316,1,2,Afternoon
6975,A,Road,5,3,168,3,medium,F,2,5986,0,11,Afternoon
6976,B,Road,4,1,137,2,low,M,3,4657,1,9,Afternoon
6977,C,Road,6,5,148,4,low,M,1,5216,0,32,Night
6978,F,Road,6,2,215,5,low,F,7,4057,1,23,Morning
6979,D,Road,4,2,269,2,medium,F,2,4013,0,30,Night
6980,F,Road,3,5,139,3,low,F,1,4060,0,19,Night
6981,A,Road,4,1,205,5,low,M,10,4944,1,12,Morning
6982,B,Road,5,4,212,2,low,F,9,4925,1,38,Morning
6983,C,Flight,3,3,136,2,medium,M,10,5749,1,41,Morning
6984,F,Flight,3,3,231,3,medium,F,4,4088,1,29,Morning
6985,D,Flight,4,4,215,2,low,F,7,5151,0,42,Afternoon
6986,F,Flight,4,4,179,3,medium,F,3,5624,1,22,Morning
6987,A,Flight,3,2,223,4,medium,M,3,5374,1,1,Morning
6988,B,Flight,3,5,210,3,low,M,6,5566,1,9,Night
6989,C,Flight,4,5,133,3,high,F,8,5653,0,22,Afternoon
6990,F,Flight,3,1,187,2,low,F,8,4292,0,35,Morning
6991,D,Flight,4,1,256,2,medium,M,2,5630,1,19,Afternoon
6992,F,Flight,4,5,138,2,low,M,10,4788,1,50,Night
6993,A,Flight,3,4,198,3,medium,M,7,4020,1,5,Morning
6994,B,Flight,5,5,256,3,medium,F,6,4145,0,41,Afternoon
6995,C,Flight,4,3,254,2,low,M,3,5546,1,19,Morning
6996,F,Flight,4,1,267,2,medium,M,9,5230,0,32,Morning
6997,D,Flight,3,2,286,6,high,F,5,5588,1,9,Night
6998,F,Flight,3,2,215,4,low,F,3,4042,1,23,Morning
6999,A,Flight,5,5,222,3,medium,M,5,4949,1,26,Morning
7000,B,Flight,5,3,267,4,medium,F,1,4837,0,32,Morning
7001,C,Flight,5,5,235,5,low,F,4,5908,0,35,Afternoon
7002,F,Flight,4,1,181,2,low,M,2,4154,1,33,Afternoon
7003,D,Flight,4,1,173,4,low,F,5,5530,0,19,Night
7004,F,Flight,3,5,208,3,low,M,1,4803,1,29,Night
7005,A,Ship,4,3,221,2,low,F,6,4114,0,22,Afternoon
7006,B,Ship,3,5,141,2,medium,F,9,5000,1,44,Night
7007,C,Ship,4,1,238,3,high,F,4,4910,1,35,Morning
7008,F,Ship,3,2,126,5,low,F,6,4372,0,35,Afternoon
7009,D,Ship,4,1,196,2,low,M,3,4752,1,19,Afternoon
7010,F,Ship,4,3,169,2,high,M,7,4032,0,6,Night
7011,A,Ship,3,3,249,3,low,M,10,5184,1,40,Night
7012,B,Ship,4,2,198,6,medium,M,5,4659,1,37,Night
7013,C,Ship,4,3,197,3,low,M,2,4410,1,43,Morning
7014,F,Ship,3,5,251,4,medium,F,3,5215,0,15,Night
7015,D,Ship,4,4,145,3,medium,M,8,5780,1,17,Morning
7016,F,Ship,4,1,249,3,low,M,4,5253,0,2,Morning
7017,A,Ship,6,1,103,4,low,M,2,5089,1,31,Afternoon
7018,B,Ship,2,5,264,5,medium,F,1,4426,1,7,Night
7019,C,Ship,6,1,206,6,medium,F,8,4243,0,7,Morning
7020,F,Ship,4,4,139,3,medium,M,2,5135,1,2,Afternoon
7021,D,Ship,5,3,270,2,low,F,7,5248,0,19,Morning
7022,F,Ship,4,2,227,2,low,M,8,4878,0,5,Afternoon
7023,A,Ship,3,1,179,2,medium,F,10,4828,1,19,Morning
7024,B,Ship,3,3,273,3,medium,F,6,5269,0,15,Night
7025,C,Ship,5,1,153,2,low,F,7,4944,0,26,Night
7026,F,Ship,4,1,112,6,medium,M,9,5248,0,22,Morning
7027,D,Ship,6,3,114,4,high,F,10,5865,1,24,Afternoon
7028,F,Ship,4,4,214,2,high,F,1,4117,0,12,Afternoon
7029,A,Ship,3,4,196,4,low,F,4,5031,1,9,Morning
7030,B,Ship,5,1,159,2,medium,F,5,4382,1,8,Morning
7031,C,Ship,3,2,258,2,low,M,1,5862,1,49,Morning
7032,F,Ship,5,5,125,3,low,M,10,4997,1,1,Night
7033,D,Ship,6,2,232,3,medium,F,7,5219,0,26,Morning
7034,F,Ship,4,3,196,2,high,M,10,5709,0,1,Morning
7035,A,Ship,4,2,257,3,low,M,3,5549,0,49,Morning
7036,B,Ship,2,1,219,4,low,M,6,5124,1,49,Morning
7037,C,Ship,4,2,223,3,medium,F,7,5977,1,26,Afternoon
7038,F,Ship,3,1,166,2,low,F,10,4137,1,24,Morning
7039,D,Ship,6,1,264,3,high,F,5,4435,0,39,Morning
7040,F,Ship,3,3,182,3,low,F,5,5914,1,28,Morning
7041,A,Ship,4,1,260,2,medium,F,2,4529,1,23,Afternoon
7042,B,Ship,4,1,268,3,low,M,8,5486,1,23,Morning
7043,C,Ship,6,4,272,4,low,F,4,4098,1,16,Morning
7044,F,Ship,4,5,135,3,low,F,3,4760,1,8,Morning
7045,D,Ship,3,2,164,2,medium,M,3,4442,0,35,Night
7046,F,Ship,4,4,153,5,medium,M,9,5818,1,30,Morning
7047,A,Ship,3,4,175,3,low,M,8,4274,0,25,Afternoon
7048,B,Ship,3,1,231,3,medium,M,9,5148,0,39,Afternoon
7049,C,Ship,5,4,222,3,low,M,3,5555,1,27,Night
7050,F,Ship,3,4,261,2,low,F,1,5844,1,22,Afternoon
7051,D,Ship,3,2,223,2,low,F,10,4604,1,24,Night
7052,F,Ship,3,5,222,5,medium,M,2,4027,0,22,Night
7053,A,Ship,4,5,240,3,low,F,9,5794,0,38,Morning
7054,B,Ship,4,5,137,2,high,F,6,5208,1,22,Morning
7055,C,Ship,4,2,181,3,medium,M,6,5964,1,31,Night
7056,F,Ship,3,3,261,4,low,M,3,5722,0,20,Night
7057,D,Ship,3,1,226,2,low,M,4,4804,1,17,Night
7058,F,Ship,4,5,246,2,medium,F,3,5705,1,11,Night
7059,A,Ship,3,4,226,2,medium,F,1,5460,1,11,Afternoon
7060,B,Ship,3,4,238,2,low,M,3,4723,1,41,Afternoon
7061,C,Ship,3,1,173,3,low,F,3,4453,0,19,Night
7062,F,Ship,3,4,257,4,low,M,10,4415,1,4,Night
7063,D,Ship,3,2,160,4,low,F,9,5112,0,29,Night
7064,F,Ship,3,3,179,3,low,F,9,4459,0,24,Morning
7065,A,Ship,3,1,101,5,low,F,3,4807,1,8,Night
7066,B,Ship,2,3,263,4,medium,M,9,5390,1,4,Morning
7067,C,Ship,3,1,210,3,medium,M,4,5683,1,28,Night
7068,F,Ship,3,4,166,4,low,M,4,5107,1,47,Afternoon
7069,D,Ship,2,3,163,3,low,F,4,4862,1,35,Afternoon
7070,F,Ship,4,3,143,2,medium,M,1,4402,0,38,Morning
7071,A,Ship,4,3,248,6,medium,M,5,4212,1,40,Night
7072,B,Ship,3,1,198,2,low,F,8,4940,1,22,Morning
7073,C,Ship,3,1,150,2,low,F,6,5355,1,41,Morning
7074,F,Ship,4,3,195,4,medium,F,1,5004,1,40,Morning
7075,D,Ship,4,4,213,3,low,F,1,4266,1,6,Night
7076,F,Ship,4,3,245,4,medium,M,8,5982,0,45,Afternoon
7077,A,Ship,3,1,199,3,medium,F,8,5557,0,2,Night
7078,B,Ship,4,1,192,4,high,M,5,4142,0,29,Morning
7079,C,Ship,6,3,247,6,medium,M,3,4582,1,50,Morning
7080,F,Ship,3,5,221,3,medium,M,7,4741,0,33,Night
7081,D,Ship,3,1,200,4,medium,F,9,5193,1,2,Afternoon
7082,F,Ship,4,3,260,3,low,F,5,5540,1,43,Morning
7083,A,Ship,4,5,98,4,low,F,5,4643,1,37,Night
7084,B,Ship,5,1,198,4,low,F,5,5719,1,3,Afternoon
7085,C,Ship,4,1,168,2,medium,F,1,5698,0,3,Night
7086,F,Ship,6,1,260,3,medium,M,1,5134,1,34,Night
7087,D,Ship,4,1,266,4,low,M,3,5773,0,39,Afternoon
7088,F,Ship,3,3,239,3,low,M,8,5366,0,24,Night
7089,A,Ship,4,1,214,5,medium,M,9,5801,1,5,Afternoon
7090,B,Ship,3,3,203,3,medium,F,8,5929,1,41,Afternoon
7091,C,Ship,2,5,264,3,medium,F,3,4320,0,38,Night
7092,F,Ship,4,3,169,6,medium,F,2,5607,1,26,Morning
7093,D,Ship,3,1,167,2,low,M,1,5749,1,23,Afternoon
7094,F,Ship,3,3,266,7,low,M,2,5671,0,1,Night
7095,A,Ship,3,2,182,10,low,M,1,4303,1,39,Night
7096,B,Ship,5,2,195,6,high,M,5,5339,0,4,Morning
7097,C,Ship,4,1,153,3,low,F,8,5198,1,50,Afternoon
7098,F,Road,5,1,238,3,high,M,2,5369,0,28,Afternoon
7099,D,Road,5,5,238,8,low,M,9,5186,1,2,Morning
7100,F,Road,3,4,180,7,high,M,4,5500,1,46,Night
7101,A,Road,5,4,262,6,medium,F,1,1177,1,21,Night
7102,B,Road,5,2,223,5,medium,M,5,1484,0,38,Afternoon
7103,C,Road,5,2,275,5,low,F,10,1924,1,17,Morning
7104,F,Road,6,2,139,6,medium,M,8,1691,0,19,Afternoon
7105,D,Road,4,1,245,6,low,F,7,1884,0,35,Night
7106,F,Road,6,2,278,4,high,F,8,1967,1,34,Afternoon
7107,A,Road,5,4,243,5,low,F,5,1118,1,43,Morning
7108,B,Road,7,1,309,4,low,F,4,1151,1,34,Night
7109,C,Road,6,2,279,4,low,F,5,1836,1,8,Afternoon
7110,F,Road,6,5,247,4,medium,M,7,1461,0,5,Morning
7111,D,Road,5,5,235,5,medium,F,10,1393,1,44,Afternoon
7112,F,Road,5,3,268,5,medium,F,10,1660,1,26,Afternoon
7113,A,Road,6,2,309,4,medium,M,10,1782,1,32,Morning
7114,B,Road,4,5,213,3,low,F,7,4490,1,27,Night
7115,C,Road,4,4,245,4,medium,F,6,5051,1,17,Night
7116,F,Road,3,1,199,3,medium,F,7,4377,0,21,Afternoon
7117,D,Road,4,3,192,4,high,F,1,5669,0,7,Night
7118,F,Road,6,5,247,6,medium,M,3,4832,1,23,Afternoon
7119,A,Road,3,5,221,3,medium,F,8,4523,1,34,Night
7120,B,Flight,3,4,200,4,medium,F,8,4944,1,5,Morning
7121,C,Flight,4,4,260,3,low,M,9,4224,1,23,Afternoon
7122,F,Flight,4,5,98,4,low,M,5,5188,1,41,Night
7123,D,Flight,5,1,198,4,low,F,5,5025,0,20,Afternoon
7124,F,Flight,4,1,168,2,medium,F,8,5276,0,4,Afternoon
7125,A,Flight,6,4,260,3,medium,M,9,4730,0,16,Morning
7126,B,Flight,4,2,266,4,low,F,7,4639,1,36,Night
7127,C,Flight,3,1,239,3,low,M,2,4425,1,17,Night
7128,F,Flight,4,1,214,5,medium,F,6,4573,0,35,Morning
7129,D,Flight,3,3,203,3,medium,F,3,4196,1,14,Night
7130,F,Flight,2,4,264,3,medium,F,6,4025,0,25,Afternoon
7131,A,Flight,4,3,169,6,medium,M,3,5957,0,6,Night
7132,B,Flight,3,5,167,2,low,M,5,5042,0,20,Afternoon
7133,C,Flight,3,1,266,7,low,M,5,4102,0,2,Afternoon
7134,F,Flight,3,3,182,10,low,M,3,5555,1,7,Afternoon
7135,D,Flight,5,1,195,6,high,F,8,4944,0,48,Afternoon
7136,F,Flight,4,4,153,3,low,M,5,4624,1,27,Night
7137,A,Flight,5,4,238,3,high,F,5,5907,0,22,Morning
7138,B,Flight,5,4,238,8,low,M,3,4046,1,49,Morning
7139,C,Flight,3,4,180,7,high,M,4,4408,1,49,Morning
7140,F,Flight,5,1,262,6,medium,M,1,1696,1,5,Afternoon
7141,D,Flight,5,5,223,5,medium,F,5,1678,1,32,Night
7142,F,Ship,5,3,275,5,low,M,7,1349,1,19,Morning
7143,A,Ship,6,5,139,6,medium,F,10,1081,0,49,Afternoon
7144,B,Ship,4,4,245,6,low,F,6,1437,0,31,Morning
7145,C,Ship,6,5,278,4,high,F,6,1761,1,45,Night
7146,F,Ship,5,4,243,5,low,F,2,1637,1,27,Morning
7147,D,Ship,7,4,309,4,low,M,7,1880,1,13,Night
7148,F,Ship,6,4,279,4,low,M,9,1128,1,49,Night
7149,A,Ship,6,2,247,4,medium,M,8,1941,1,40,Morning
7150,B,Ship,5,5,235,5,medium,M,9,1032,0,30,Morning
7151,C,Ship,5,5,274,5,low,M,7,1875,0,28,Night
7152,F,Ship,6,5,283,4,low,M,3,1374,0,5,Morning
7153,D,Ship,6,5,286,4,low,M,9,1282,0,45,Afternoon
7154,F,Ship,5,1,257,5,low,M,9,1329,1,8,Afternoon
7155,A,Ship,5,4,223,5,low,M,2,1400,1,22,Morning
7156,B,Ship,4,5,239,5,low,F,7,1001,0,14,Afternoon
7157,C,Ship,4,5,246,6,low,M,1,1400,0,6,Afternoon
7158,F,Ship,7,2,295,4,low,F,10,1587,1,41,Morning
7159,D,Ship,6,1,305,4,low,M,5,1588,1,33,Afternoon
7160,F,Ship,3,4,177,4,medium,F,3,1148,1,41,Afternoon
7161,A,Ship,5,3,257,5,low,F,3,1262,0,32,Morning
7162,B,Ship,6,2,306,4,low,F,6,1123,1,18,Morning
7163,C,Ship,4,3,226,6,medium,M,6,1704,0,5,Night
7164,F,Ship,4,5,228,5,low,M,9,1381,1,34,Afternoon
7165,D,Ship,5,4,225,5,low,M,7,1476,1,14,Afternoon
7166,F,Ship,7,5,289,4,low,F,5,1864,0,10,Morning
7167,A,Ship,5,4,261,5,low,M,2,1409,1,36,Night
7168,B,Ship,5,3,255,5,medium,F,10,1886,1,38,Afternoon
7169,C,Ship,5,3,266,5,medium,F,2,1510,0,37,Night
7170,F,Ship,6,3,290,4,low,M,5,1784,1,42,Night
7171,D,Ship,4,5,235,5,low,M,6,1460,1,44,Morning
7172,F,Ship,6,4,250,4,low,M,3,1490,0,7,Afternoon
7173,A,Ship,5,3,245,5,low,F,3,1409,1,46,Night
7174,B,Ship,6,4,286,4,medium,M,9,1096,0,44,Morning
7175,C,Ship,5,5,271,4,low,M,9,1989,1,8,Night
7176,F,Ship,4,4,242,6,low,F,9,1192,0,44,Night
7177,D,Ship,7,5,282,5,low,M,8,1091,0,6,Morning
7178,F,Ship,4,1,254,5,low,F,7,1003,1,13,Afternoon
7179,A,Ship,5,2,242,5,medium,F,1,1004,0,31,Night
7180,B,Ship,5,5,263,4,low,F,9,1551,1,28,Night
7181,C,Ship,7,5,278,4,low,F,5,1126,0,39,Night
7182,F,Ship,6,5,255,4,low,M,3,1624,0,11,Afternoon
7183,D,Ship,4,4,184,3,low,M,4,1330,0,31,Night
7184,F,Ship,6,4,257,4,medium,F,9,1108,0,13,Morning
7185,A,Ship,3,2,214,2,medium,M,3,1983,0,3,Afternoon
7186,B,Ship,6,1,301,4,low,F,3,1200,0,36,Night
7187,C,Ship,6,1,264,4,medium,M,1,1273,1,19,Morning
7188,F,Ship,5,3,256,5,medium,M,5,1080,0,9,Night
7189,D,Ship,5,5,275,6,low,M,1,1507,1,41,Night
7190,F,Ship,4,1,236,5,medium,M,4,1953,1,10,Night
7191,A,Ship,5,2,303,4,low,F,9,1224,0,38,Night
7192,B,Ship,6,3,284,4,medium,M,4,1652,0,19,Afternoon
7193,C,Ship,4,4,229,6,low,M,2,1279,1,32,Afternoon
7194,F,Ship,5,3,258,5,low,F,4,1665,0,21,Morning
7195,D,Ship,5,1,243,5,low,M,3,1066,0,33,Afternoon
7196,F,Ship,6,1,306,4,medium,M,8,1378,1,42,Night
7197,A,Ship,4,2,235,6,low,M,6,1386,1,1,Afternoon
7198,B,Ship,4,3,150,4,low,F,4,1021,1,46,Night
7199,C,Ship,6,4,291,4,low,F,5,1112,0,18,Afternoon
7200,F,Ship,7,3,278,4,low,M,2,1038,0,47,Morning
7201,D,Ship,5,5,240,6,low,F,10,1986,1,7,Morning
7202,F,Ship,6,1,272,4,medium,M,10,1534,0,18,Morning
7203,A,Ship,5,5,246,5,low,F,6,1911,1,29,Morning
7204,B,Ship,6,2,266,4,medium,M,3,1090,1,50,Night
7205,C,Ship,5,4,252,5,low,F,10,1015,0,46,Afternoon
7206,F,Ship,6,5,254,4,low,F,2,1824,1,16,Night
7207,D,Ship,7,3,305,4,medium,F,3,1426,0,17,Afternoon
7208,F,Ship,6,5,307,4,high,M,3,1406,1,15,Afternoon
7209,A,Ship,6,4,278,5,low,M,5,1180,1,11,Night
7210,B,Ship,6,3,265,5,medium,M,10,1897,1,8,Morning
7211,C,Ship,6,5,248,4,low,F,10,1005,1,42,Morning
7212,F,Ship,7,5,299,4,low,M,4,1052,0,9,Morning
7213,D,Ship,6,2,280,4,low,M,10,1866,0,35,Morning
7214,F,Ship,7,4,247,4,low,F,9,1228,1,26,Afternoon
7215,A,Ship,6,1,273,4,low,M,3,1361,0,41,Afternoon
7216,B,Ship,6,2,254,5,low,M,7,1638,0,10,Night
7217,C,Ship,5,2,246,5,medium,F,9,1876,1,16,Afternoon
7218,F,Ship,7,4,251,5,low,M,3,1433,1,49,Morning
7219,D,Ship,5,5,262,5,low,M,9,1400,1,39,Afternoon
7220,F,Ship,5,1,245,5,low,F,3,1956,0,30,Morning
7221,A,Ship,4,2,273,5,medium,F,8,2000,1,7,Morning
7222,B,Ship,3,1,268,4,medium,F,4,5006,1,18,Morning
7223,C,Ship,4,2,244,5,low,F,7,5337,1,31,Morning
7224,F,Ship,3,3,260,2,low,M,6,5044,1,48,Morning
7225,D,Ship,3,1,271,3,low,M,4,4108,1,41,Morning
7226,F,Ship,5,4,219,2,medium,F,5,4919,0,32,Night
7227,A,Ship,4,1,193,3,medium,F,9,5354,1,27,Afternoon
7228,B,Ship,5,5,149,3,medium,M,9,5979,1,16,Afternoon
7229,C,Ship,3,5,268,2,low,F,4,5909,1,46,Afternoon
7230,F,Ship,3,5,151,2,low,M,3,5039,1,39,Night
7231,D,Ship,4,3,171,2,medium,M,10,5211,1,40,Night
7232,F,Ship,3,3,202,2,medium,F,1,5220,0,42,Afternoon
7233,A,Ship,5,2,174,4,medium,M,8,5627,0,49,Night
7234,B,Ship,4,2,227,3,medium,M,7,4041,1,24,Morning
7235,C,Road,6,3,175,4,low,M,3,4143,1,6,Afternoon
7236,F,Road,3,4,191,3,medium,M,6,4586,0,41,Afternoon
7237,D,Road,4,5,240,3,low,F,5,5734,0,41,Afternoon
7238,F,Road,3,1,238,3,medium,F,6,5092,1,31,Afternoon
7239,A,Road,3,3,99,5,medium,M,9,5470,1,10,Morning
7240,B,Road,3,5,142,3,low,F,2,4619,1,32,Morning
7241,C,Road,4,5,148,3,high,F,6,5473,0,30,Afternoon
7242,F,Road,4,5,129,5,medium,M,7,5554,0,8,Morning
7243,D,Road,6,3,262,6,high,M,5,4506,1,5,Morning
7244,F,Road,4,4,190,2,low,M,2,4460,1,9,Morning
7245,A,Road,5,1,268,5,medium,M,1,4704,1,10,Afternoon
7246,B,Road,3,5,205,4,low,M,2,5294,1,12,Night
7247,C,Road,3,1,186,2,medium,M,3,5818,1,31,Night
7248,F,Road,3,2,185,4,low,F,8,5545,1,4,Night
7249,D,Road,5,4,173,3,low,M,9,5432,1,35,Morning
7250,F,Road,3,2,208,2,high,M,1,4999,1,5,Night
7251,A,Road,5,1,177,2,medium,M,9,4881,1,20,Night
7252,B,Road,3,1,190,3,low,F,1,5065,0,16,Morning
7253,C,Road,5,4,257,3,medium,F,3,4895,0,22,Morning
7254,F,Road,3,4,168,3,medium,M,5,5183,1,24,Afternoon
7255,D,Road,3,2,229,3,low,M,2,4447,0,26,Morning
7256,F,Road,4,1,152,2,high,M,2,5396,1,33,Afternoon
7257,A,Flight,5,4,154,2,medium,M,10,5670,1,23,Afternoon
7258,B,Flight,5,5,239,3,medium,M,8,4975,1,19,Morning
7259,C,Flight,3,5,252,2,low,M,2,4888,0,19,Afternoon
7260,F,Flight,4,4,258,2,medium,F,5,4363,0,2,Afternoon
7261,D,Flight,4,5,184,4,medium,F,3,5430,0,25,Night
7262,F,Flight,4,3,148,5,medium,M,2,4065,0,19,Morning
7263,A,Flight,5,2,240,2,medium,M,4,4447,0,16,Afternoon
7264,B,Flight,6,2,169,2,medium,M,9,5580,1,38,Afternoon
7265,C,Flight,3,4,156,3,medium,M,4,4519,0,2,Night
7266,F,Flight,4,4,264,3,medium,F,9,5555,0,47,Morning
7267,D,Flight,4,5,223,3,medium,M,7,5832,0,8,Afternoon
7268,F,Flight,5,4,233,3,low,M,6,4275,0,32,Night
7269,A,Flight,3,4,230,3,medium,F,7,5891,1,41,Afternoon
7270,B,Flight,2,3,175,6,high,F,6,5341,0,5,Morning
7271,C,Flight,4,3,155,3,high,F,2,4534,1,22,Afternoon
7272,F,Flight,4,2,220,2,medium,M,5,5864,1,9,Night
7273,D,Flight,4,2,283,2,high,F,1,4115,1,48,Night
7274,F,Flight,3,3,239,4,low,F,5,4084,0,23,Afternoon
7275,A,Flight,5,2,248,2,low,F,10,4813,1,24,Morning
7276,B,Flight,4,3,256,3,low,F,4,5068,0,26,Afternoon
7277,C,Flight,4,2,267,2,low,M,7,5746,0,40,Afternoon
7278,F,Flight,3,5,207,4,low,M,10,4092,0,16,Night
7279,D,Ship,3,1,204,4,medium,F,6,5926,0,46,Afternoon
7280,F,Ship,4,4,209,2,medium,F,3,4407,1,46,Night
7281,A,Ship,4,3,183,3,low,M,4,5866,1,43,Morning
7282,B,Ship,2,5,140,4,high,F,2,4636,0,42,Morning
7283,C,Ship,4,3,161,3,high,F,7,4799,0,21,Afternoon
7284,F,Ship,4,3,151,3,medium,F,9,4908,1,47,Night
7285,D,Ship,5,4,257,2,medium,M,10,5095,1,22,Morning
7286,F,Ship,3,4,199,3,medium,F,3,4067,1,13,Night
7287,A,Ship,4,1,191,2,low,F,4,5851,0,35,Night
7288,B,Ship,3,5,236,2,low,M,10,5755,0,8,Morning
7289,C,Ship,4,3,217,3,medium,F,7,4723,0,22,Afternoon
7290,F,Ship,5,3,202,2,low,F,6,5716,1,47,Afternoon
7291,D,Ship,3,4,246,3,high,F,1,4273,0,23,Afternoon
7292,F,Ship,4,4,194,4,low,F,10,5024,1,40,Afternoon
7293,A,Ship,3,2,221,2,medium,M,10,4715,0,40,Morning
7294,B,Ship,4,4,231,5,low,F,6,5482,1,36,Morning
7295,C,Ship,5,5,254,5,low,F,2,4426,1,48,Night
7296,F,Ship,4,3,252,2,low,M,6,5266,0,40,Afternoon
7297,D,Ship,3,5,196,3,high,F,4,4569,1,10,Night
7298,F,Ship,5,5,104,4,high,F,9,5652,1,19,Night
7299,A,Ship,5,5,156,4,low,F,5,5987,0,21,Night
7300,B,Ship,5,4,250,4,low,M,2,4183,1,44,Night
7301,C,Ship,3,4,267,2,low,M,9,5940,1,35,Night
7302,F,Ship,3,2,197,4,medium,M,1,5210,0,12,Night
7303,D,Ship,3,4,227,4,low,F,9,5465,1,11,Afternoon
7304,F,Ship,5,1,248,3,low,F,2,4075,1,29,Night
7305,A,Ship,3,3,274,3,medium,M,3,5157,1,44,Afternoon
7306,B,Ship,6,1,232,6,low,M,4,5877,1,1,Night
7307,C,Ship,3,2,181,3,low,M,4,5966,0,43,Morning
7308,F,Ship,2,5,101,3,low,M,10,4353,1,25,Afternoon
7309,D,Ship,4,4,161,2,medium,F,8,4348,0,44,Afternoon
7310,F,Ship,4,2,268,2,medium,F,8,4219,1,29,Afternoon
7311,A,Ship,4,4,218,4,medium,F,10,4967,1,13,Morning
7312,B,Ship,3,2,192,3,low,M,1,4308,0,34,Afternoon
7313,C,Ship,2,3,197,2,medium,F,2,4277,1,21,Afternoon
7314,F,Ship,4,4,253,2,medium,F,5,5624,1,46,Night
7315,D,Ship,3,1,183,4,low,M,5,5326,1,9,Night
7316,F,Ship,3,5,177,4,high,M,9,5311,1,40,Afternoon
7317,A,Ship,5,1,241,3,low,F,7,5134,0,15,Morning
7318,B,Ship,3,5,180,4,low,F,9,5105,0,22,Afternoon
7319,C,Ship,5,2,158,3,medium,M,2,5221,1,48,Night
7320,F,Ship,4,1,209,3,low,F,7,4808,0,21,Morning
7321,D,Ship,5,4,273,6,medium,F,7,4058,0,24,Afternoon
7322,F,Ship,6,2,226,4,high,F,7,5600,1,33,Morning
7323,A,Ship,4,3,178,3,medium,M,6,4576,1,41,Night
7324,B,Ship,5,1,151,6,medium,M,2,4529,1,32,Afternoon
7325,C,Ship,3,1,212,2,medium,M,7,5022,1,28,Morning
7326,F,Ship,3,2,239,4,medium,F,10,4410,1,1,Morning
7327,D,Ship,5,3,257,5,medium,M,5,4183,1,19,Morning
7328,F,Ship,3,3,165,2,low,M,8,5813,1,6,Night
7329,A,Ship,4,3,183,2,medium,F,8,5690,0,13,Afternoon
7330,B,Ship,4,5,135,3,low,M,1,5013,1,25,Night
7331,C,Ship,4,1,200,3,low,M,5,4686,1,10,Night
7332,F,Ship,4,2,162,4,medium,M,7,5294,1,2,Afternoon
7333,D,Ship,3,3,218,3,medium,M,6,5288,0,42,Night
7334,F,Ship,3,4,158,2,medium,M,7,4744,1,14,Afternoon
7335,A,Ship,4,2,213,3,medium,M,8,5214,0,13,Night
7336,B,Ship,3,1,215,2,medium,F,9,4940,1,49,Afternoon
7337,C,Ship,3,3,268,2,high,F,5,5195,1,37,Morning
7338,F,Ship,3,1,207,4,low,M,9,4252,1,9,Morning
7339,D,Ship,2,5,270,6,medium,F,1,5675,1,21,Afternoon
7340,F,Ship,5,2,245,2,low,M,6,5366,0,50,Morning
7341,A,Ship,4,2,154,2,medium,F,6,4705,0,26,Afternoon
7342,B,Ship,3,1,155,3,medium,F,2,5446,1,11,Night
7343,C,Ship,4,4,238,3,low,F,7,4709,1,40,Afternoon
7344,F,Ship,3,2,151,2,medium,M,1,5179,1,37,Afternoon
7345,D,Ship,3,4,185,2,low,M,4,5926,1,24,Morning
7346,F,Ship,4,3,171,3,medium,F,8,4826,1,50,Night
7347,A,Ship,3,2,206,2,low,F,7,4185,0,10,Morning
7348,B,Ship,3,3,232,2,low,M,5,4255,0,33,Morning
7349,C,Ship,4,2,187,2,medium,F,7,5524,0,21,Afternoon
7350,F,Ship,4,4,209,3,medium,M,8,5884,0,7,Afternoon
7351,D,Ship,4,2,262,3,low,M,2,4015,1,46,Afternoon
7352,F,Ship,3,2,154,3,low,F,6,5540,0,43,Afternoon
7353,A,Ship,5,1,163,3,medium,F,1,5194,1,26,Morning
7354,B,Ship,4,1,257,2,low,M,7,4869,1,44,Afternoon
7355,C,Ship,3,5,265,4,low,F,8,5087,0,6,Morning
7356,F,Ship,3,2,220,3,low,F,7,5503,1,46,Night
7357,D,Ship,3,1,201,3,low,F,6,4953,1,21,Night
7358,F,Ship,2,4,268,4,low,M,5,4400,0,5,Morning
7359,A,Ship,4,1,139,3,medium,M,7,4550,1,5,Night
7360,B,Ship,3,5,241,4,low,F,3,5051,1,24,Night
7361,C,Ship,4,4,145,3,high,M,2,5665,1,2,Morning
7362,F,Ship,4,3,157,3,medium,M,9,4990,1,49,Afternoon
7363,D,Ship,4,3,203,2,medium,F,7,4185,1,7,Afternoon
7364,F,Ship,4,4,163,3,medium,M,7,4463,1,3,Morning
7365,A,Ship,4,1,263,2,low,F,5,4010,0,42,Afternoon
7366,B,Ship,5,5,258,4,high,F,5,4562,1,21,Night
7367,C,Ship,5,3,251,3,medium,F,8,4228,0,14,Afternoon
7368,F,Ship,3,4,140,6,low,M,9,4558,1,22,Morning
7369,D,Ship,4,1,179,4,medium,F,2,4071,0,6,Night
7370,F,Ship,5,4,211,2,medium,F,7,4734,1,33,Afternoon
7371,A,Ship,3,1,271,2,medium,F,7,4569,1,13,Morning
7372,B,Road,4,4,181,3,medium,M,1,5444,1,50,Morning
7373,C,Road,2,1,130,4,medium,F,10,4726,1,16,Afternoon
7374,F,Road,5,4,264,3,high,M,9,5841,0,12,Night
7375,D,Road,4,2,221,3,low,F,7,4856,1,31,Morning
7376,F,Road,3,1,194,2,medium,F,1,5931,1,13,Night
7377,A,Road,3,1,201,2,medium,F,4,4857,0,36,Night
7378,B,Road,3,5,166,2,medium,M,6,4523,0,39,Afternoon
7379,C,Road,5,4,254,2,low,M,9,5658,0,9,Morning
7380,F,Road,4,3,144,3,low,F,7,5496,1,7,Morning
7381,D,Road,5,2,171,2,low,M,6,4236,1,11,Night
7382,F,Road,6,4,240,3,low,F,9,4986,0,44,Morning
7383,A,Road,6,3,232,5,high,M,10,4576,0,28,Night
7384,B,Road,5,4,145,6,medium,M,6,4403,1,48,Morning
7385,C,Road,3,3,275,4,medium,M,2,4086,0,33,Morning
7386,F,Road,3,1,146,10,low,F,5,4032,0,16,Night
7387,D,Road,5,5,207,2,high,M,8,5066,0,30,Afternoon
7388,F,Road,4,1,157,7,low,F,7,4385,1,10,Night
7389,A,Road,4,2,146,8,low,M,7,5245,0,44,Night
7390,B,Road,4,1,139,8,medium,M,6,5667,0,18,Morning
7391,C,Road,3,5,223,7,high,M,8,4178,0,30,Afternoon
7392,F,Road,5,2,224,2,medium,F,10,5674,1,15,Morning
7393,D,Road,5,3,174,3,medium,F,6,5064,0,16,Morning
7394,F,Flight,4,5,152,7,low,M,9,4224,1,3,Night
7395,A,Flight,4,2,223,5,medium,F,3,4480,1,3,Morning
7396,B,Flight,5,2,223,5,low,F,5,1010,0,3,Night
7397,C,Flight,4,2,239,5,low,F,10,1429,1,35,Afternoon
7398,F,Flight,4,2,246,6,low,M,5,1622,1,1,Afternoon
7399,D,Flight,7,3,295,4,low,F,9,1235,1,30,Morning
7400,F,Flight,6,5,305,4,low,F,7,1099,0,24,Afternoon
7401,A,Flight,3,4,177,4,medium,M,5,1854,1,20,Night
7402,B,Flight,5,4,257,5,low,F,1,1778,0,39,Night
7403,C,Flight,6,3,306,4,low,F,5,1490,0,9,Night
7404,F,Flight,4,3,226,6,medium,M,10,1174,1,38,Morning
7405,D,Flight,4,1,228,5,low,F,6,1727,0,19,Afternoon
7406,F,Flight,5,3,225,5,low,F,6,1082,1,45,Morning
7407,A,Flight,7,5,289,4,low,M,10,1385,1,46,Morning
7408,B,Flight,5,1,261,5,low,F,10,1713,1,44,Afternoon
7409,C,Flight,5,2,255,5,medium,M,4,1634,1,12,Night
7410,F,Flight,5,4,266,5,medium,M,8,1592,0,18,Afternoon
7411,D,Flight,6,4,290,4,low,F,3,1544,0,39,Night
7412,F,Flight,4,3,235,5,low,F,4,1839,0,9,Afternoon
7413,A,Flight,6,5,250,4,low,M,8,1689,1,12,Afternoon
7414,B,Flight,5,4,245,5,low,F,5,1293,0,27,Morning
7415,C,Flight,6,3,286,4,medium,F,7,1132,0,40,Afternoon
7416,F,Ship,5,4,271,4,low,F,5,1184,0,34,Morning
7417,D,Ship,4,1,242,6,low,M,4,1791,0,41,Morning
7418,F,Ship,7,5,282,5,low,M,7,1260,0,27,Morning
7419,A,Ship,4,4,254,5,low,M,9,1654,0,43,Night
7420,B,Ship,5,5,242,5,medium,M,3,1444,0,14,Morning
7421,C,Ship,5,4,263,4,low,F,10,1995,1,47,Afternoon
7422,F,Ship,7,5,278,4,low,M,1,1210,1,24,Afternoon
7423,D,Ship,6,1,255,4,low,M,9,1575,1,6,Afternoon
7424,F,Ship,4,2,184,3,low,M,3,1705,0,42,Morning
7425,A,Ship,6,2,257,4,medium,M,2,1012,1,3,Morning
7426,B,Ship,3,2,214,2,medium,M,7,1693,1,18,Night
7427,C,Ship,2,3,130,4,medium,M,10,4363,1,23,Night
7428,F,Ship,5,5,264,3,high,F,3,5835,0,42,Night
7429,D,Ship,4,2,221,3,low,M,10,4126,1,39,Night
7430,F,Ship,3,5,194,2,medium,F,7,4809,1,30,Afternoon
7431,A,Ship,3,5,201,2,medium,M,2,4440,1,12,Morning
7432,B,Ship,3,2,166,2,medium,M,6,4765,1,28,Afternoon
7433,C,Ship,5,2,254,2,low,F,5,4985,0,30,Night
7434,F,Ship,4,4,144,3,low,F,7,5351,0,32,Afternoon
7435,D,Ship,5,1,171,2,low,M,9,5252,1,42,Night
7436,F,Ship,6,5,240,3,low,M,4,5219,0,34,Morning
7437,A,Ship,6,1,232,5,high,M,10,4345,1,3,Afternoon
7438,B,Ship,5,2,145,6,medium,M,9,4243,1,43,Night
7439,C,Ship,3,5,275,4,medium,M,10,5066,1,50,Night
7440,F,Ship,3,5,146,10,low,M,9,4128,1,19,Afternoon
7441,D,Ship,5,1,207,2,high,M,3,4083,1,13,Night
7442,F,Ship,4,3,157,7,low,F,3,4878,0,5,Night
7443,A,Ship,4,1,146,8,low,M,7,4576,1,11,Night
7444,B,Ship,4,2,139,8,medium,F,2,5012,0,23,Afternoon
7445,C,Ship,3,1,223,7,high,M,5,4439,0,9,Night
7446,F,Ship,5,3,224,2,medium,M,1,5603,1,47,Morning
7447,D,Ship,5,2,174,3,medium,F,10,4902,0,47,Night
7448,F,Ship,4,1,152,7,low,F,5,5325,0,30,Morning
7449,A,Ship,4,5,223,5,medium,M,4,4704,1,25,Night
7450,B,Ship,5,2,223,5,low,M,2,1232,0,9,Morning
7451,C,Ship,4,4,239,5,low,M,6,1986,0,13,Afternoon
7452,F,Ship,4,1,246,6,low,M,4,1489,1,36,Night
7453,D,Ship,7,4,295,4,low,F,10,1217,0,44,Night
7454,F,Ship,6,5,305,4,low,F,6,1787,0,19,Morning
7455,A,Ship,3,3,177,4,medium,F,4,1560,0,18,Morning
7456,B,Ship,5,3,257,5,low,F,8,1409,1,44,Morning
7457,C,Ship,6,4,306,4,low,F,5,1703,0,35,Night
7458,F,Ship,4,5,226,6,medium,F,10,1348,0,16,Afternoon
7459,D,Ship,4,4,228,5,low,M,6,1853,0,37,Afternoon
7460,F,Ship,5,5,225,5,low,F,9,1646,0,33,Morning
7461,A,Ship,7,2,289,4,low,M,5,1918,0,46,Afternoon
7462,B,Ship,5,1,261,5,low,M,5,1837,0,13,Morning
7463,C,Ship,5,1,255,5,medium,M,9,1156,0,35,Morning
7464,F,Ship,5,5,266,5,medium,M,7,1440,1,21,Night
7465,D,Ship,6,5,290,4,low,M,6,1929,1,19,Afternoon
7466,F,Ship,4,1,235,5,low,M,9,1821,0,38,Afternoon
7467,A,Ship,6,4,250,4,low,M,2,1969,0,21,Afternoon
7468,B,Ship,5,1,245,5,low,F,5,1996,0,31,Night
7469,C,Ship,6,1,286,4,medium,M,1,1636,1,41,Morning
7470,F,Ship,5,5,271,4,low,M,8,1132,0,16,Afternoon
7471,D,Ship,4,1,242,6,low,M,8,1419,0,26,Afternoon
7472,F,Ship,7,2,282,5,low,M,6,1744,0,33,Afternoon
7473,A,Ship,4,4,254,5,low,M,2,1573,0,36,Night
7474,B,Ship,5,4,242,5,medium,M,1,1824,0,3,Afternoon
7475,C,Ship,5,4,263,4,low,F,2,1625,1,9,Night
7476,F,Ship,5,3,246,5,medium,M,4,1257,0,30,Morning
7477,D,Ship,7,3,251,5,low,F,8,1616,0,43,Morning
7478,F,Ship,5,2,262,5,low,M,4,1509,0,40,Night
7479,A,Ship,5,5,245,5,low,F,1,1924,0,46,Morning
7480,B,Ship,4,5,273,5,medium,F,7,1409,1,44,Afternoon
7481,C,Ship,7,2,272,4,medium,M,9,1188,0,43,Morning
7482,F,Ship,5,5,269,5,low,M,4,1454,1,49,Night
7483,D,Ship,4,2,263,5,low,F,5,1874,1,43,Night
7484,F,Ship,6,4,284,4,low,M,7,1584,1,1,Afternoon
7485,A,Ship,5,2,232,5,medium,F,10,1916,1,46,Night
7486,B,Ship,6,2,219,5,low,F,9,1071,1,43,Morning
7487,C,Ship,4,2,206,4,medium,F,5,1679,1,1,Morning
7488,F,Ship,5,1,242,5,medium,M,8,1382,0,36,Afternoon
7489,D,Ship,5,5,250,4,medium,F,8,1247,0,36,Afternoon
7490,F,Ship,7,3,267,4,medium,M,8,1892,0,19,Night
7491,A,Ship,6,4,269,4,medium,F,1,1872,1,34,Night
7492,B,Ship,4,2,248,6,low,M,1,1415,0,2,Night
7493,C,Ship,3,3,154,4,medium,F,7,1915,1,10,Morning
7494,F,Ship,3,3,239,3,low,F,4,1399,1,16,Night
7495,D,Ship,4,5,269,5,low,F,3,1118,1,41,Night
7496,F,Ship,4,1,239,5,low,F,8,1048,1,6,Afternoon
7497,A,Ship,5,5,237,5,low,F,1,1526,1,27,Afternoon
7498,B,Ship,5,4,231,6,medium,F,3,1075,1,47,Afternoon
7499,C,Ship,5,5,249,5,medium,M,5,1662,0,10,Morning
7500,F,Ship,5,5,262,6,low,F,5,1418,0,23,Night
7501,D,Ship,7,2,300,4,medium,F,10,1179,1,44,Night
7502,F,Ship,7,1,265,4,medium,F,3,1357,0,27,Night
7503,A,Ship,5,1,270,5,high,F,6,1836,0,49,Morning
7504,B,Ship,4,2,265,5,low,M,8,1555,1,41,Night
7505,C,Ship,6,2,263,4,low,F,1,1258,0,37,Night
7506,F,Ship,7,3,305,4,low,F,3,1872,1,10,Morning
7507,D,Ship,7,5,253,4,low,F,6,1344,0,40,Morning
7508,F,Ship,5,2,248,5,medium,F,9,1973,1,16,Morning
7509,A,Road,6,4,290,4,low,M,3,1710,1,34,Night
7510,B,Road,5,4,239,5,low,F,10,1042,0,22,Morning
7511,C,Road,7,1,282,4,low,F,2,1566,1,20,Morning
7512,F,Road,7,5,275,4,low,F,3,1107,1,26,Morning
7513,D,Road,5,2,268,5,medium,F,5,1876,0,4,Afternoon
7514,F,Road,6,1,253,4,low,M,10,1962,1,18,Afternoon
7515,A,Road,6,2,294,4,medium,M,10,1148,1,36,Night
7516,B,Road,5,5,240,5,medium,M,7,1255,1,33,Night
7517,C,Road,5,4,228,5,low,M,5,1844,1,21,Afternoon
7518,F,Road,3,1,179,2,low,M,3,5159,0,22,Morning
7519,D,Road,6,2,260,3,low,M,2,4071,1,2,Morning
7520,F,Road,4,4,155,3,low,F,2,4094,0,49,Afternoon
7521,A,Road,3,5,204,2,low,M,1,4133,1,34,Afternoon
7522,B,Road,2,2,247,3,medium,F,9,4284,0,10,Night
7523,C,Road,4,3,213,3,medium,M,7,5947,1,44,Morning
7524,F,Road,4,1,252,3,low,M,4,5119,0,15,Afternoon
7525,D,Road,4,3,165,2,medium,M,10,4351,1,9,Night
7526,F,Road,4,3,174,3,low,F,3,4846,0,1,Morning
7527,A,Road,3,3,157,3,low,F,6,5187,1,13,Night
7528,B,Road,4,2,177,3,low,F,4,4550,1,3,Night
7529,C,Road,3,3,140,2,low,F,3,5713,1,7,Afternoon
7530,F,Road,5,2,204,5,low,M,3,5723,0,9,Night
7531,D,Flight,3,4,174,3,low,F,10,4998,0,26,Morning
7532,F,Flight,4,4,148,2,low,M,4,5437,1,15,Morning
7533,A,Flight,3,1,166,5,low,F,8,4759,0,17,Morning
7534,B,Flight,5,2,232,3,low,M,5,5607,0,33,Morning
7535,C,Flight,4,2,191,4,low,M,7,5507,0,8,Morning
7536,F,Flight,4,2,270,3,medium,F,4,5566,1,36,Afternoon
7537,D,Flight,2,5,263,4,medium,F,4,4042,0,40,Night
7538,F,Flight,3,1,214,2,low,F,3,5595,0,31,Night
7539,A,Flight,3,1,153,3,low,M,9,4404,1,46,Afternoon
7540,B,Flight,6,3,218,3,low,M,6,4594,1,2,Morning
7541,C,Flight,5,5,201,3,medium,F,10,5121,0,41,Night
7542,F,Flight,4,4,265,3,low,M,9,5508,1,18,Afternoon
7543,D,Flight,6,3,226,3,high,F,4,4604,0,8,Afternoon
7544,F,Flight,4,4,155,3,medium,M,6,5033,0,9,Afternoon
7545,A,Flight,5,2,146,3,low,F,7,4524,0,16,Morning
7546,B,Flight,3,1,177,3,low,F,9,4890,0,29,Morning
7547,C,Flight,5,5,171,3,medium,F,6,4209,0,3,Morning
7548,F,Flight,4,2,149,2,low,M,2,4026,0,41,Night
7549,D,Flight,5,2,268,3,medium,M,8,5385,0,5,Morning
7550,F,Flight,3,2,150,3,high,M,2,5502,1,8,Afternoon
7551,A,Flight,3,3,217,2,high,F,9,5554,0,30,Afternoon
7552,B,Flight,4,1,205,2,low,M,10,4086,1,46,Morning
7553,C,Ship,4,2,220,2,low,F,6,5543,1,19,Afternoon
7554,F,Ship,3,3,168,2,low,F,10,4583,0,44,Night
7555,D,Ship,5,5,203,5,medium,M,1,5356,0,31,Afternoon
7556,F,Ship,3,4,235,2,medium,M,7,4013,0,28,Morning
7557,A,Ship,3,3,261,3,medium,M,4,5482,0,16,Night
7558,B,Ship,4,3,266,3,high,F,2,5298,1,20,Night
7559,C,Ship,5,4,154,5,low,M,6,5659,0,27,Morning
7560,F,Ship,4,1,268,4,medium,F,2,4543,1,46,Morning
7561,D,Ship,2,2,169,3,medium,F,4,5485,0,4,Morning
7562,F,Ship,3,3,165,4,medium,M,2,4176,0,32,Night
7563,A,Ship,4,4,171,2,low,M,7,5190,0,31,Afternoon
7564,B,Ship,4,5,275,5,low,F,6,4450,1,7,Afternoon
7565,C,Ship,3,4,184,3,low,M,7,5438,1,47,Morning
7566,F,Ship,4,2,236,3,low,M,4,4800,1,3,Afternoon
7567,D,Ship,4,3,261,4,medium,M,9,5116,0,31,Night
7568,F,Ship,3,1,251,2,low,F,7,5368,0,34,Morning
7569,A,Ship,3,3,202,4,low,F,3,4003,0,50,Night
7570,B,Ship,4,1,155,3,low,F,4,4397,1,36,Morning
7571,C,Ship,3,3,157,4,low,F,2,5715,0,13,Night
7572,F,Ship,4,1,191,3,low,M,2,5189,1,31,Afternoon
7573,D,Ship,3,5,194,3,low,M,6,4295,0,21,Morning
7574,F,Ship,3,5,154,2,medium,M,6,4675,0,13,Night
7575,A,Ship,3,5,270,3,medium,M,5,4843,0,48,Night
7576,B,Ship,4,4,259,3,low,F,8,4223,0,49,Night
7577,C,Ship,5,3,156,4,low,F,9,4098,1,32,Night
7578,F,Ship,5,3,236,4,medium,M,7,4308,1,7,Night
7579,D,Ship,4,4,188,3,low,M,7,5720,1,6,Morning
7580,F,Ship,6,3,183,4,medium,M,3,4842,1,44,Night
7581,A,Ship,4,4,149,3,medium,M,6,5508,1,2,Afternoon
7582,B,Ship,5,4,199,4,low,F,7,5740,1,13,Night
7583,C,Ship,4,4,245,2,low,F,2,4297,0,3,Afternoon
7584,F,Ship,3,2,158,3,medium,F,1,5438,1,24,Night
7585,D,Ship,3,5,146,5,low,F,3,5489,1,43,Night
7586,F,Ship,5,5,260,3,medium,M,8,4586,0,12,Night
7587,A,Ship,5,1,238,6,medium,M,10,5508,1,18,Afternoon
7588,B,Ship,4,1,201,6,medium,F,8,5529,1,6,Afternoon
7589,C,Ship,3,1,220,4,medium,M,7,5894,0,12,Afternoon
7590,F,Ship,4,4,172,4,medium,M,7,4834,1,41,Morning
7591,D,Ship,4,2,274,3,medium,F,7,4477,0,43,Morning
7592,F,Ship,5,2,169,3,medium,M,3,5692,1,27,Night
7593,A,Ship,5,1,256,2,medium,F,1,5352,0,20,Afternoon
7594,B,Ship,5,3,150,4,medium,F,1,5211,1,25,Morning
7595,C,Ship,3,3,176,3,low,F,10,5284,0,37,Night
7596,F,Ship,5,2,269,2,medium,F,9,5672,1,10,Night
7597,D,Ship,3,5,224,2,low,F,10,4380,0,33,Morning
7598,F,Ship,5,4,201,3,low,F,5,5137,1,29,Night
7599,A,Ship,3,1,179,2,medium,M,2,4085,1,30,Morning
7600,B,Ship,5,3,245,4,low,M,1,5743,1,7,Afternoon
7601,C,Ship,4,3,139,2,high,F,2,4041,0,16,Morning
7602,F,Ship,3,3,261,4,medium,F,4,4307,0,6,Night
7603,D,Ship,4,3,147,3,medium,M,1,5454,1,17,Night
7604,F,Ship,4,1,240,4,medium,M,7,4818,0,40,Morning
7605,A,Ship,3,5,224,3,low,M,6,5115,1,38,Morning
7606,B,Ship,3,1,236,3,low,M,2,4298,1,34,Night
7607,C,Ship,5,2,173,3,low,M,8,4797,0,18,Afternoon
7608,F,Ship,3,3,201,2,low,F,2,5361,1,22,Morning
7609,D,Ship,5,5,140,3,high,F,7,4799,0,13,Night
7610,F,Ship,3,3,203,3,high,M,3,5440,1,47,Night
7611,A,Ship,3,4,173,3,low,F,8,5979,1,43,Night
7612,B,Ship,3,2,198,4,medium,F,4,4564,1,16,Afternoon
7613,C,Ship,4,2,273,3,low,M,2,5712,1,45,Afternoon
7614,F,Ship,5,4,131,6,low,M,8,4005,0,7,Night
7615,D,Ship,5,3,178,4,medium,M,10,5382,0,28,Morning
7616,F,Ship,4,4,175,3,low,M,8,5944,0,50,Morning
7617,A,Ship,4,5,145,2,low,F,2,4686,0,46,Morning
7618,B,Ship,5,1,256,4,medium,F,5,4970,0,36,Afternoon
7619,C,Ship,4,2,175,6,low,F,5,5445,0,44,Morning
7620,F,Ship,4,4,170,4,low,M,5,4574,1,46,Afternoon
7621,D,Ship,2,3,206,4,medium,F,2,5443,1,37,Morning
7622,F,Ship,3,4,145,4,high,M,4,5801,1,20,Night
7623,A,Ship,3,5,266,2,high,F,3,5195,1,15,Afternoon
7624,B,Ship,5,5,183,3,medium,F,3,4071,0,33,Afternoon
7625,C,Ship,5,1,210,2,low,M,2,4079,0,26,Morning
7626,F,Ship,5,1,134,2,low,F,7,5610,1,22,Afternoon
7627,D,Ship,3,3,223,3,low,M,10,5243,0,24,Afternoon
7628,F,Ship,5,5,223,3,low,M,5,4373,0,10,Afternoon
7629,A,Ship,4,4,255,3,high,F,3,5616,1,31,Night
7630,B,Ship,4,1,270,3,low,F,6,5212,1,30,Afternoon
7631,C,Ship,4,2,260,2,low,M,7,5684,1,29,Afternoon
7632,F,Ship,5,4,225,2,low,M,8,4725,1,17,Afternoon
7633,D,Ship,4,1,237,4,low,F,4,4697,0,39,Night
7634,F,Ship,4,5,111,4,medium,M,7,5988,0,20,Afternoon
7635,A,Ship,5,1,230,4,medium,M,4,5363,1,33,Night
7636,B,Ship,2,4,193,2,low,F,5,5706,1,18,Morning
7637,C,Ship,3,4,162,4,medium,M,10,4235,1,34,Morning
7638,F,Ship,3,4,195,4,low,M,3,4743,1,44,Night
7639,D,Ship,5,2,123,5,low,F,4,5284,1,46,Afternoon
7640,F,Ship,4,3,248,2,medium,F,10,5211,1,20,Night
7641,A,Ship,4,1,151,3,low,F,4,5610,0,7,Afternoon
7642,B,Ship,4,3,252,4,low,M,2,5226,1,5,Afternoon
7643,C,Ship,5,2,134,4,low,M,5,5090,1,16,Night
7644,F,Ship,3,2,189,2,medium,F,4,4160,1,44,Night
7645,D,Ship,3,4,159,2,medium,F,6,4990,0,29,Afternoon
7646,F,Road,4,2,173,3,medium,M,6,4963,1,37,Morning
7647,A,Road,5,5,254,2,medium,M,6,4934,1,39,Morning
7648,B,Road,5,3,241,2,medium,M,5,5666,1,39,Night
7649,C,Road,4,4,262,2,medium,M,1,4357,1,37,Night
7650,F,Road,5,1,265,4,low,F,2,5416,0,41,Afternoon
7651,D,Road,6,4,201,4,low,F,8,5355,0,24,Afternoon
7652,F,Road,5,2,233,4,medium,F,9,5539,1,46,Afternoon
7653,A,Road,3,1,164,10,medium,F,6,5603,1,14,Morning
7654,B,Road,4,5,180,2,medium,M,1,5622,1,4,Afternoon
7655,C,Road,3,4,199,3,medium,M,1,4490,0,8,Afternoon
7656,F,Road,4,3,140,8,medium,M,8,4065,0,31,Morning
7657,D,Road,4,5,140,2,medium,F,5,4347,0,24,Afternoon
7658,F,Road,5,2,146,7,low,F,9,5631,1,9,Afternoon
7659,A,Road,5,3,216,10,medium,M,4,4409,0,41,Morning
7660,B,Road,3,5,159,2,high,F,9,4099,0,24,Night
7661,C,Road,4,4,222,3,medium,M,4,5857,1,29,Morning
7662,F,Road,4,3,240,8,medium,M,8,4319,0,41,Night
7663,D,Road,3,3,189,3,high,M,9,4278,0,22,Afternoon
7664,F,Road,3,1,252,2,low,M,9,5050,1,34,Night
7665,A,Road,2,2,149,4,medium,M,7,4598,1,34,Morning
7666,B,Road,5,4,199,5,medium,F,6,4417,0,27,Morning
7667,C,Road,4,5,244,3,low,F,7,4172,1,43,Afternoon
7668,F,Flight,7,2,272,4,medium,F,8,1816,1,46,Afternoon
7669,D,Flight,5,3,269,5,low,F,3,1667,0,14,Afternoon
7670,F,Flight,4,1,263,5,low,F,8,1257,1,24,Afternoon
7671,A,Flight,6,4,284,4,low,F,9,1436,1,30,Morning
7672,B,Flight,5,5,232,5,medium,F,6,1246,1,21,Night
7673,C,Flight,6,5,219,5,low,F,2,1475,0,18,Morning
7674,F,Flight,4,5,206,4,medium,F,1,1593,1,26,Afternoon
7675,D,Flight,5,4,242,5,medium,F,2,1717,0,8,Night
7676,F,Flight,5,1,250,4,medium,M,4,1438,1,48,Afternoon
7677,A,Flight,7,4,267,4,medium,F,9,1378,0,9,Morning
7678,B,Flight,6,3,269,4,medium,F,3,1022,1,22,Night
7679,C,Flight,3,2,189,2,medium,F,3,4617,1,7,Night
7680,F,Flight,3,1,159,2,medium,F,3,5691,1,12,Morning
7681,D,Flight,4,3,173,3,medium,F,2,4351,1,16,Morning
7682,F,Flight,5,3,254,2,medium,F,5,4764,0,2,Night
7683,A,Flight,5,2,241,2,medium,M,9,4965,1,44,Morning
7684,B,Flight,4,3,262,2,medium,F,3,4064,0,29,Afternoon
7685,C,Flight,5,2,265,4,low,F,7,4883,1,38,Afternoon
7686,F,Flight,6,1,201,4,low,F,5,4592,0,2,Afternoon
7687,D,Flight,5,4,233,4,medium,M,1,4255,0,48,Afternoon
7688,F,Flight,3,4,164,10,medium,F,10,4134,1,50,Morning
7689,A,Flight,4,2,180,2,medium,F,10,5666,0,41,Night
7690,B,Ship,3,2,199,3,medium,F,8,4164,0,9,Afternoon
7691,C,Ship,4,4,140,8,medium,F,2,5481,1,3,Morning
7692,F,Ship,4,3,140,2,medium,F,2,5042,1,22,Night
7693,D,Ship,5,2,146,7,low,M,7,5204,1,1,Morning
7694,F,Ship,5,1,216,10,medium,F,2,5672,1,15,Afternoon
7695,A,Ship,3,5,159,2,high,F,6,4295,1,19,Afternoon
7696,B,Ship,4,4,222,3,medium,F,6,4199,0,19,Afternoon
7697,C,Ship,4,1,240,8,medium,M,1,4638,1,43,Morning
7698,F,Ship,3,2,189,3,high,M,1,4997,0,17,Night
7699,D,Ship,3,4,252,2,low,M,6,4630,0,25,Afternoon
7700,F,Ship,2,1,149,4,medium,F,7,5434,1,25,Morning
7701,A,Ship,5,4,199,5,medium,M,6,5210,0,22,Morning
7702,B,Ship,4,3,244,3,low,M,7,4761,1,34,Morning
7703,C,Ship,7,3,272,4,medium,M,2,1754,1,5,Night
7704,F,Ship,5,5,269,5,low,F,6,1630,1,39,Afternoon
7705,D,Ship,4,1,263,5,low,M,1,1605,0,15,Afternoon
7706,F,Ship,6,4,284,4,low,F,9,1845,0,31,Morning
7707,A,Ship,5,3,232,5,medium,F,2,1057,0,20,Night
7708,B,Ship,6,3,219,5,low,M,9,1483,0,40,Afternoon
7709,C,Ship,4,4,206,4,medium,F,9,1074,0,7,Afternoon
7710,F,Ship,5,3,242,5,medium,F,5,1820,1,38,Afternoon
7711,D,Ship,5,3,250,4,medium,F,4,1111,0,18,Afternoon
7712,F,Ship,7,5,267,4,medium,F,10,1067,1,43,Afternoon
7713,A,Ship,6,2,269,4,medium,F,3,1665,1,28,Morning
7714,B,Ship,5,2,240,5,medium,M,3,1079,1,16,Night
7715,C,Ship,5,2,228,5,low,M,6,1726,0,4,Night
7716,F,Ship,5,5,262,5,low,M,6,1887,0,6,Afternoon
7717,D,Ship,6,2,306,4,low,F,1,1815,0,33,Night
7718,F,Ship,6,5,276,4,low,M,3,1136,1,3,Morning
7719,A,Ship,3,3,183,5,low,F,3,1504,1,49,Afternoon
7720,B,Ship,5,1,239,5,low,M,1,1239,1,49,Morning
7721,C,Ship,7,1,285,4,low,M,2,1516,1,9,Night
7722,F,Ship,5,1,229,6,low,M,9,1883,0,43,Night
7723,D,Ship,7,4,308,5,medium,F,7,1563,0,17,Morning
7724,F,Ship,6,1,293,4,low,F,10,1534,0,24,Afternoon
7725,A,Ship,6,1,247,4,low,F,4,1623,0,9,Night
7726,B,Ship,6,2,260,5,low,F,9,1667,0,1,Afternoon
7727,C,Ship,7,3,308,4,medium,M,6,1113,1,33,Afternoon
7728,F,Ship,5,2,274,6,medium,M,2,1748,0,22,Morning
7729,D,Ship,5,2,236,6,low,F,6,1552,1,14,Morning
7730,F,Ship,7,4,291,4,medium,M,1,1817,0,46,Morning
7731,A,Ship,4,5,247,5,low,M,9,1499,1,16,Afternoon
7732,B,Ship,5,4,217,5,high,F,3,1007,0,7,Night
7733,C,Ship,6,2,246,4,low,M,4,1555,1,48,Night
7734,F,Ship,6,3,301,4,low,F,2,1083,1,22,Night
7735,D,Ship,5,4,259,5,low,F,4,1991,0,37,Morning
7736,F,Ship,4,2,275,5,low,F,6,1438,1,48,Night
7737,A,Ship,6,2,309,4,medium,F,8,1289,0,20,Morning
7738,B,Ship,5,2,232,6,medium,F,3,1540,1,22,Afternoon
7739,C,Ship,6,1,244,4,low,F,7,1007,1,14,Night
7740,F,Ship,4,4,267,5,medium,F,9,1716,0,11,Night
7741,D,Ship,6,1,254,4,low,F,2,1071,1,16,Afternoon
7742,F,Ship,5,2,270,4,medium,M,8,1631,0,19,Afternoon
7743,A,Ship,6,2,301,4,medium,M,10,1747,0,2,Night
7744,B,Ship,4,5,221,5,low,F,5,1608,0,16,Morning
7745,C,Ship,5,3,243,5,low,F,9,1312,0,14,Night
7746,F,Ship,6,4,264,4,low,M,1,1711,0,18,Morning
7747,D,Ship,4,3,228,5,low,F,9,1044,1,35,Afternoon
7748,F,Ship,5,1,262,5,low,F,5,1916,0,9,Morning
7749,A,Ship,4,2,270,5,medium,M,9,1167,1,44,Morning
7750,B,Ship,3,1,131,4,low,M,1,1628,1,48,Night
7751,C,Ship,7,1,257,4,low,M,1,1405,0,34,Morning
7752,F,Ship,4,1,245,5,medium,M,1,1472,1,32,Afternoon
7753,D,Ship,5,5,272,5,medium,F,5,1868,0,25,Afternoon
7754,F,Ship,6,1,284,4,low,F,7,1153,1,2,Morning
7755,A,Ship,7,5,285,4,low,M,6,1591,0,13,Afternoon
7756,B,Ship,6,3,250,4,low,M,9,1618,1,9,Night
7757,C,Ship,7,3,272,4,medium,M,7,1067,0,18,Afternoon
7758,F,Ship,4,3,254,5,low,F,3,1248,1,44,Afternoon
7759,D,Ship,5,4,217,5,low,F,5,1360,0,44,Afternoon
7760,F,Ship,7,5,253,4,low,M,10,1166,0,6,Afternoon
7761,A,Ship,5,1,276,5,low,F,6,1793,1,6,Night
7762,B,Ship,4,1,241,5,low,F,4,1145,1,28,Afternoon
7763,C,Ship,6,2,259,5,medium,M,1,1357,1,47,Morning
7764,F,Ship,6,4,272,4,medium,F,10,1171,0,9,Afternoon
7765,D,Ship,6,1,280,4,medium,M,6,1735,0,45,Afternoon
7766,F,Ship,5,3,257,5,low,M,7,1090,1,11,Night
7767,A,Ship,6,3,282,4,low,M,9,1417,0,32,Morning
7768,B,Ship,6,4,268,4,medium,M,9,1354,0,41,Afternoon
7769,C,Ship,5,3,238,5,high,M,10,1841,0,26,Afternoon
7770,F,Ship,7,4,310,4,low,M,6,1003,0,16,Morning
7771,D,Ship,4,1,187,2,low,M,5,5691,1,19,Night
7772,F,Ship,3,3,167,4,medium,M,1,5301,1,20,Morning
7773,A,Ship,4,3,197,4,medium,M,9,4429,1,40,Night
7774,B,Ship,6,1,214,2,low,M,5,4708,1,49,Night
7775,C,Ship,4,2,174,2,low,F,8,4295,1,46,Morning
7776,F,Ship,4,5,239,3,medium,M,1,5482,0,48,Afternoon
7777,D,Ship,5,1,249,3,low,F,8,5940,1,26,Morning
7778,F,Ship,5,3,141,3,low,M,2,4124,0,3,Afternoon
7779,A,Ship,5,2,179,3,medium,M,5,4325,0,4,Morning
7780,B,Ship,3,1,253,3,high,M,8,5030,0,11,Night
7781,C,Ship,2,3,219,4,low,F,9,4086,1,50,Morning
7782,F,Ship,4,1,249,6,medium,M,2,5720,0,30,Night
7783,D,Road,3,3,196,3,low,M,9,4431,1,26,Morning
7784,F,Road,6,5,244,3,low,M,9,5634,1,17,Morning
7785,A,Road,4,2,144,3,low,M,2,4264,1,28,Morning
7786,B,Road,4,3,240,3,medium,M,6,4964,1,37,Night
7787,C,Road,5,4,222,3,low,M,1,4834,0,9,Morning
7788,F,Road,4,4,246,3,medium,M,5,5029,0,18,Night
7789,D,Road,6,1,188,5,low,M,4,4887,1,29,Afternoon
7790,F,Road,3,3,153,3,low,F,3,4829,1,15,Night
7791,A,Road,3,1,151,2,low,F,7,4437,1,50,Afternoon
7792,B,Road,4,1,237,3,medium,F,8,5668,0,46,Afternoon
7793,C,Road,3,1,194,3,medium,F,4,5383,0,19,Morning
7794,F,Road,3,5,241,3,low,F,5,4861,0,21,Morning
7795,D,Road,4,2,209,2,medium,M,3,5607,1,26,Afternoon
7796,F,Road,3,1,160,2,low,F,10,5642,0,29,Morning
7797,A,Road,4,4,251,2,low,M,2,4800,1,12,Morning
7798,B,Road,5,3,193,4,medium,F,3,5026,1,33,Night
7799,C,Road,4,4,169,3,medium,M,5,5743,1,44,Morning
7800,F,Road,3,5,234,2,medium,F,1,4455,0,46,Afternoon
7801,D,Road,4,5,192,2,high,F,4,4518,1,30,Afternoon
7802,F,Road,2,5,160,4,low,F,7,5754,1,23,Night
7803,A,Road,5,3,201,2,low,F,1,4548,0,9,Afternoon
7804,B,Road,4,1,260,3,low,M,9,4239,1,18,Night
7805,C,Flight,3,3,244,4,medium,M,10,5181,1,10,Afternoon
7806,F,Flight,3,2,219,6,low,F,9,5263,0,5,Night
7807,D,Flight,4,2,219,4,high,F,2,4422,0,10,Morning
7808,F,Flight,3,5,175,3,high,F,6,5150,1,46,Night
7809,A,Flight,4,2,196,3,medium,F,2,4474,1,27,Night
7810,B,Flight,3,5,230,3,high,M,4,5189,0,4,Afternoon
7811,C,Flight,4,3,262,4,high,F,2,4783,0,20,Morning
7812,F,Flight,5,4,228,4,high,F,7,5913,1,10,Morning
7813,D,Flight,3,2,138,2,medium,M,8,5714,1,33,Night
7814,F,Flight,4,1,240,3,low,F,4,4787,1,47,Morning
7815,A,Flight,3,1,104,4,low,F,9,5211,0,36,Afternoon
7816,B,Flight,3,2,261,2,medium,M,10,4035,1,14,Night
7817,C,Flight,4,3,181,3,low,M,4,4399,0,35,Night
7818,F,Flight,5,2,152,3,medium,M,4,4699,0,39,Night
7819,D,Flight,2,2,215,5,medium,M,3,5185,0,45,Morning
7820,F,Flight,5,4,266,6,medium,F,7,4486,1,28,Morning
7821,A,Flight,4,5,265,2,medium,F,9,5135,0,9,Night
7822,B,Flight,5,5,142,4,medium,M,8,5372,1,46,Afternoon
7823,C,Flight,5,3,169,2,low,F,1,4500,0,10,Morning
7824,F,Flight,3,5,257,3,medium,M,4,5196,0,7,Afternoon
7825,D,Flight,3,2,142,3,low,M,9,4234,1,20,Night
7826,F,Flight,2,4,233,4,medium,F,4,5408,1,41,Afternoon
7827,A,Ship,4,2,136,4,medium,M,9,5038,1,29,Afternoon
7828,B,Ship,2,2,173,3,low,F,10,4736,1,6,Night
7829,C,Ship,3,4,221,3,low,M,10,4927,0,33,Morning
7830,F,Ship,5,3,204,3,low,M,10,5610,0,10,Morning
7831,D,Ship,4,5,149,2,low,M,2,5724,0,4,Morning
7832,F,Ship,2,1,166,3,medium,F,7,5990,0,27,Afternoon
7833,A,Ship,5,4,265,2,low,F,2,5164,0,23,Night
7834,B,Ship,3,1,140,2,low,F,8,5253,0,43,Afternoon
7835,C,Ship,4,3,234,3,medium,F,9,4868,0,34,Night
7836,F,Ship,3,5,139,2,low,F,6,5181,1,23,Morning
7837,D,Ship,3,4,232,2,low,F,8,5629,0,49,Morning
7838,F,Ship,3,5,187,4,medium,F,4,5640,1,28,Night
7839,A,Ship,3,4,197,6,medium,M,3,4890,0,25,Morning
7840,B,Ship,3,4,273,2,medium,F,5,5223,1,6,Afternoon
7841,C,Ship,3,2,201,3,medium,M,7,4890,1,37,Night
7842,F,Ship,2,2,201,3,high,M,2,4865,0,31,Afternoon
7843,D,Ship,4,3,227,3,medium,M,10,5782,0,44,Afternoon
7844,F,Ship,3,5,171,2,medium,M,1,4783,0,13,Afternoon
7845,A,Ship,3,5,192,2,low,F,7,5069,0,13,Night
7846,B,Ship,3,1,226,3,high,M,2,4831,0,7,Afternoon
7847,C,Ship,3,4,252,2,medium,F,6,4040,0,7,Night
7848,F,Ship,4,5,177,3,medium,F,7,4243,0,33,Night
7849,D,Ship,3,5,211,3,medium,M,5,4058,0,41,Afternoon
7850,F,Ship,6,3,170,4,low,M,1,4912,1,8,Night
7851,A,Ship,2,3,118,4,medium,M,7,5510,1,34,Night
7852,B,Ship,4,4,146,3,low,M,3,5225,0,29,Morning
7853,C,Ship,3,5,150,3,high,M,6,4565,1,39,Morning
7854,F,Ship,5,5,243,3,medium,M,3,5700,0,19,Night
7855,D,Ship,4,4,135,3,medium,M,6,4335,0,20,Night
7856,F,Ship,4,5,209,3,low,F,6,5899,0,7,Night
7857,A,Ship,4,5,217,3,medium,M,2,5461,0,49,Night
7858,B,Ship,2,2,287,4,medium,M,10,5972,1,36,Morning
7859,C,Ship,2,3,239,6,medium,M,4,4022,1,39,Night
7860,F,Ship,5,2,189,2,medium,M,2,4636,0,29,Night
7861,D,Ship,4,2,139,3,medium,M,10,4648,1,36,Night
7862,F,Ship,4,2,255,3,low,F,8,5865,1,25,Night
7863,A,Ship,5,1,132,4,medium,F,4,5461,1,49,Afternoon
7864,B,Ship,4,1,136,3,medium,F,4,5060,0,27,Afternoon
7865,C,Ship,5,3,143,3,low,M,6,4761,0,12,Morning
7866,F,Ship,3,4,201,2,low,F,8,4394,1,15,Night
7867,D,Ship,6,5,278,5,medium,F,2,4361,0,18,Morning
7868,F,Ship,4,3,213,3,medium,M,4,4367,1,19,Morning
7869,A,Ship,2,1,202,2,medium,F,5,4456,1,6,Night
7870,B,Ship,4,5,240,2,medium,M,6,5045,0,6,Night
7871,C,Ship,5,4,223,3,low,M,7,4671,0,35,Night
7872,F,Ship,4,4,193,3,low,M,2,5975,0,14,Morning
7873,D,Ship,3,1,224,3,low,M,8,4908,1,1,Afternoon
7874,F,Ship,3,1,202,3,medium,F,7,5818,1,14,Afternoon
7875,A,Ship,4,5,236,4,medium,M,1,4082,1,4,Night
7876,B,Ship,3,3,216,4,low,F,9,5107,0,19,Afternoon
7877,C,Ship,3,1,229,3,medium,M,7,5324,0,40,Night
7878,F,Ship,4,5,275,3,medium,M,1,5394,0,37,Afternoon
7879,D,Ship,3,3,250,2,medium,F,8,5067,1,43,Night
7880,F,Ship,4,3,196,3,low,M,10,4433,0,34,Morning
7881,A,Ship,2,2,220,3,low,M,1,5289,1,4,Afternoon
7882,B,Ship,4,4,152,3,low,M,8,4430,1,39,Night
7883,C,Ship,3,2,186,2,low,M,7,5522,1,41,Night
7884,F,Ship,3,1,189,3,low,F,3,5866,0,27,Afternoon
7885,D,Ship,3,1,222,3,low,M,1,5362,0,1,Afternoon
7886,F,Ship,4,1,139,3,low,F,7,5317,1,10,Afternoon
7887,A,Ship,5,1,169,4,low,M,6,4253,0,18,Morning
7888,B,Ship,4,3,137,3,medium,M,9,5016,1,38,Night
7889,C,Ship,3,1,212,6,low,M,5,5339,1,49,Morning
7890,F,Ship,3,5,230,4,low,F,5,4450,0,30,Night
7891,D,Ship,3,2,262,2,low,M,7,5141,0,15,Night
7892,F,Ship,4,4,166,2,low,M,8,5192,1,16,Afternoon
7893,A,Ship,6,2,99,3,low,M,8,5872,1,15,Afternoon
7894,B,Ship,4,2,263,3,low,F,7,5395,0,10,Night
7895,C,Ship,5,4,223,3,low,M,8,4310,0,38,Afternoon
7896,F,Ship,3,1,220,2,low,F,7,5653,1,27,Morning
7897,D,Ship,3,3,242,3,medium,F,8,5915,0,17,Night
7898,F,Ship,3,4,163,3,high,F,6,5912,1,47,Afternoon
7899,A,Ship,3,4,273,2,medium,M,2,4219,0,36,Night
7900,B,Ship,5,5,261,5,medium,M,9,5385,1,3,Afternoon
7901,C,Ship,5,1,179,2,low,M,8,5198,0,21,Morning
7902,F,Ship,5,2,182,3,low,F,10,4128,0,36,Night
7903,D,Ship,3,4,202,2,medium,F,6,5030,1,44,Afternoon
7904,F,Ship,5,2,154,4,low,F,8,4820,1,35,Morning
7905,A,Ship,4,4,224,2,low,F,8,5754,0,25,Morning
7906,B,Ship,3,2,139,3,medium,M,4,5531,1,35,Afternoon
7907,C,Ship,3,5,256,2,medium,F,6,5375,1,27,Night
7908,F,Ship,3,2,251,4,high,F,7,4038,1,32,Night
7909,D,Ship,4,5,254,3,medium,F,10,4148,1,31,Morning
7910,F,Ship,5,1,181,3,low,F,6,5423,1,18,Night
7911,A,Ship,4,4,254,3,low,M,7,5637,1,36,Morning
7912,B,Ship,3,3,239,3,medium,M,7,4942,1,28,Night
7913,C,Ship,3,3,167,2,low,M,6,5101,1,35,Morning
7914,F,Ship,4,2,192,2,low,M,9,4140,1,48,Night
7915,D,Ship,3,2,163,2,low,F,5,5021,1,42,Afternoon
7916,F,Ship,3,1,213,2,low,M,6,4747,1,17,Night
7917,A,Ship,3,3,230,3,low,M,4,4018,0,24,Morning
7918,B,Ship,3,3,264,3,low,M,3,4970,1,41,Morning
7919,C,Ship,5,1,182,2,low,M,6,4121,0,43,Afternoon
7920,F,Road,5,1,223,3,medium,F,4,4905,0,48,Night
7921,D,Road,4,1,261,2,medium,F,9,4158,1,47,Morning
7922,F,Road,4,2,248,2,low,F,10,5783,1,21,Night
7923,A,Road,4,5,169,4,low,M,5,5347,1,8,Morning
7924,B,Road,3,4,188,6,medium,F,6,4031,0,44,Morning
7925,C,Road,3,4,142,4,medium,M,5,4429,1,27,Night
7926,F,Road,4,1,208,2,low,F,5,5707,0,48,Morning
7927,D,Road,4,5,239,2,medium,F,1,4247,1,6,Morning
7928,F,Road,5,5,218,5,low,M,5,4303,0,10,Night
7929,A,Road,4,1,137,3,medium,F,3,4962,0,13,Afternoon
7930,B,Road,4,4,97,6,low,M,4,5801,1,12,Night
7931,C,Road,3,1,242,10,high,M,9,5151,0,34,Night
7932,F,Road,4,3,153,7,medium,F,4,4499,0,5,Night
7933,D,Road,3,3,188,5,low,F,6,5713,1,22,Night
7934,F,Road,4,1,272,2,low,F,8,5328,0,2,Morning
7935,A,Road,2,2,165,3,medium,F,10,4080,0,15,Afternoon
7936,B,Road,4,4,218,2,medium,F,3,5692,0,10,Afternoon
7937,C,Road,4,3,153,4,low,M,4,5161,1,12,Night
7938,F,Road,6,1,250,2,medium,M,4,4016,1,23,Afternoon
7939,D,Road,4,1,204,8,low,F,7,5359,1,40,Afternoon
7940,F,Road,4,1,154,10,high,M,10,5674,0,14,Night
7941,A,Road,4,2,233,7,medium,F,5,5361,1,35,Night
7942,B,Flight,4,3,225,8,low,M,8,4718,0,36,Afternoon
7943,C,Flight,4,4,269,10,high,F,3,4488,1,34,Morning
7944,F,Flight,4,5,173,4,low,M,7,4978,0,18,Morning
7945,D,Flight,4,1,145,3,low,M,8,5127,1,45,Night
7946,F,Flight,4,4,242,2,medium,M,6,5866,1,25,Night
7947,A,Flight,3,5,255,7,medium,M,8,4091,0,9,Afternoon
7948,B,Flight,4,1,254,7,low,M,5,4104,0,11,Morning
7949,C,Flight,4,3,150,3,high,F,2,4383,1,36,Morning
7950,F,Flight,4,2,201,8,medium,F,6,5128,1,34,Morning
7951,D,Flight,5,2,262,5,low,M,5,1751,1,6,Afternoon
7952,F,Flight,6,4,306,4,low,F,8,1465,1,44,Afternoon
7953,A,Flight,6,5,276,4,low,M,9,1319,1,6,Afternoon
7954,B,Flight,3,2,183,5,low,M,3,1336,0,8,Afternoon
7955,C,Flight,5,1,239,5,low,F,7,1859,0,34,Afternoon
7956,F,Flight,7,3,285,4,low,M,10,1935,0,12,Night
7957,D,Flight,5,5,229,6,low,F,6,1857,1,22,Afternoon
7958,F,Flight,7,5,308,5,medium,M,6,1154,1,28,Night
7959,A,Flight,6,2,293,4,low,F,7,1477,1,10,Night
7960,B,Flight,6,4,247,4,low,M,7,1831,1,39,Night
7961,C,Flight,6,1,260,5,low,F,3,1434,1,13,Afternoon
7962,F,Flight,7,1,308,4,medium,M,5,1705,1,11,Morning
7963,D,Flight,5,3,274,6,medium,M,7,1293,1,31,Afternoon
7964,F,Ship,5,1,236,6,low,M,4,1123,0,20,Night
7965,A,Ship,7,1,291,4,medium,F,1,1796,1,1,Night
7966,B,Ship,5,4,223,3,medium,M,7,5738,1,20,Morning
7967,C,Ship,4,4,261,2,medium,M,8,5006,0,10,Morning
7968,F,Ship,4,1,248,2,low,F,6,5621,1,15,Morning
7969,D,Ship,4,5,169,4,low,F,6,4213,1,31,Morning
7970,F,Ship,3,2,188,6,medium,F,1,4856,1,24,Morning
7971,A,Ship,3,1,142,4,medium,M,7,4780,1,9,Afternoon
7972,B,Ship,4,1,208,2,low,M,6,5266,1,29,Morning
7973,C,Ship,4,3,239,2,medium,F,7,5384,1,39,Night
7974,F,Ship,5,3,218,5,low,F,9,4435,0,27,Night
7975,D,Ship,4,5,137,3,medium,M,1,4861,1,4,Night
7976,F,Ship,4,3,97,6,low,F,4,4375,1,12,Night
7977,A,Ship,3,4,242,10,high,M,5,4127,1,13,Afternoon
7978,B,Ship,4,1,153,7,medium,F,4,5761,0,42,Morning
7979,C,Ship,3,4,188,5,low,F,3,4835,0,49,Morning
7980,F,Ship,4,4,272,2,low,M,7,4042,0,28,Afternoon
7981,D,Ship,2,4,165,3,medium,M,7,5856,1,7,Morning
7982,F,Ship,4,4,218,2,medium,M,3,5039,1,13,Afternoon
7983,A,Ship,4,4,153,4,low,M,5,5162,1,17,Morning
7984,B,Ship,6,3,250,2,medium,F,1,4747,1,38,Afternoon
7985,C,Ship,4,2,204,8,low,F,1,4038,0,32,Night
7986,F,Ship,4,3,154,10,high,M,7,5317,1,3,Afternoon
7987,D,Ship,4,1,233,7,medium,M,7,4272,0,45,Night
7988,F,Ship,4,2,225,8,low,F,8,5623,1,8,Morning
7989,A,Ship,4,2,269,10,high,M,2,5616,0,3,Night
7990,B,Ship,4,1,173,4,low,F,1,5789,1,36,Night
7991,C,Ship,4,3,145,3,low,F,5,5802,0,12,Afternoon
7992,F,Ship,4,5,242,2,medium,F,2,4806,0,20,Night
7993,D,Ship,3,2,255,7,medium,M,2,5282,1,45,Morning
7994,F,Ship,4,2,254,7,low,F,6,5121,1,37,Morning
7995,A,Ship,4,5,150,3,high,F,10,5767,0,39,Afternoon
7996,B,Ship,4,1,201,8,medium,M,4,4295,1,10,Morning
7997,C,Ship,5,3,262,5,low,F,8,1493,0,12,Afternoon
7998,F,Ship,6,1,306,4,low,F,4,1449,0,41,Night
7999,D,Ship,6,4,276,4,low,F,2,1120,0,15,Morning
8000,F,Ship,3,2,183,5,low,F,2,1158,0,33,Morning
8001,A,Ship,5,2,239,5,low,M,1,1518,0,28,Night
8002,B,Ship,7,2,285,4,low,M,2,1491,0,9,Night
8003,C,Ship,5,4,229,6,low,F,9,1733,1,14,Afternoon
8004,F,Ship,7,3,308,5,medium,M,10,1152,0,28,Morning
8005,D,Ship,6,4,293,4,low,F,8,1145,0,1,Afternoon
8006,F,Ship,6,3,247,4,low,F,6,1537,1,39,Night
8007,A,Ship,6,3,260,5,low,M,8,1324,0,29,Night
8008,B,Ship,7,1,308,4,medium,M,7,1841,0,48,Morning
8009,C,Ship,6,2,282,4,low,M,1,1857,0,4,Morning
8010,F,Ship,6,4,268,4,medium,F,3,1586,1,30,Afternoon
8011,D,Ship,5,3,238,5,high,M,7,1848,1,31,Night
8012,F,Ship,5,3,254,6,low,M,7,1064,1,28,Night
8013,A,Ship,5,3,252,5,low,M,3,1474,1,28,Morning
8014,B,Ship,6,4,254,4,low,M,9,1594,1,32,Afternoon
8015,C,Ship,4,1,263,5,low,M,8,1426,0,29,Night
8016,F,Ship,5,4,256,5,low,M,6,1551,1,39,Night
8017,D,Ship,6,5,264,4,medium,M,8,1755,1,45,Afternoon
8018,F,Ship,4,5,237,5,low,M,2,1357,0,7,Morning
8019,A,Ship,4,1,226,5,medium,M,6,1510,0,42,Morning
8020,B,Ship,7,5,289,4,low,M,3,1656,0,50,Afternoon
8021,C,Ship,7,4,281,4,low,M,9,1970,1,48,Morning
8022,F,Ship,5,1,258,5,low,F,4,1032,1,24,Morning
8023,D,Ship,6,2,263,4,low,F,8,1635,1,45,Night
8024,F,Ship,5,3,245,5,low,F,2,1937,1,40,Night
8025,A,Ship,7,3,296,4,medium,M,8,1826,0,2,Night
8026,B,Ship,7,3,286,4,low,F,5,1866,0,20,Night
8027,C,Ship,6,3,252,2,low,M,1,1756,1,39,Night
8028,F,Ship,6,5,301,4,low,F,7,1393,0,32,Night
8029,D,Ship,7,1,290,4,low,M,4,1488,1,50,Afternoon
8030,F,Ship,7,1,247,4,medium,M,6,1297,0,12,Afternoon
8031,A,Ship,5,5,238,6,low,F,3,1965,0,41,Night
8032,B,Ship,5,2,263,5,medium,F,10,1059,1,9,Night
8033,C,Ship,5,2,263,4,low,M,3,1740,0,44,Morning
8034,F,Ship,5,2,248,5,low,F,3,1046,0,34,Night
8035,D,Ship,7,2,289,5,low,M,1,1178,1,45,Night
8036,F,Ship,4,4,256,5,high,M,1,1927,0,46,Afternoon
8037,A,Ship,6,2,287,4,low,F,7,1837,0,21,Night
8038,B,Ship,4,2,250,5,medium,M,10,1026,0,15,Night
8039,C,Ship,7,3,301,4,medium,M,1,1966,0,14,Afternoon
8040,F,Ship,4,1,245,5,low,F,3,1537,1,1,Morning
8041,D,Ship,4,5,226,5,medium,M,8,1133,1,15,Morning
8042,F,Ship,6,2,272,5,low,M,8,1045,1,12,Afternoon
8043,A,Ship,3,3,307,5,low,F,3,1578,0,27,Afternoon
8044,B,Ship,6,1,138,3,low,M,6,1604,1,18,Afternoon
8045,C,Ship,5,1,248,5,low,F,8,1810,1,43,Night
8046,F,Ship,5,1,307,4,low,M,8,1511,0,49,Morning
8047,D,Ship,6,2,256,4,low,F,6,1507,1,46,Afternoon
8048,F,Ship,6,5,301,5,low,M,8,1443,1,35,Morning
8049,A,Ship,7,3,245,4,medium,F,10,1610,0,2,Night
8050,B,Ship,2,2,168,2,medium,F,2,1227,0,30,Night
8051,C,Ship,6,1,295,4,low,M,10,1600,1,45,Morning
8052,F,Ship,6,4,299,4,low,M,9,1527,1,45,Night
8053,D,Ship,6,4,253,4,medium,M,9,1488,1,8,Night
8054,F,Ship,7,4,269,4,medium,M,5,1073,1,44,Night
8055,A,Ship,5,1,267,5,medium,F,10,1818,1,16,Morning
8056,B,Ship,3,5,212,3,medium,M,7,4411,0,28,Night
8057,C,Road,5,3,258,3,medium,F,1,5719,1,45,Morning
8058,F,Road,4,3,136,3,low,M,6,4911,0,31,Night
8059,D,Road,3,1,101,2,medium,F,1,5560,1,16,Morning
8060,F,Road,5,2,191,4,low,F,3,5578,1,34,Morning
8061,A,Road,5,5,186,4,low,M,3,4287,1,8,Afternoon
8062,B,Road,4,4,104,5,low,F,7,5590,1,1,Afternoon
8063,C,Road,4,3,201,4,medium,F,3,4797,1,21,Afternoon
8064,F,Road,3,2,235,2,medium,F,10,4172,1,1,Night
8065,D,Road,4,4,271,6,high,M,3,5204,1,1,Afternoon
8066,F,Road,2,3,133,4,low,F,5,5989,0,32,Morning
8067,A,Road,3,1,256,4,low,M,6,4814,0,31,Afternoon
8068,B,Road,3,1,225,2,low,F,2,4438,0,31,Morning
8069,C,Road,5,3,202,3,low,M,4,4134,0,48,Night
8070,F,Road,4,4,214,3,medium,F,1,4717,1,21,Morning
8071,D,Road,6,3,217,6,medium,M,3,4209,1,3,Morning
8072,F,Road,4,1,241,2,low,M,3,5672,1,9,Night
8073,A,Road,2,3,263,3,low,M,10,5997,1,43,Night
8074,B,Road,4,2,273,2,low,F,9,4221,1,41,Night
8075,C,Road,4,4,199,3,low,F,9,5016,1,33,Night
8076,F,Road,4,1,198,4,medium,F,9,5382,1,40,Morning
8077,D,Road,2,4,101,6,low,F,6,5080,0,48,Night
8078,F,Road,4,4,155,4,low,F,10,5483,0,40,Morning
8079,A,Flight,2,1,155,2,low,M,2,5661,0,37,Afternoon
8080,B,Flight,4,3,117,3,medium,F,4,4666,1,15,Night
8081,C,Flight,3,2,262,2,low,M,5,5747,0,6,Afternoon
8082,F,Flight,5,4,142,3,low,F,8,5468,0,12,Night
8083,D,Flight,4,4,115,3,medium,M,7,4609,1,18,Afternoon
8084,F,Flight,4,4,175,3,low,F,6,4600,0,37,Afternoon
8085,A,Flight,2,5,239,2,low,F,9,5363,0,1,Morning
8086,B,Flight,4,1,171,2,low,M,3,4271,1,33,Morning
8087,C,Flight,4,4,174,3,low,M,8,4348,1,6,Afternoon
8088,F,Flight,4,1,164,3,high,F,1,5492,1,30,Afternoon
8089,D,Flight,3,2,262,2,medium,M,4,5738,1,47,Afternoon
8090,F,Flight,3,5,262,2,medium,F,7,4422,0,30,Morning
8091,A,Flight,3,1,245,3,low,F,4,5449,1,38,Afternoon
8092,B,Flight,3,4,184,3,low,F,2,4875,1,25,Night
8093,C,Flight,5,1,231,2,low,M,10,4892,0,32,Night
8094,F,Flight,5,1,226,4,high,F,2,5600,1,26,Night
8095,D,Flight,4,1,211,3,medium,F,2,5851,1,21,Afternoon
8096,F,Flight,4,2,266,5,medium,M,3,4578,1,1,Night
8097,A,Flight,4,2,216,3,low,M,4,4309,0,27,Morning
8098,B,Flight,4,3,153,3,low,M,5,5743,0,48,Night
8099,C,Flight,2,2,242,3,high,M,9,4717,1,3,Afternoon
8100,F,Flight,5,1,282,5,low,M,6,5182,0,25,Afternoon
8101,D,Ship,4,1,165,3,medium,F,10,4574,1,4,Afternoon
8102,F,Ship,3,1,146,3,medium,M,9,4944,0,7,Night
8103,A,Ship,5,3,113,3,medium,F,5,4743,1,28,Morning
8104,B,Ship,3,2,161,3,medium,F,1,5757,1,15,Night
8105,C,Ship,2,2,219,2,medium,M,8,4518,1,4,Morning
8106,F,Ship,4,2,237,2,low,F,1,5261,1,7,Morning
8107,D,Ship,4,3,246,3,low,M,5,4384,1,37,Morning
8108,F,Ship,3,4,229,6,medium,F,3,5471,1,26,Morning
8109,A,Ship,3,3,195,3,low,M,1,4224,1,47,Night
8110,B,Ship,4,3,160,2,low,M,5,4522,0,14,Night
8111,C,Ship,3,5,144,2,medium,M,6,5983,1,10,Morning
8112,F,Ship,3,3,217,4,medium,F,3,5602,1,32,Morning
8113,D,Ship,3,4,240,3,high,F,6,4412,1,36,Morning
8114,F,Ship,3,2,210,3,medium,M,8,4011,1,10,Morning
8115,A,Ship,4,2,249,3,low,F,9,5459,0,9,Morning
8116,B,Ship,4,1,178,3,high,M,3,5520,0,22,Morning
8117,C,Ship,6,4,224,4,low,F,6,4493,1,47,Afternoon
8118,F,Ship,3,1,142,3,medium,F,10,4915,0,48,Night
8119,D,Ship,4,5,163,2,medium,F,10,5529,0,22,Morning
8120,F,Ship,4,1,261,4,medium,F,10,4632,1,36,Afternoon
8121,A,Ship,3,4,151,3,medium,M,5,4767,0,22,Morning
8122,B,Ship,4,2,197,2,medium,M,3,4715,0,14,Morning
8123,C,Ship,6,3,155,2,medium,F,1,4182,0,33,Morning
8124,F,Ship,3,5,152,4,medium,M,2,4809,1,1,Morning
8125,D,Ship,4,5,275,6,low,M,3,5008,1,30,Morning
8126,F,Ship,3,1,102,4,medium,F,4,5936,0,19,Night
8127,A,Ship,4,1,285,2,low,M,4,4401,1,16,Afternoon
8128,B,Ship,4,5,248,2,medium,M,10,4366,0,30,Night
8129,C,Ship,3,4,274,3,low,F,7,5036,0,20,Afternoon
8130,F,Ship,4,4,104,4,low,M,6,4323,0,1,Morning
8131,D,Ship,5,4,176,3,medium,M,10,5456,1,35,Night
8132,F,Ship,5,4,237,3,medium,F,1,4369,1,15,Night
8133,A,Ship,4,4,247,2,medium,M,9,5095,1,15,Morning
8134,B,Ship,5,5,212,5,low,F,6,4463,1,41,Afternoon
8135,C,Ship,4,5,226,2,low,M,1,4532,1,36,Afternoon
8136,F,Ship,6,2,213,2,medium,F,7,5415,1,6,Night
8137,D,Ship,4,3,177,3,low,M,1,5282,1,42,Night
8138,F,Ship,4,5,235,4,medium,M,6,4633,0,2,Morning
8139,A,Ship,3,4,263,3,medium,F,2,5741,0,28,Night
8140,B,Ship,3,3,181,3,low,F,10,5337,1,46,Morning
8141,C,Ship,3,2,178,2,medium,F,2,4122,1,30,Morning
8142,F,Ship,3,5,243,3,medium,F,4,4130,0,15,Afternoon
8143,D,Ship,3,3,230,3,medium,F,2,4742,0,18,Morning
8144,F,Ship,4,3,106,2,medium,F,6,5867,1,18,Morning
8145,A,Ship,4,5,266,3,medium,F,2,4867,1,14,Afternoon
8146,B,Ship,5,2,284,4,low,M,1,4171,0,26,Morning
8147,C,Ship,2,5,233,3,low,M,9,4751,0,32,Morning
8148,F,Ship,3,3,200,3,high,F,2,4777,0,24,Night
8149,D,Ship,3,2,176,2,medium,F,1,5292,1,23,Afternoon
8150,F,Ship,5,1,279,5,medium,M,4,4405,0,40,Afternoon
8151,A,Ship,3,3,164,3,high,M,9,5070,1,8,Night
8152,B,Ship,4,3,163,3,low,F,10,5002,0,28,Morning
8153,C,Ship,4,5,254,3,medium,F,3,4404,1,34,Night
8154,F,Ship,5,4,234,3,low,F,2,4269,1,32,Night
8155,D,Ship,4,1,191,3,low,F,8,4021,0,34,Afternoon
8156,F,Ship,3,3,224,3,medium,F,5,4214,0,13,Afternoon
8157,A,Ship,3,1,250,2,low,F,5,4232,1,28,Morning
8158,B,Ship,4,5,101,6,medium,M,8,4146,1,29,Morning
8159,C,Ship,3,2,227,3,medium,M,6,5058,1,20,Afternoon
8160,F,Ship,3,1,173,2,medium,F,4,5521,1,49,Afternoon
8161,D,Ship,4,3,209,5,medium,M,6,4384,1,45,Morning
8162,F,Ship,3,5,241,3,low,F,4,4132,1,41,Afternoon
8163,A,Ship,5,5,257,3,medium,F,9,5972,1,36,Night
8164,B,Ship,5,1,146,3,high,F,3,4345,0,4,Afternoon
8165,C,Ship,2,3,129,5,medium,M,3,5444,0,24,Afternoon
8166,F,Ship,3,4,285,3,low,M,9,4768,0,47,Night
8167,D,Ship,3,1,133,3,low,F,5,5213,0,28,Night
8168,F,Ship,4,2,185,3,low,M,1,4786,1,42,Night
8169,A,Ship,5,5,193,4,medium,M,8,5714,1,3,Afternoon
8170,B,Ship,5,4,228,6,medium,M,5,4974,0,34,Afternoon
8171,C,Ship,3,3,179,2,low,M,5,5058,1,25,Afternoon
8172,F,Ship,4,2,224,3,low,F,9,4896,1,36,Morning
8173,D,Ship,3,2,279,6,medium,M,1,5855,1,40,Morning
8174,F,Ship,4,2,181,3,medium,M,4,5717,1,48,Night
8175,A,Ship,5,5,198,2,medium,M,9,4526,1,49,Night
8176,B,Ship,3,5,193,3,medium,F,4,5817,1,47,Night
8177,C,Ship,5,4,184,3,low,F,1,4208,0,21,Afternoon
8178,F,Ship,5,2,139,3,low,M,9,5920,1,9,Night
8179,D,Ship,5,3,210,3,low,M,5,4560,0,34,Morning
8180,F,Ship,4,3,225,2,low,M,2,4520,0,24,Night
8181,A,Ship,3,1,189,2,low,F,5,4738,1,11,Night
8182,B,Ship,4,5,164,4,low,F,4,5736,1,26,Morning
8183,C,Ship,3,5,196,3,low,M,1,5303,0,28,Morning
8184,F,Ship,5,3,246,2,medium,F,1,4533,1,41,Night
8185,D,Ship,4,4,188,4,low,F,10,4571,0,25,Morning
8186,F,Ship,3,3,250,2,medium,F,4,4380,1,24,Afternoon
8187,A,Ship,4,2,156,4,medium,F,2,5795,0,46,Afternoon
8188,B,Ship,3,1,218,4,low,M,6,5480,0,4,Afternoon
8189,C,Ship,5,5,172,2,low,M,5,5791,1,17,Morning
8190,F,Ship,3,1,259,2,low,F,3,4380,1,36,Morning
8191,D,Ship,3,3,231,3,medium,F,9,4623,0,37,Afternoon
8192,F,Ship,5,2,224,3,high,M,4,4271,1,19,Morning
8193,A,Ship,4,5,201,3,low,M,7,4048,1,18,Afternoon
8194,B,Road,4,2,189,2,medium,M,5,4374,1,25,Afternoon
8195,C,Road,5,4,265,3,medium,M,10,4565,1,35,Afternoon
8196,F,Road,3,5,147,3,medium,M,5,5357,0,19,Afternoon
8197,D,Road,4,4,195,3,low,F,6,5783,1,18,Morning
8198,F,Road,4,5,216,3,medium,F,7,5891,1,48,Morning
8199,A,Road,4,2,148,2,low,M,5,4031,1,35,Afternoon
8200,B,Road,5,4,180,4,medium,F,7,4200,0,21,Afternoon
8201,C,Road,3,3,169,3,low,F,7,5976,1,41,Afternoon
8202,F,Road,3,4,200,3,low,F,7,5400,1,12,Night
8203,D,Road,3,3,255,2,low,F,10,5632,1,42,Night
8204,F,Road,4,3,238,2,low,F,1,4051,1,36,Afternoon
8205,A,Road,3,4,163,3,medium,M,5,5088,0,22,Night
8206,B,Road,4,5,177,3,medium,M,7,4031,0,24,Morning
8207,C,Road,4,5,206,3,medium,M,5,5785,0,31,Afternoon
8208,F,Road,3,4,175,3,low,F,2,5272,1,28,Night
8209,D,Road,5,5,247,2,medium,M,5,4250,1,5,Night
8210,F,Road,4,3,152,4,medium,F,4,5809,1,39,Afternoon
8211,A,Road,4,4,162,3,low,F,8,5394,1,47,Morning
8212,B,Road,3,4,206,3,medium,F,5,5915,1,11,Afternoon
8213,C,Road,3,4,186,4,low,F,6,5540,1,38,Night
8214,F,Road,4,5,179,3,low,F,4,4487,1,26,Night
8215,D,Road,3,5,172,3,medium,F,7,4929,1,45,Afternoon
8216,F,Flight,3,3,158,2,medium,M,7,4865,1,28,Night
8217,A,Flight,6,5,143,5,high,M,9,4060,1,31,Afternoon
8218,B,Flight,5,3,171,3,medium,F,7,4994,1,37,Afternoon
8219,C,Flight,4,2,175,3,high,M,4,4426,1,29,Afternoon
8220,F,Flight,4,5,173,3,medium,F,8,4040,0,43,Afternoon
8221,D,Flight,4,4,268,3,medium,M,10,4531,1,48,Morning
8222,F,Flight,4,5,232,3,low,F,8,5923,1,16,Morning
8223,A,Flight,4,2,203,4,medium,F,9,4217,1,50,Night
8224,B,Flight,3,4,140,3,low,M,3,5300,1,23,Morning
8225,C,Flight,3,4,138,3,medium,F,10,4327,0,28,Morning
8226,F,Flight,5,1,262,3,medium,M,9,5146,1,37,Morning
8227,D,Flight,4,1,245,3,low,F,9,4024,0,5,Night
8228,F,Flight,3,4,224,3,low,F,10,4806,0,40,Night
8229,A,Flight,3,4,186,2,low,F,4,4585,1,12,Night
8230,B,Flight,4,2,282,4,medium,M,5,5422,0,4,Afternoon
8231,C,Flight,5,1,266,3,low,M,8,4786,0,15,Afternoon
8232,F,Flight,4,2,256,4,low,F,7,5571,1,34,Night
8233,D,Flight,3,3,155,3,medium,F,7,5464,1,37,Afternoon
8234,F,Flight,2,4,142,3,high,M,2,5700,1,17,Night
8235,A,Flight,6,3,229,8,medium,M,6,4600,1,22,Night
8236,B,Flight,4,3,211,8,medium,F,6,5583,1,2,Night
8237,C,Flight,5,1,264,6,high,F,4,5337,1,9,Night
8238,F,Ship,6,1,217,4,medium,M,3,5571,1,25,Night
8239,D,Ship,5,3,145,3,low,M,3,4077,0,41,Morning
8240,F,Ship,3,2,185,4,low,M,6,5854,1,39,Morning
8241,A,Ship,4,4,221,10,high,M,6,5582,0,1,Morning
8242,B,Ship,4,5,208,3,low,F,8,4632,1,27,Afternoon
8243,C,Ship,4,5,260,2,medium,M,2,5368,1,37,Afternoon
8244,F,Ship,4,4,177,7,low,F,3,5646,0,15,Afternoon
8245,D,Ship,4,1,144,4,low,F,10,4175,1,2,Afternoon
8246,F,Ship,3,5,174,2,low,F,4,5692,1,39,Morning
8247,A,Ship,3,2,215,4,high,M,1,4158,1,29,Afternoon
8248,B,Ship,4,5,270,10,medium,M,9,5085,0,43,Afternoon
8249,C,Ship,3,4,209,2,high,M,10,4540,1,17,Afternoon
8250,F,Ship,5,1,103,5,low,F,10,5413,0,13,Night
8251,D,Ship,5,1,184,3,low,F,10,4674,0,30,Night
8252,F,Ship,5,3,226,2,high,F,6,5033,1,27,Morning
8253,A,Ship,5,2,158,3,low,M,4,4324,1,48,Afternoon
8254,B,Ship,3,2,274,2,high,M,2,5029,1,12,Night
8255,C,Ship,3,4,245,3,medium,F,7,5429,1,40,Night
8256,F,Ship,5,3,254,6,low,M,8,1932,1,48,Night
8257,D,Ship,5,3,252,5,low,M,2,1312,0,46,Morning
8258,F,Ship,6,4,254,4,low,M,2,1174,1,7,Morning
8259,A,Ship,4,3,263,5,low,F,10,1762,1,16,Night
8260,B,Ship,5,1,256,5,low,F,5,1970,1,15,Morning
8261,C,Ship,6,5,264,4,medium,F,9,1922,0,50,Morning
8262,F,Ship,4,2,237,5,low,M,6,1734,0,16,Night
8263,D,Ship,4,1,226,5,medium,F,2,1912,1,30,Morning
8264,F,Ship,7,1,289,4,low,F,4,1543,0,16,Morning
8265,A,Ship,7,1,281,4,low,F,9,1235,1,46,Afternoon
8266,B,Ship,5,5,258,5,low,M,6,1068,0,11,Night
8267,C,Ship,6,4,263,4,low,M,3,1276,1,4,Night
8268,F,Ship,5,3,245,5,low,F,1,1605,1,32,Morning
8269,D,Ship,7,3,296,4,medium,F,7,1427,1,4,Night
8270,F,Ship,7,4,286,4,low,M,3,1262,0,44,Night
8271,A,Ship,6,3,252,2,low,M,6,1470,0,3,Night
8272,B,Ship,6,5,301,4,low,F,4,1707,0,45,Night
8273,C,Ship,7,4,290,4,low,F,10,1886,0,37,Morning
8274,F,Ship,7,2,247,4,medium,F,9,1096,0,9,Afternoon
8275,D,Ship,3,1,138,3,medium,F,2,4766,0,50,Night
8276,F,Ship,5,4,262,3,medium,F,6,4428,1,1,Night
8277,A,Ship,4,2,245,3,low,F,5,5226,1,14,Night
8278,B,Ship,3,1,224,3,low,F,1,4862,0,1,Night
8279,C,Ship,3,1,186,2,low,F,1,5054,0,43,Afternoon
8280,F,Ship,4,1,282,4,medium,M,10,5065,1,9,Night
8281,D,Ship,5,4,266,3,low,M,2,5260,0,31,Afternoon
8282,F,Ship,4,5,256,4,low,F,8,5244,0,41,Morning
8283,A,Ship,3,1,155,3,medium,F,7,5709,1,9,Night
8284,B,Ship,2,5,142,3,high,M,10,5174,1,42,Morning
8285,C,Ship,6,5,229,8,medium,F,2,4271,0,20,Afternoon
8286,F,Ship,4,3,211,8,medium,F,3,4550,1,35,Night
8287,D,Ship,5,5,264,6,high,M,8,4644,0,32,Afternoon
8288,F,Ship,6,4,217,4,medium,F,4,4247,0,36,Night
8289,A,Ship,5,4,145,3,low,M,2,4492,0,6,Night
8290,B,Ship,3,5,185,4,low,M,9,5704,1,2,Night
8291,C,Ship,4,5,221,10,high,M,9,4646,1,33,Afternoon
8292,F,Ship,4,2,208,3,low,M,8,4342,1,26,Afternoon
8293,D,Ship,4,4,260,2,medium,M,6,4474,1,41,Afternoon
8294,F,Ship,4,5,177,7,low,F,2,4299,1,15,Afternoon
8295,A,Ship,4,1,144,4,low,M,8,4970,1,9,Night
8296,B,Ship,3,3,174,2,low,F,1,5556,1,38,Night
8297,C,Ship,3,2,215,4,high,M,2,4673,0,21,Morning
8298,F,Ship,4,1,270,10,medium,F,5,5494,0,15,Morning
8299,D,Ship,3,4,209,2,high,F,5,4363,1,21,Morning
8300,F,Ship,5,1,103,5,low,M,3,4966,1,17,Night
8301,A,Ship,5,2,184,3,low,F,4,4552,1,43,Night
8302,B,Ship,5,3,226,2,high,F,2,4219,1,12,Afternoon
8303,C,Ship,5,4,158,3,low,F,10,4670,0,5,Morning
8304,F,Ship,3,1,274,2,high,M,2,4352,1,41,Night
8305,D,Ship,3,2,245,3,medium,F,7,4121,1,33,Night
8306,F,Ship,5,4,254,6,low,M,4,1850,0,6,Morning
8307,A,Ship,5,4,252,5,low,M,9,1133,0,45,Morning
8308,B,Ship,6,2,254,4,low,F,9,1626,1,13,Afternoon
8309,C,Ship,4,1,263,5,low,M,3,1777,1,43,Morning
8310,F,Ship,5,5,256,5,low,F,10,1333,0,21,Morning
8311,D,Ship,6,3,264,4,medium,M,5,1397,1,37,Morning
8312,F,Ship,4,1,237,5,low,F,5,1041,1,10,Afternoon
8313,A,Ship,4,1,226,5,medium,M,6,1723,1,49,Night
8314,B,Ship,7,4,289,4,low,M,1,1657,1,30,Night
8315,C,Ship,7,2,281,4,low,F,6,1118,0,47,Morning
8316,F,Ship,5,5,258,5,low,F,10,1719,0,42,Morning
8317,D,Ship,6,5,263,4,low,M,10,1669,1,36,Night
8318,F,Ship,5,3,245,5,low,F,10,1112,1,10,Afternoon
8319,A,Ship,7,3,296,4,medium,F,2,1304,0,8,Night
8320,B,Ship,7,3,286,4,low,M,2,1712,0,16,Afternoon
8321,C,Ship,6,5,299,4,low,F,1,1629,0,33,Morning
8322,F,Ship,6,4,253,4,medium,M,10,1248,1,13,Afternoon
8323,D,Ship,7,5,269,4,medium,F,9,1835,1,9,Afternoon
8324,F,Ship,5,1,267,5,medium,F,3,1194,0,2,Night
8325,A,Ship,5,4,226,5,medium,F,4,1518,1,3,Night
8326,B,Ship,6,4,278,4,low,M,3,1141,0,17,Night
8327,C,Ship,4,4,232,5,medium,M,2,1386,1,9,Night
8328,F,Ship,6,4,287,4,low,F,5,1972,0,24,Afternoon
8329,D,Ship,4,2,228,5,low,M,6,1718,1,3,Night
8330,F,Ship,5,1,232,5,low,M,4,1776,1,27,Afternoon
8331,A,Road,6,5,308,4,low,M,8,1569,0,36,Night
8332,B,Road,7,5,287,4,low,F,8,1748,1,13,Night
8333,C,Road,6,3,246,4,medium,F,8,1741,1,39,Night
8334,F,Road,4,1,262,6,low,M,1,1627,0,27,Morning
8335,D,Road,6,4,275,4,low,M,10,1005,1,42,Afternoon
8336,F,Road,5,4,236,5,medium,F,2,1664,0,44,Morning
8337,A,Road,5,2,221,6,medium,M,2,1781,0,2,Night
8338,B,Road,5,4,271,5,low,M,4,1320,1,9,Afternoon
8339,C,Road,4,4,229,5,low,M,9,1361,1,7,Night
8340,F,Road,5,1,291,4,low,F,3,1663,0,7,Afternoon
8341,D,Road,5,5,261,6,medium,F,1,1082,1,48,Morning
8342,F,Road,6,4,285,4,medium,F,10,1422,1,39,Afternoon
8343,A,Road,6,4,262,5,low,M,9,1369,1,44,Morning
8344,B,Road,4,5,219,5,low,M,2,1260,1,35,Afternoon
8345,C,Road,6,1,302,4,low,F,1,1622,0,10,Morning
8346,F,Road,4,4,269,5,medium,F,2,1473,1,6,Afternoon
8347,D,Road,5,4,260,5,low,M,10,1708,0,22,Night
8348,F,Road,7,2,297,4,low,F,7,1383,0,9,Afternoon
8349,A,Road,6,1,278,4,medium,M,6,1576,1,5,Afternoon
8350,B,Road,5,3,265,5,low,F,3,1005,0,41,Night
8351,C,Road,6,2,286,4,low,F,5,1248,0,31,Night
8352,F,Road,6,2,248,4,low,F,10,1563,0,40,Morning
8353,D,Flight,6,5,302,4,low,F,7,1592,1,50,Afternoon
8354,F,Flight,6,1,272,4,low,F,2,1018,1,5,Morning
8355,A,Flight,6,4,279,4,low,F,10,1462,0,22,Morning
8356,B,Flight,4,2,255,5,medium,M,2,1255,1,8,Afternoon
8357,C,Flight,5,4,245,5,medium,F,4,1771,0,9,Morning
8358,F,Flight,4,5,247,5,medium,M,6,1737,1,14,Morning
8359,D,Flight,6,4,275,4,medium,F,5,1989,1,16,Morning
8360,F,Flight,6,3,255,4,medium,F,8,1805,1,47,Night
8361,A,Flight,6,2,243,4,high,M,2,1665,0,35,Morning
8362,B,Flight,4,1,234,6,low,M,7,1711,1,16,Morning
8363,C,Flight,5,2,276,6,medium,F,6,1043,1,47,Afternoon
8364,F,Flight,5,1,228,5,low,F,7,1818,1,35,Morning
8365,D,Flight,5,5,232,6,low,M,2,1550,0,8,Night
8366,F,Flight,5,1,248,4,low,F,6,1944,0,30,Night
8367,A,Flight,5,4,136,4,low,M,9,5469,1,16,Morning
8368,B,Flight,4,3,240,3,low,F,8,4423,1,35,Afternoon
8369,C,Flight,4,4,147,3,medium,M,9,4534,0,2,Night
8370,F,Flight,4,1,222,2,low,F,10,4714,0,8,Night
8371,D,Flight,3,3,163,3,medium,M,5,5362,1,19,Night
8372,F,Flight,5,4,254,3,low,F,4,5611,0,3,Night
8373,A,Flight,4,2,246,3,medium,M,1,5113,1,14,Night
8374,B,Flight,2,1,168,4,low,M,6,4800,1,42,Afternoon
8375,C,Ship,4,1,145,3,medium,M,8,4915,1,3,Morning
8376,F,Ship,5,2,224,2,medium,M,8,4047,0,14,Afternoon
8377,D,Ship,4,5,248,4,low,F,2,4427,1,41,Afternoon
8378,F,Ship,3,3,212,2,low,M,2,5125,1,10,Morning
8379,A,Ship,5,5,268,3,low,F,8,5480,1,5,Morning
8380,B,Ship,4,1,200,3,medium,F,5,4120,0,49,Night
8381,C,Ship,5,2,246,3,low,F,9,5795,1,28,Morning
8382,F,Ship,4,3,142,3,medium,M,1,4900,1,7,Afternoon
8383,D,Ship,4,3,173,4,low,M,9,5672,1,42,Morning
8384,F,Ship,5,3,156,4,medium,F,8,5868,1,10,Afternoon
8385,A,Ship,3,1,223,2,low,M,8,5719,0,30,Night
8386,B,Ship,4,5,231,3,low,F,4,5174,0,42,Morning
8387,C,Ship,2,4,264,3,low,F,1,5437,0,39,Night
8388,F,Ship,4,4,175,5,low,M,10,4498,0,45,Afternoon
8389,D,Ship,2,4,149,5,medium,F,7,5541,1,42,Morning
8390,F,Ship,3,1,226,2,low,M,7,4703,1,38,Night
8391,A,Ship,3,1,133,3,medium,F,5,4538,1,33,Morning
8392,B,Ship,5,2,190,2,low,M,1,5005,1,30,Night
8393,C,Ship,3,5,238,2,high,M,5,4052,1,34,Afternoon
8394,F,Ship,6,4,152,3,low,M,10,4376,0,34,Morning
8395,D,Ship,3,4,249,3,high,F,10,5629,0,27,Afternoon
8396,F,Ship,4,3,181,2,low,F,4,5622,0,22,Morning
8397,A,Ship,3,3,239,2,medium,F,2,5625,1,40,Afternoon
8398,B,Ship,3,1,167,3,medium,M,10,4341,0,35,Morning
8399,C,Ship,3,5,246,3,medium,M,1,5650,0,9,Afternoon
8400,F,Ship,5,1,139,3,medium,F,1,5953,0,14,Afternoon
8401,D,Ship,5,1,150,4,low,F,1,5098,1,20,Night
8402,F,Ship,3,3,151,3,medium,F,1,5297,1,39,Morning
8403,A,Ship,4,1,186,3,low,F,6,4758,1,19,Morning
8404,B,Ship,3,4,250,3,low,M,6,5565,1,25,Night
8405,C,Ship,4,1,162,3,medium,M,6,4343,0,40,Afternoon
8406,F,Ship,5,3,135,3,medium,F,5,4484,1,1,Afternoon
8407,D,Ship,3,1,238,2,medium,M,5,4355,0,7,Night
8408,F,Ship,6,5,167,2,low,M,10,4013,0,20,Morning
8409,A,Ship,4,1,269,5,medium,M,3,4534,0,29,Afternoon
8410,B,Ship,4,2,187,2,medium,M,7,4470,0,12,Morning
8411,C,Ship,3,3,241,2,high,M,2,4836,0,30,Morning
8412,F,Ship,3,2,168,3,medium,M,10,4979,0,34,Morning
8413,D,Ship,4,4,273,2,low,M,1,5759,0,47,Morning
8414,F,Ship,4,3,257,3,low,M,8,4447,0,18,Afternoon
8415,A,Ship,5,1,205,2,low,F,3,5682,0,22,Afternoon
8416,B,Ship,4,1,260,5,low,M,1,5559,0,35,Night
8417,C,Ship,2,1,207,3,medium,F,10,5394,1,41,Night
8418,F,Ship,3,1,202,2,medium,M,7,4598,1,36,Afternoon
8419,D,Ship,5,1,224,3,low,M,7,5870,0,43,Afternoon
8420,F,Ship,5,1,193,2,low,M,8,5184,1,4,Night
8421,A,Ship,5,3,199,3,low,F,3,4885,0,47,Night
8422,B,Ship,4,3,187,4,low,M,9,5699,0,47,Night
8423,C,Ship,5,2,208,3,low,M,6,4744,0,40,Night
8424,F,Ship,3,5,228,2,medium,F,3,5208,1,24,Morning
8425,D,Ship,3,3,160,4,medium,F,7,5147,1,34,Night
8426,F,Ship,3,1,195,3,medium,F,3,5961,1,30,Morning
8427,A,Ship,3,4,240,2,medium,F,2,5661,1,14,Afternoon
8428,B,Ship,2,2,271,4,medium,M,9,4066,1,40,Morning
8429,C,Ship,4,1,236,3,low,F,8,4114,1,32,Morning
8430,F,Ship,3,2,199,4,medium,F,1,5660,1,50,Morning
8431,D,Ship,3,1,246,2,low,F,9,4947,1,44,Night
8432,F,Ship,3,1,250,4,low,F,8,4028,0,14,Morning
8433,A,Ship,4,1,188,2,low,M,10,5085,0,25,Morning
8434,B,Ship,3,2,256,3,low,M,1,4932,1,22,Night
8435,C,Ship,3,5,147,3,medium,M,8,5272,0,49,Night
8436,F,Ship,3,3,234,3,low,F,6,5652,1,18,Afternoon
8437,D,Ship,3,1,247,4,low,F,8,5376,0,2,Afternoon
8438,F,Ship,5,1,267,4,low,M,5,5792,1,39,Afternoon
8439,A,Ship,6,5,246,5,high,F,3,4660,0,14,Afternoon
8440,B,Ship,4,1,284,4,low,F,4,4795,0,50,Night
8441,C,Ship,3,3,142,6,medium,F,2,5748,0,50,Morning
8442,F,Ship,3,1,132,2,medium,M,2,4129,1,24,Afternoon
8443,D,Ship,3,5,252,2,high,M,4,4098,0,11,Afternoon
8444,F,Ship,4,1,243,3,high,F,5,5989,1,21,Morning
8445,A,Ship,6,4,281,3,low,F,7,5180,1,19,Afternoon
8446,B,Ship,3,5,142,2,low,M,6,5974,0,33,Morning
8447,C,Ship,3,1,209,2,low,F,2,4855,1,49,Night
8448,F,Ship,3,3,157,4,medium,F,7,4487,0,3,Night
8449,D,Ship,5,1,267,3,low,M,7,5789,0,3,Afternoon
8450,F,Ship,5,5,177,5,low,F,1,4379,0,14,Afternoon
8451,A,Ship,4,3,214,2,medium,F,6,4345,1,17,Morning
8452,B,Ship,4,3,247,3,low,F,4,4962,0,45,Afternoon
8453,C,Ship,3,1,268,4,low,M,10,5226,0,33,Night
8454,F,Ship,5,3,242,3,medium,F,6,5013,0,13,Night
8455,D,Ship,2,4,176,3,low,M,1,4509,1,43,Morning
8456,F,Ship,5,5,231,3,medium,F,10,5361,1,9,Night
8457,A,Ship,3,5,124,2,medium,M,1,5709,0,7,Night
8458,B,Ship,3,2,179,3,low,M,4,4102,0,36,Afternoon
8459,C,Ship,4,3,207,3,low,F,7,4220,0,41,Night
8460,F,Ship,4,2,128,3,medium,M,7,5675,0,46,Afternoon
8461,D,Ship,3,5,167,2,medium,F,8,5083,1,37,Morning
8462,F,Ship,3,2,243,4,medium,M,5,4670,0,44,Night
8463,A,Ship,4,5,252,4,low,F,6,4983,1,49,Afternoon
8464,B,Ship,4,1,202,2,medium,M,10,5428,0,6,Afternoon
8465,C,Ship,4,3,241,2,medium,M,3,4636,0,36,Night
8466,F,Ship,4,5,182,2,medium,F,10,5098,0,43,Afternoon
8467,D,Ship,2,2,156,3,low,F,5,5628,0,26,Afternoon
8468,F,Road,4,4,266,3,low,F,6,5758,0,48,Morning
8469,A,Road,4,1,228,3,low,F,9,4678,1,20,Morning
8470,B,Road,4,5,210,4,low,M,3,5432,0,45,Morning
8471,C,Road,3,5,135,2,medium,M,7,5331,1,8,Night
8472,F,Road,4,5,248,2,medium,M,4,4789,0,30,Night
8473,D,Road,3,3,227,3,medium,M,3,5644,1,23,Morning
8474,F,Road,3,2,257,3,medium,M,2,5486,0,7,Morning
8475,A,Road,4,5,199,3,low,M,2,4462,1,30,Afternoon
8476,B,Road,4,3,232,2,low,M,1,5398,1,45,Morning
8477,C,Road,5,1,258,6,low,F,7,4344,1,50,Night
8478,F,Road,5,1,268,3,medium,F,5,5663,1,10,Night
8479,D,Road,3,4,260,5,low,M,2,4461,1,35,Night
8480,F,Road,4,2,190,2,medium,F,1,4020,0,6,Morning
8481,A,Road,5,5,176,3,medium,F,8,5335,0,26,Morning
8482,B,Road,3,2,227,2,low,M,10,5401,1,7,Afternoon
8483,C,Road,6,4,150,5,medium,F,8,4709,1,50,Morning
8484,F,Road,3,2,160,2,high,M,4,4376,1,28,Morning
8485,D,Road,6,3,113,2,medium,F,4,5130,0,3,Afternoon
8486,F,Road,5,1,145,3,low,F,5,5019,1,28,Night
8487,A,Road,4,4,206,3,low,M,2,5572,0,45,Afternoon
8488,B,Road,3,1,207,3,low,F,5,4643,0,34,Night
8489,C,Road,3,3,133,2,medium,M,8,4241,1,19,Night
8490,F,Flight,3,5,261,3,low,F,10,4224,0,13,Morning
8491,D,Flight,4,1,194,2,medium,F,1,4198,1,25,Afternoon
8492,F,Flight,3,1,244,3,medium,M,6,4062,0,15,Morning
8493,A,Flight,4,5,150,3,low,M,5,4512,1,11,Morning
8494,B,Flight,3,1,267,2,low,M,7,4486,0,22,Morning
8495,C,Flight,3,2,251,2,medium,F,4,4074,1,16,Morning
8496,F,Flight,4,2,185,3,low,M,8,4322,0,21,Morning
8497,D,Flight,2,1,112,5,low,F,1,4543,1,2,Afternoon
8498,F,Flight,3,2,264,4,medium,M,1,4877,1,49,Morning
8499,A,Flight,5,4,274,3,low,M,1,5017,0,24,Afternoon
8500,B,Flight,4,5,234,3,medium,F,10,4204,0,1,Afternoon
8501,C,Flight,3,1,157,2,medium,M,7,5560,1,22,Night
8502,F,Flight,6,1,247,6,medium,F,6,4691,1,29,Afternoon
8503,D,Flight,5,1,179,2,high,M,8,5301,0,15,Morning
8504,F,Flight,3,1,202,2,medium,F,10,4412,0,17,Morning
8505,A,Flight,4,2,148,2,medium,M,3,4651,1,17,Morning
8506,B,Flight,5,1,183,6,medium,F,2,5082,1,22,Morning
8507,C,Flight,3,2,229,3,medium,M,9,4491,0,23,Afternoon
8508,F,Flight,3,4,196,4,low,M,5,4749,0,28,Afternoon
8509,D,Flight,3,3,264,3,low,F,6,5482,0,12,Morning
8510,F,Flight,3,2,233,4,medium,M,1,5886,1,35,Night
8511,A,Flight,3,1,166,2,low,F,7,4375,1,11,Morning
8512,B,Ship,5,3,185,2,low,M,2,5420,1,28,Morning
8513,C,Ship,3,5,184,3,low,F,2,4357,0,37,Night
8514,F,Ship,6,3,98,6,low,M,9,4787,0,2,Afternoon
8515,D,Ship,3,2,177,2,high,F,7,4764,0,42,Night
8516,F,Ship,3,5,193,2,low,F,10,5776,1,33,Afternoon
8517,A,Ship,3,3,165,2,medium,M,1,4768,1,21,Afternoon
8518,B,Ship,4,4,183,4,low,F,6,4562,0,39,Morning
8519,C,Ship,4,4,161,3,low,M,2,5257,1,38,Night
8520,F,Ship,2,1,238,2,low,F,4,4992,1,23,Night
8521,D,Ship,3,5,191,4,low,M,4,4008,0,44,Night
8522,F,Ship,3,2,165,3,low,M,6,5642,1,38,Afternoon
8523,A,Ship,3,5,233,2,medium,M,1,4913,1,40,Afternoon
8524,B,Ship,4,1,234,2,medium,M,4,5066,0,21,Afternoon
8525,C,Ship,4,1,252,3,medium,M,4,5540,1,49,Afternoon
8526,F,Ship,3,1,155,3,low,F,9,5539,1,35,Night
8527,D,Ship,3,5,269,8,medium,M,8,4462,1,35,Night
8528,F,Ship,4,5,224,2,low,M,8,5871,1,46,Morning
8529,A,Ship,5,3,230,3,medium,F,7,4844,1,43,Night
8530,B,Ship,4,5,253,3,low,F,9,4205,1,27,Night
8531,C,Ship,5,2,181,3,low,M,4,4323,1,1,Afternoon
8532,F,Ship,4,2,233,4,high,F,1,4316,1,10,Afternoon
8533,D,Ship,4,1,243,5,medium,F,1,4624,0,18,Afternoon
8534,F,Ship,5,4,271,2,medium,F,6,4801,0,6,Morning
8535,A,Ship,4,3,134,4,low,F,5,4507,0,23,Morning
8536,B,Ship,3,5,154,10,high,F,10,5282,0,50,Afternoon
8537,C,Ship,6,1,222,8,low,M,2,4914,1,11,Morning
8538,F,Ship,3,4,251,10,medium,F,2,4336,0,7,Afternoon
8539,D,Ship,4,3,239,3,low,M,10,4020,1,36,Morning
8540,F,Ship,5,4,211,3,low,M,9,4908,1,17,Night
8541,A,Ship,3,4,195,10,low,M,5,5950,0,7,Morning
8542,B,Ship,4,4,224,10,medium,F,9,4149,1,14,Afternoon
8543,C,Ship,4,5,144,8,medium,F,2,4956,0,41,Morning
8544,F,Ship,4,2,167,4,high,M,5,5250,1,45,Night
8545,D,Ship,3,1,188,4,medium,F,8,5884,0,31,Afternoon
8546,F,Ship,2,4,245,2,medium,F,3,5850,0,29,Night
8547,A,Ship,2,5,212,2,high,F,3,4389,1,28,Night
8548,B,Ship,3,3,240,3,low,F,5,4888,0,5,Afternoon
8549,C,Ship,5,2,226,5,medium,M,5,1323,1,25,Afternoon
8550,F,Ship,6,5,278,4,low,M,2,1167,0,28,Afternoon
8551,D,Ship,4,2,232,5,medium,F,4,1783,1,48,Night
8552,F,Ship,6,3,287,4,low,M,3,1824,1,32,Night
8553,A,Ship,4,4,228,5,low,F,1,1788,0,49,Afternoon
8554,B,Ship,5,4,232,5,low,M,10,1512,1,43,Morning
8555,C,Ship,6,5,308,4,low,M,8,1164,0,4,Afternoon
8556,F,Ship,7,4,287,4,low,M,9,1667,0,20,Afternoon
8557,D,Ship,6,4,246,4,medium,M,3,1852,1,48,Night
8558,F,Ship,4,5,262,6,low,M,10,1156,1,16,Afternoon
8559,A,Ship,6,1,275,4,low,M,7,1767,1,19,Morning
8560,B,Ship,5,1,236,5,medium,F,3,1699,1,28,Morning
8561,C,Ship,5,4,221,6,medium,M,6,1488,0,17,Morning
8562,F,Ship,5,1,271,5,low,F,5,1869,0,36,Afternoon
8563,D,Ship,4,4,229,5,low,M,7,1049,0,24,Morning
8564,F,Ship,3,2,177,2,high,M,9,4648,1,43,Afternoon
8565,A,Ship,3,2,193,2,low,M,3,4799,0,49,Morning
8566,B,Ship,3,4,165,2,medium,M,1,5745,1,19,Morning
8567,C,Ship,4,5,183,4,low,M,3,5881,1,33,Morning
8568,F,Ship,4,2,161,3,low,F,8,4382,1,24,Night
8569,D,Ship,2,5,238,2,low,F,6,5325,0,28,Afternoon
8570,F,Ship,3,5,191,4,low,M,2,5177,0,6,Morning
8571,A,Ship,3,1,165,3,low,M,10,5823,1,5,Afternoon
8572,B,Ship,3,5,233,2,medium,F,2,4193,1,47,Afternoon
8573,C,Ship,4,4,234,2,medium,F,8,5744,1,16,Night
8574,F,Ship,4,3,252,3,medium,F,10,5802,0,25,Morning
8575,D,Ship,3,2,155,3,low,M,1,5731,0,20,Afternoon
8576,F,Ship,3,1,269,8,medium,F,4,4290,1,31,Afternoon
8577,A,Ship,4,1,224,2,low,F,6,4454,0,49,Morning
8578,B,Ship,5,4,230,3,medium,M,6,4257,1,36,Afternoon
8579,C,Ship,4,5,253,3,low,F,1,5402,1,9,Afternoon
8580,F,Ship,5,1,181,3,low,F,3,5118,1,38,Afternoon
8581,D,Ship,4,2,233,4,high,F,6,5256,1,11,Afternoon
8582,F,Ship,4,4,243,5,medium,M,10,4356,1,39,Afternoon
8583,A,Ship,5,5,271,2,medium,M,6,4788,0,25,Morning
8584,B,Ship,4,3,134,4,low,M,8,4879,0,7,Night
8585,C,Ship,3,2,154,10,high,F,8,5811,0,20,Night
8586,F,Ship,6,4,222,8,low,F,1,5808,0,33,Afternoon
8587,D,Ship,3,5,251,10,medium,M,9,5962,1,29,Afternoon
8588,F,Ship,4,5,239,3,low,M,6,5154,0,10,Afternoon
8589,A,Ship,5,1,211,3,low,M,7,5594,0,34,Afternoon
8590,B,Ship,3,2,195,10,low,F,9,4256,1,34,Afternoon
8591,C,Ship,4,5,224,10,medium,F,7,4521,0,30,Afternoon
8592,F,Ship,4,4,144,8,medium,M,6,4390,0,6,Night
8593,D,Ship,4,1,167,4,high,M,7,5264,1,30,Night
8594,F,Ship,3,3,188,4,medium,M,1,4296,0,34,Afternoon
8595,A,Ship,2,4,245,2,medium,F,10,5389,1,50,Afternoon
8596,B,Ship,2,1,212,2,high,F,8,4128,1,27,Afternoon
8597,C,Ship,3,5,240,3,low,F,6,5642,1,15,Night
8598,F,Ship,5,1,226,5,medium,M,3,1409,1,39,Morning
8599,D,Ship,6,3,278,4,low,F,9,1368,1,2,Night
8600,F,Ship,4,1,232,5,medium,M,8,1943,1,11,Night
8601,A,Ship,6,5,287,4,low,M,8,1465,1,24,Morning
8602,B,Ship,4,5,228,5,low,M,5,1373,0,32,Afternoon
8603,C,Ship,5,5,232,5,low,M,1,1127,1,13,Afternoon
8604,F,Ship,6,5,308,4,low,M,4,1202,1,25,Afternoon
8605,D,Road,7,1,287,4,low,M,1,1660,1,38,Night
8606,F,Road,6,5,246,4,medium,M,2,1581,1,23,Afternoon
8607,A,Road,4,1,262,6,low,F,3,1830,0,7,Night
8608,B,Road,6,5,275,4,low,F,6,1872,1,5,Night
8609,C,Road,5,3,236,5,medium,M,10,1630,1,1,Morning
8610,F,Road,5,2,221,6,medium,M,4,1952,0,13,Morning
8611,D,Road,5,4,228,5,low,F,9,1549,0,14,Afternoon
8612,F,Road,4,5,234,5,low,F,1,1991,0,13,Afternoon
8613,A,Road,5,1,242,5,low,M,9,1767,1,25,Night
8614,B,Road,7,1,307,4,low,F,8,1339,1,8,Night
8615,C,Road,6,3,260,4,low,M,4,1358,1,27,Morning
8616,F,Road,4,5,239,5,low,M,7,1380,1,21,Morning
8617,D,Road,6,4,305,4,low,F,1,1384,1,18,Afternoon
8618,F,Road,5,2,254,6,low,F,5,1951,1,1,Morning
8619,A,Road,2,1,258,5,low,F,9,1548,0,9,Afternoon
8620,B,Road,5,3,267,6,low,M,10,1027,1,1,Morning
8621,C,Road,4,2,246,5,low,F,10,1720,1,40,Night
8622,F,Road,4,2,246,5,low,M,9,1206,0,38,Night
8623,D,Road,4,2,261,5,medium,M,5,1073,0,33,Morning
8624,F,Road,5,1,239,5,low,F,6,1815,1,9,Night
8625,A,Road,5,3,245,5,low,M,8,1471,1,49,Night
8626,B,Road,5,3,237,5,medium,F,2,1869,0,43,Night
8627,C,Flight,7,3,307,4,low,M,1,1793,0,7,Afternoon
8628,F,Flight,5,2,252,5,low,F,10,1568,1,22,Afternoon
8629,D,Flight,5,5,225,5,low,M,7,1168,1,25,Night
8630,F,Flight,6,4,258,4,low,F,7,1726,0,20,Night
8631,A,Flight,7,1,254,4,medium,M,6,1279,0,20,Night
8632,B,Flight,5,3,232,5,low,F,1,1835,0,21,Morning
8633,C,Flight,7,1,255,4,medium,F,3,1450,1,33,Afternoon
8634,F,Flight,5,1,235,5,low,F,10,1920,1,45,Afternoon
8635,D,Flight,7,5,269,4,medium,M,2,1592,1,25,Afternoon
8636,F,Flight,6,2,243,4,low,M,4,1768,1,36,Morning
8637,A,Flight,7,2,253,4,low,M,1,1294,0,8,Morning
8638,B,Flight,5,1,266,5,medium,F,2,1798,1,33,Morning
8639,C,Flight,5,3,154,4,low,F,3,1066,0,44,Night
8640,F,Flight,4,3,245,5,low,M,4,1470,1,15,Morning
8641,D,Flight,4,5,275,5,medium,F,8,1093,0,50,Morning
8642,F,Flight,6,1,261,4,medium,M,10,1290,0,30,Afternoon
8643,A,Flight,4,5,273,5,low,M,2,1441,1,4,Night
8644,B,Flight,6,4,303,5,low,M,5,1195,0,22,Morning
8645,C,Flight,5,1,255,5,low,M,3,1574,0,27,Morning
8646,F,Flight,4,4,225,5,low,F,1,1476,0,25,Afternoon
8647,D,Flight,4,5,233,6,low,M,8,1176,1,48,Night
8648,F,Flight,6,1,285,4,low,F,3,1448,0,21,Morning
8649,A,Ship,5,5,272,4,medium,M,10,1383,0,34,Night
8650,B,Ship,7,5,273,4,medium,M,9,1329,0,37,Morning
8651,C,Ship,4,3,253,6,low,F,4,1788,0,11,Afternoon
8652,F,Ship,6,2,279,4,medium,F,4,1148,1,17,Afternoon
8653,D,Ship,4,2,235,5,low,M,8,1021,1,12,Afternoon
8654,F,Ship,4,1,255,5,low,F,9,1793,0,50,Night
8655,A,Ship,7,5,301,4,low,F,7,1727,1,18,Night
8656,B,Ship,7,1,245,4,medium,M,4,1653,0,40,Afternoon
8657,C,Ship,7,5,265,4,low,F,1,1601,1,9,Morning
8658,F,Ship,4,4,252,5,medium,M,2,1995,0,7,Night
8659,D,Ship,6,1,281,4,medium,M,2,1592,1,28,Afternoon
8660,F,Ship,6,2,269,4,medium,F,10,1166,1,21,Morning
8661,A,Ship,4,2,271,5,medium,M,4,1633,0,42,Afternoon
8662,B,Ship,5,2,239,5,medium,F,6,1365,0,35,Morning
8663,C,Ship,7,5,293,4,low,F,2,1080,0,42,Night
8664,F,Ship,4,1,165,5,medium,F,1,4170,0,30,Afternoon
8665,D,Ship,3,3,202,4,low,F,9,4917,1,33,Morning
8666,F,Ship,4,4,201,3,low,F,2,5385,1,6,Morning
8667,A,Ship,5,5,161,3,low,F,5,4702,1,33,Morning
8668,B,Ship,5,5,193,3,low,F,3,5037,1,8,Morning
8669,C,Ship,3,1,152,3,low,M,1,4949,0,40,Morning
8670,F,Ship,4,4,189,2,medium,M,3,5837,0,2,Morning
8671,D,Ship,3,1,159,3,low,M,10,4784,0,31,Morning
8672,F,Ship,5,1,259,3,low,M,1,5725,1,45,Afternoon
8673,A,Ship,3,2,224,3,medium,M,8,5869,1,22,Afternoon
8674,B,Ship,4,4,172,2,medium,F,3,5538,0,45,Morning
8675,C,Ship,4,5,148,3,medium,F,5,5216,1,24,Afternoon
8676,F,Ship,4,3,274,3,medium,F,8,4276,1,35,Afternoon
8677,D,Ship,3,1,207,4,low,F,9,5889,1,37,Afternoon
8678,F,Ship,4,5,159,5,medium,F,2,5654,0,27,Night
8679,A,Ship,3,1,198,3,low,M,3,4965,0,35,Afternoon
8680,B,Ship,4,5,196,2,medium,F,3,5505,1,5,Night
8681,C,Ship,5,1,137,2,low,M,9,4580,0,39,Morning
8682,F,Ship,3,3,192,3,medium,M,4,5479,1,5,Morning
8683,D,Ship,3,4,214,3,low,F,1,5722,1,6,Afternoon
8684,F,Ship,6,3,267,4,medium,M,2,5917,0,45,Afternoon
8685,A,Ship,3,5,205,3,medium,F,9,4565,0,35,Afternoon
8686,B,Ship,2,4,102,4,medium,F,6,5421,1,33,Afternoon
8687,C,Ship,3,2,150,2,medium,M,5,5264,1,3,Morning
8688,F,Ship,5,1,176,3,low,M,3,5919,1,42,Afternoon
8689,D,Ship,3,3,169,3,high,M,1,4647,1,23,Night
8690,F,Ship,4,4,151,3,medium,F,5,4732,1,45,Night
8691,A,Ship,3,5,243,3,low,M,1,4623,1,43,Afternoon
8692,B,Ship,4,2,150,2,low,F,2,5301,1,46,Morning
8693,C,Ship,4,3,229,2,low,M,6,4226,0,5,Night
8694,F,Ship,6,2,164,4,low,M,6,5264,1,29,Afternoon
8695,D,Ship,3,5,220,3,low,F,9,5672,0,37,Night
8696,F,Ship,3,1,187,3,medium,M,7,4607,1,38,Afternoon
8697,A,Ship,5,4,255,3,low,F,1,5775,0,7,Morning
8698,B,Ship,5,4,252,3,medium,M,2,4162,1,8,Afternoon
8699,C,Ship,5,5,242,4,medium,F,2,5359,1,39,Afternoon
8700,F,Ship,3,1,162,3,low,M,7,5073,1,9,Night
8701,D,Ship,3,2,219,3,medium,M,1,4918,0,4,Afternoon
8702,F,Ship,4,2,248,3,low,M,2,5028,0,2,Morning
8703,A,Ship,4,3,228,3,medium,F,1,5408,0,18,Afternoon
8704,B,Ship,4,4,149,2,medium,F,2,5881,1,31,Afternoon
8705,C,Ship,3,5,206,3,medium,F,9,5751,1,37,Morning
8706,F,Ship,3,1,204,3,medium,M,4,4619,0,48,Night
8707,D,Ship,5,3,222,4,medium,M,2,4060,1,8,Night
8708,F,Ship,3,5,248,2,medium,M,1,4108,0,17,Morning
8709,A,Ship,3,3,225,3,medium,F,7,4961,0,15,Morning
8710,B,Ship,3,2,244,2,high,F,9,4142,1,4,Morning
8711,C,Ship,2,3,184,4,medium,M,3,4719,1,47,Afternoon
8712,F,Ship,4,5,223,3,low,M,9,5649,0,26,Afternoon
8713,D,Ship,4,2,133,6,medium,F,9,4879,1,2,Night
8714,F,Ship,4,3,164,4,medium,M,1,4257,1,1,Night
8715,A,Ship,3,5,222,4,medium,F,9,4247,1,6,Morning
8716,B,Ship,2,1,198,2,low,M,8,4323,1,50,Afternoon
8717,C,Ship,5,5,198,3,low,F,5,4754,0,43,Morning
8718,F,Ship,5,1,193,6,medium,F,4,5964,1,42,Morning
8719,D,Ship,5,1,149,3,low,F,9,5173,0,41,Morning
8720,F,Ship,4,4,265,4,medium,F,6,4607,0,50,Afternoon
8721,A,Ship,3,3,187,2,low,F,7,4859,1,46,Afternoon
8722,B,Ship,4,5,198,2,medium,F,9,4108,1,29,Morning
8723,C,Ship,3,4,177,3,medium,F,1,4965,1,45,Afternoon
8724,F,Ship,5,3,255,4,low,F,5,5870,1,46,Morning
8725,D,Ship,3,2,141,2,medium,F,7,5231,1,1,Afternoon
8726,F,Ship,3,2,180,2,medium,F,4,4758,0,6,Morning
8727,A,Ship,3,4,254,3,high,M,4,5830,0,13,Morning
8728,B,Ship,2,3,211,2,medium,M,2,4611,1,18,Morning
8729,C,Ship,3,4,238,2,medium,M,7,5974,1,11,Night
8730,F,Ship,4,4,239,3,medium,M,6,5632,1,40,Afternoon
8731,D,Ship,4,3,175,2,medium,M,3,4961,0,5,Morning
8732,F,Ship,5,2,238,2,low,M,5,5703,1,8,Morning
8733,A,Ship,6,4,268,4,medium,M,5,4126,0,31,Afternoon
8734,B,Ship,4,5,142,2,medium,M,10,5428,0,35,Afternoon
8735,C,Ship,3,2,186,2,medium,M,3,5712,1,6,Morning
8736,F,Ship,4,3,154,3,medium,F,4,4867,0,33,Morning
8737,D,Ship,4,4,229,2,low,F,9,5672,0,7,Afternoon
8738,F,Ship,3,4,264,3,low,M,8,4575,0,32,Morning
8739,A,Ship,4,3,196,3,medium,F,8,5541,1,47,Night
8740,B,Ship,5,2,169,2,medium,M,4,6000,0,15,Afternoon
8741,C,Ship,3,5,168,3,low,M,8,5877,1,29,Night
8742,F,Road,3,4,226,2,high,F,8,5793,1,7,Night
8743,D,Road,5,4,189,2,low,F,4,5575,0,47,Night
8744,F,Road,4,4,183,2,low,F,7,4572,0,48,Night
8745,A,Road,3,1,228,2,low,F,7,4977,1,9,Afternoon
8746,B,Road,3,2,260,2,low,M,7,5553,0,5,Night
8747,C,Road,4,2,112,2,medium,F,8,4599,1,36,Afternoon
8748,F,Road,5,5,221,3,medium,M,9,5295,1,44,Afternoon
8749,D,Road,4,5,258,3,low,M,8,4046,0,14,Afternoon
8750,F,Road,4,2,133,3,medium,F,5,5950,1,35,Night
8751,A,Road,3,1,139,3,low,F,4,4666,1,9,Night
8752,B,Road,5,1,251,4,medium,M,10,5931,1,24,Morning
8753,C,Road,5,1,258,3,high,M,3,4908,1,33,Night
8754,F,Road,4,2,229,2,medium,F,7,4855,0,41,Morning
8755,D,Road,6,4,220,4,low,M,5,5465,0,13,Afternoon
8756,F,Road,5,3,160,3,low,F,10,4416,0,15,Afternoon
8757,A,Road,3,1,154,3,medium,M,4,4631,1,33,Afternoon
8758,B,Road,5,3,197,5,low,F,1,5581,1,23,Morning
8759,C,Road,4,4,141,3,low,M,10,4289,1,20,Afternoon
8760,F,Road,3,2,199,2,medium,F,7,5531,0,30,Afternoon
8761,D,Road,4,3,187,6,low,F,9,5872,1,29,Afternoon
8762,F,Road,3,4,136,3,medium,M,6,4631,1,27,Afternoon
8763,A,Road,3,4,232,5,medium,M,9,5759,1,3,Afternoon
8764,B,Flight,3,2,257,2,low,F,9,5085,0,39,Night
8765,C,Flight,4,1,156,2,medium,M,4,5225,1,35,Morning
8766,F,Flight,3,5,179,3,low,M,2,4913,1,50,Afternoon
8767,D,Flight,5,5,182,3,low,F,9,5388,1,4,Night
8768,F,Flight,4,4,209,6,low,F,7,4852,1,37,Night
8769,A,Flight,5,5,137,3,medium,F,5,4814,1,22,Afternoon
8770,B,Flight,5,2,174,5,medium,M,8,4656,1,25,Afternoon
8771,C,Flight,3,4,251,3,medium,M,5,5608,0,23,Morning
8772,F,Flight,5,4,220,2,medium,M,8,5073,1,14,Night
8773,D,Flight,3,3,196,4,low,F,9,5631,0,6,Night
8774,F,Flight,3,1,162,3,medium,F,10,5726,1,18,Afternoon
8775,A,Flight,4,2,242,2,medium,F,8,5243,0,39,Morning
8776,B,Flight,4,3,226,3,medium,M,10,5305,1,23,Morning
8777,C,Flight,3,1,101,3,medium,M,7,4275,0,42,Night
8778,F,Flight,5,2,226,3,medium,F,1,5451,1,37,Afternoon
8779,D,Flight,5,3,280,6,high,M,5,4585,1,46,Afternoon
8780,F,Flight,4,2,257,2,high,M,3,4108,0,10,Morning
8781,A,Flight,5,5,185,5,low,M,5,4078,1,30,Morning
8782,B,Flight,3,2,199,3,low,F,8,5431,1,31,Afternoon
8783,C,Flight,3,2,273,3,high,M,8,5754,0,48,Night
8784,F,Flight,4,5,229,4,medium,F,6,4157,1,4,Afternoon
8785,D,Flight,3,3,199,3,medium,F,1,4006,0,29,Afternoon
8786,F,Ship,3,1,151,3,low,F,7,4072,1,11,Morning
8787,A,Ship,5,1,213,2,high,F,10,5607,0,14,Afternoon
8788,B,Ship,3,4,151,3,medium,F,3,4938,1,34,Morning
8789,C,Ship,4,2,212,3,low,M,5,5413,1,27,Morning
8790,F,Ship,4,3,175,3,low,F,9,4840,0,38,Afternoon
8791,D,Ship,3,3,182,4,low,F,2,4746,0,5,Afternoon
8792,F,Ship,5,2,211,2,medium,F,2,5077,1,25,Afternoon
8793,A,Ship,3,1,160,3,medium,F,5,5524,1,47,Night
8794,B,Ship,3,5,268,2,medium,F,10,5895,1,5,Morning
8795,C,Ship,3,5,188,4,medium,M,3,4033,1,29,Morning
8796,F,Ship,3,2,234,3,medium,M,5,4757,0,28,Afternoon
8797,D,Ship,5,1,151,4,low,M,5,4549,1,3,Morning
8798,F,Ship,3,3,150,2,medium,M,9,4100,1,14,Morning
8799,A,Ship,3,5,268,3,low,F,6,4172,0,21,Night
8800,B,Ship,2,4,248,3,low,F,7,4142,1,15,Afternoon
8801,C,Ship,3,3,232,2,medium,F,8,5544,0,15,Morning
8802,F,Ship,5,2,164,3,medium,F,6,4302,1,27,Afternoon
8803,D,Ship,3,3,211,3,medium,M,3,5379,0,35,Afternoon
8804,F,Ship,3,5,195,2,medium,F,9,5832,1,33,Morning
8805,A,Ship,4,5,208,2,low,F,4,5831,1,39,Night
8806,B,Ship,3,1,176,2,medium,F,4,5726,1,17,Night
8807,C,Ship,5,2,258,3,medium,F,8,4921,1,3,Morning
8808,F,Ship,4,4,224,3,medium,F,1,4231,1,32,Morning
8809,D,Ship,4,4,263,3,medium,M,1,5283,0,16,Morning
8810,F,Ship,3,1,203,10,medium,F,7,5917,0,29,Afternoon
8811,A,Ship,4,4,266,7,medium,F,10,5901,1,49,Afternoon
8812,B,Ship,6,1,189,3,medium,F,9,5316,1,26,Afternoon
8813,C,Ship,3,1,242,8,medium,F,8,5401,1,44,Afternoon
8814,F,Ship,4,2,265,4,medium,F,3,4120,0,27,Morning
8815,D,Ship,3,2,138,10,low,M,1,5721,0,8,Night
8816,F,Ship,4,4,268,3,low,F,9,4118,0,12,Night
8817,A,Ship,4,3,211,7,high,M,9,5652,0,17,Afternoon
8818,B,Ship,6,3,137,8,low,F,6,5992,0,19,Afternoon
8819,C,Ship,4,5,234,5,low,F,2,1087,0,9,Morning
8820,F,Ship,5,4,242,5,low,M,1,1571,0,42,Afternoon
8821,D,Ship,7,2,307,4,low,M,8,1551,1,4,Afternoon
8822,F,Ship,6,1,260,4,low,F,6,1766,1,17,Night
8823,A,Ship,4,4,239,5,low,F,6,1239,1,21,Morning
8824,B,Ship,6,2,305,4,low,F,9,1567,1,6,Afternoon
8825,C,Ship,5,2,254,6,low,M,5,1885,1,21,Afternoon
8826,F,Ship,2,1,258,5,low,M,10,1221,0,17,Afternoon
8827,D,Ship,5,3,267,6,low,F,8,1421,0,6,Morning
8828,F,Ship,4,3,246,5,low,M,7,1134,1,47,Morning
8829,A,Ship,4,3,246,5,low,F,1,1673,0,16,Afternoon
8830,B,Ship,4,4,261,5,medium,F,2,1690,0,50,Afternoon
8831,C,Ship,5,5,239,5,low,M,6,1887,0,19,Night
8832,F,Ship,5,5,245,5,low,M,5,1381,0,49,Afternoon
8833,D,Ship,5,1,237,5,medium,F,8,1150,0,6,Night
8834,F,Ship,7,3,307,4,low,F,1,1589,0,39,Morning
8835,A,Ship,5,4,252,5,low,M,2,1847,0,15,Morning
8836,B,Ship,5,2,225,5,low,M,5,1015,1,20,Morning
8837,C,Ship,6,4,258,4,low,M,9,1104,1,41,Afternoon
8838,F,Ship,7,5,254,4,medium,F,6,1491,0,13,Night
8839,D,Ship,5,1,232,5,low,M,6,1427,1,4,Morning
8840,F,Ship,7,1,255,4,medium,F,8,1088,0,29,Night
8841,A,Ship,5,3,235,5,low,M,4,1990,1,8,Afternoon
8842,B,Ship,7,1,269,4,medium,M,4,1118,0,34,Night
8843,C,Ship,3,1,211,3,medium,M,1,4889,0,33,Night
8844,F,Ship,3,4,195,2,medium,F,10,4031,1,37,Morning
8845,D,Ship,4,5,208,2,low,M,1,4039,1,2,Night
8846,F,Ship,3,5,176,2,medium,F,8,5597,0,16,Morning
8847,A,Ship,5,1,258,3,medium,F,8,5694,1,8,Night
8848,B,Ship,4,3,224,3,medium,F,6,5054,0,42,Afternoon
8849,C,Ship,4,3,263,3,medium,M,3,4677,1,20,Morning
8850,F,Ship,3,5,203,10,medium,F,1,4996,1,43,Afternoon
8851,D,Ship,4,4,266,7,medium,M,3,5672,0,4,Afternoon
8852,F,Ship,6,3,189,3,medium,F,3,5062,1,50,Afternoon
8853,A,Ship,3,1,242,8,medium,M,4,4943,1,9,Afternoon
8854,B,Ship,4,2,265,4,medium,F,10,4575,0,49,Afternoon
8855,C,Ship,3,1,138,10,low,F,4,4496,0,50,Morning
8856,F,Ship,4,3,268,3,low,F,10,5998,1,28,Morning
8857,D,Ship,4,1,211,7,high,M,4,4476,0,7,Afternoon
8858,F,Ship,6,4,137,8,low,F,9,4374,0,17,Afternoon
8859,A,Ship,4,5,234,5,low,F,3,1469,0,5,Afternoon
8860,B,Ship,5,1,242,5,low,F,8,1815,1,11,Afternoon
8861,C,Ship,7,1,307,4,low,M,4,1371,0,11,Afternoon
8862,F,Ship,6,3,260,4,low,F,1,1775,1,4,Night
8863,D,Ship,4,5,239,5,low,M,6,1336,1,35,Night
8864,F,Ship,6,2,305,4,low,M,2,1196,1,22,Afternoon
8865,A,Ship,5,1,254,6,low,M,1,1021,1,27,Afternoon
8866,B,Ship,2,3,258,5,low,F,6,1727,1,30,Morning
8867,C,Ship,5,1,267,6,low,M,3,1803,1,46,Night
8868,F,Ship,4,5,246,5,low,F,2,1024,0,31,Morning
8869,D,Ship,4,3,246,5,low,M,5,1395,1,13,Morning
8870,F,Ship,4,4,261,5,medium,F,2,1829,1,30,Night
8871,A,Ship,5,3,239,5,low,M,10,1784,1,21,Afternoon
8872,B,Ship,5,5,245,5,low,M,10,1289,0,13,Afternoon
8873,C,Ship,5,3,237,5,medium,F,4,1567,1,17,Morning
8874,F,Ship,7,1,307,4,low,M,2,1983,1,45,Morning
8875,D,Ship,5,1,252,5,low,M,4,1308,1,46,Night
8876,F,Ship,5,4,225,5,low,F,6,2000,1,28,Afternoon
8877,A,Ship,6,3,281,4,medium,F,8,1884,1,34,Night
8878,B,Ship,6,5,269,4,medium,F,7,1249,0,29,Night
8879,C,Road,4,1,271,5,medium,F,3,1328,1,17,Morning
8880,F,Road,5,2,239,5,medium,F,6,1310,0,13,Night
8881,D,Road,7,5,308,4,medium,M,1,1477,0,41,Afternoon
8882,F,Road,6,1,256,4,low,F,7,1372,0,30,Afternoon
8883,A,Road,4,5,251,5,medium,F,7,1070,0,44,Night
8884,B,Road,5,3,270,5,medium,M,9,1764,0,19,Morning
8885,C,Road,6,4,289,4,low,F,1,1656,1,15,Morning
8886,F,Road,6,4,253,4,medium,F,6,1961,1,23,Afternoon
8887,D,Road,7,3,305,4,medium,F,5,1198,1,26,Afternoon
8888,F,Road,3,4,219,6,low,F,2,1837,1,49,Afternoon
8889,A,Road,4,1,231,5,medium,F,10,1144,1,14,Afternoon
8890,B,Road,6,4,298,4,medium,F,8,1437,0,8,Afternoon
8891,C,Road,6,5,282,4,low,M,4,1035,1,20,Night
8892,F,Road,5,3,240,5,low,M,4,1389,1,1,Afternoon
8893,D,Road,5,2,223,5,medium,F,6,1883,1,26,Afternoon
8894,F,Road,4,1,226,5,low,M,9,1530,1,39,Morning
8895,A,Road,5,5,253,5,low,F,4,1482,1,18,Morning
8896,B,Road,6,4,249,4,low,M,2,1516,1,8,Night
8897,C,Road,6,4,294,4,medium,M,5,1174,1,34,Afternoon
8898,F,Road,5,1,225,5,low,M,2,1812,1,33,Night
8899,D,Road,6,5,253,4,low,M,2,1893,0,1,Morning
8900,F,Road,5,1,236,5,medium,M,10,1961,1,39,Afternoon
8901,A,Flight,7,2,284,4,low,F,1,1085,0,4,Night
8902,B,Flight,5,2,244,5,low,M,1,1875,0,49,Afternoon
8903,C,Flight,6,3,269,4,low,F,4,1948,0,3,Morning
8904,F,Flight,6,5,308,4,low,F,7,1078,1,44,Night
8905,D,Flight,6,4,270,4,low,F,10,1698,1,8,Morning
8906,F,Flight,5,3,238,5,low,M,1,1871,0,43,Afternoon
8907,A,Flight,4,5,295,3,low,F,2,1693,1,11,Morning
8908,B,Flight,2,2,310,3,low,M,1,1549,0,10,Afternoon
8909,C,Flight,6,2,290,4,medium,M,1,1111,1,37,Night
8910,F,Flight,7,2,288,4,high,M,4,1321,1,47,Morning
8911,D,Flight,6,5,299,4,low,M,2,1192,1,27,Afternoon
8912,F,Flight,6,5,243,4,low,F,6,1898,0,17,Night
8913,A,Flight,5,3,229,5,low,F,1,1196,1,22,Afternoon
8914,B,Flight,6,2,288,4,medium,M,9,1405,0,29,Afternoon
8915,C,Flight,6,3,276,4,low,M,6,1670,0,35,Afternoon
8916,F,Flight,7,4,270,4,medium,F,5,1735,1,6,Night
8917,D,Flight,4,3,246,5,medium,M,10,1646,0,32,Morning
8918,F,Flight,5,5,269,5,low,M,5,1742,1,42,Afternoon
8919,A,Flight,5,3,241,5,low,F,2,1834,0,40,Morning
8920,B,Flight,4,4,248,5,medium,M,2,1651,1,18,Afternoon
8921,C,Flight,6,2,271,4,medium,M,3,1636,1,6,Morning
8922,F,Flight,4,5,250,5,medium,M,6,1662,1,27,Night
8923,D,Ship,5,5,229,5,medium,M,2,1975,0,46,Afternoon
8924,F,Ship,7,3,296,4,low,M,4,1392,1,36,Morning
8925,A,Ship,6,1,307,4,low,F,3,1977,1,37,Night
8926,B,Ship,7,1,258,4,low,F,3,1482,1,26,Night
8927,C,Ship,6,2,255,4,medium,F,3,1355,1,37,Night
8928,F,Ship,5,3,163,3,medium,M,1,1836,1,25,Night
8929,D,Ship,5,5,265,6,low,M,4,1937,0,22,Night
8930,F,Ship,4,3,269,5,low,M,2,1273,0,31,Morning
8931,A,Ship,6,3,273,5,low,M,8,1746,0,8,Night
8932,B,Ship,5,5,257,5,low,M,5,1657,1,16,Night
8933,C,Ship,6,3,258,4,medium,M,9,1924,1,2,Afternoon
8934,F,Ship,5,3,140,5,medium,F,6,1823,1,41,Night
8935,D,Ship,5,2,268,5,medium,F,2,1061,0,43,Morning
8936,F,Ship,6,4,279,4,low,F,5,1241,1,10,Night
8937,A,Ship,4,3,225,5,medium,M,3,1224,1,1,Night
8938,B,Ship,6,4,296,4,medium,M,5,1782,0,30,Morning
8939,C,Ship,5,3,162,4,low,F,6,1968,1,22,Afternoon
8940,F,Ship,4,3,208,3,medium,F,7,4525,0,4,Morning
8941,D,Ship,4,2,185,2,medium,F,3,5356,1,2,Night
8942,F,Ship,4,4,270,2,medium,F,6,5221,1,6,Night
8943,A,Ship,3,1,266,3,low,F,8,4574,1,19,Morning
8944,B,Ship,4,5,148,2,low,M,2,4883,0,15,Morning
8945,C,Ship,4,5,201,3,low,F,1,5898,0,31,Night
8946,F,Ship,4,1,171,2,medium,F,1,5717,1,38,Afternoon
8947,D,Ship,4,3,236,3,low,M,1,4752,1,17,Night
8948,F,Ship,4,4,220,3,low,F,4,5622,1,15,Night
8949,A,Ship,4,2,161,4,low,F,9,4713,0,39,Afternoon
8950,B,Ship,5,1,241,3,low,M,7,5342,1,16,Night
8951,C,Ship,5,4,208,2,low,M,9,4569,1,18,Night
8952,F,Ship,6,5,150,3,medium,M,3,5747,1,42,Morning
8953,D,Ship,4,3,233,2,medium,F,3,4748,1,38,Afternoon
8954,F,Ship,2,2,98,5,medium,M,10,4368,1,19,Morning
8955,A,Ship,3,2,271,5,low,M,5,4880,1,35,Afternoon
8956,B,Ship,2,2,247,3,low,F,4,4686,0,46,Night
8957,C,Ship,3,5,218,4,low,M,4,5330,1,13,Night
8958,F,Ship,5,3,182,4,medium,M,5,4770,0,36,Afternoon
8959,D,Ship,4,2,261,2,medium,F,4,5926,0,5,Afternoon
8960,F,Ship,5,1,167,3,low,M,9,4660,1,22,Night
8961,A,Ship,3,3,206,3,low,F,3,5746,0,39,Night
8962,B,Ship,6,4,257,6,low,F,7,4265,1,13,Afternoon
8963,C,Ship,4,3,185,5,low,F,9,5648,1,34,Night
8964,F,Ship,5,2,183,5,high,F,8,4820,1,9,Night
8965,D,Ship,5,1,185,3,medium,F,7,4855,0,36,Afternoon
8966,F,Ship,3,5,178,3,low,F,7,4135,1,2,Morning
8967,A,Ship,4,4,258,3,high,M,10,4958,0,20,Morning
8968,B,Ship,4,1,238,4,medium,F,10,4860,1,36,Night
8969,C,Ship,3,2,209,2,low,M,9,5203,1,11,Morning
8970,F,Ship,2,3,260,2,low,F,1,4547,1,29,Afternoon
8971,D,Ship,4,5,247,2,medium,F,9,4656,1,27,Morning
8972,F,Ship,3,3,261,3,low,M,2,5629,0,47,Afternoon
8973,A,Ship,4,5,243,4,low,F,1,5328,1,25,Night
8974,B,Ship,5,1,160,4,medium,M,5,5841,1,35,Morning
8975,C,Ship,5,2,203,2,medium,F,2,4712,0,38,Morning
8976,F,Ship,3,5,220,4,low,F,5,5677,1,24,Afternoon
8977,D,Ship,3,2,233,3,medium,M,7,5838,1,29,Afternoon
8978,F,Ship,4,4,101,5,low,F,8,4192,1,25,Night
8979,A,Ship,5,4,191,4,low,M,8,4566,0,45,Morning
8980,B,Ship,3,3,265,3,low,F,10,4093,0,12,Night
8981,C,Ship,4,3,249,3,low,M,4,4811,1,10,Morning
8982,F,Ship,4,4,184,3,low,F,10,5705,0,17,Morning
8983,D,Ship,5,5,182,3,medium,F,10,5060,1,50,Morning
8984,F,Ship,5,5,198,2,high,M,3,5249,1,6,Night
8985,A,Ship,3,1,110,4,medium,F,6,5474,0,27,Morning
8986,B,Ship,4,3,268,2,low,F,4,5280,0,5,Morning
8987,C,Ship,4,3,146,3,medium,F,10,5372,1,12,Morning
8988,F,Ship,5,2,235,2,low,F,10,4938,1,19,Night
8989,D,Ship,5,2,270,3,low,M,3,5266,0,20,Morning
8990,F,Ship,4,4,174,2,low,F,1,4541,0,8,Morning
8991,A,Ship,4,2,239,4,low,F,10,5528,0,33,Night
8992,B,Ship,3,4,236,4,high,F,9,4744,1,40,Night
8993,C,Ship,4,5,162,2,medium,F,9,5345,0,24,Afternoon
8994,F,Ship,3,4,260,3,low,F,8,5215,1,9,Afternoon
8995,D,Ship,3,1,217,3,low,F,1,4177,0,10,Morning
8996,F,Ship,5,3,232,3,medium,M,3,4526,1,45,Afternoon
8997,A,Ship,4,5,260,3,medium,F,6,4221,1,8,Morning
8998,B,Ship,4,2,184,3,medium,F,5,5931,0,14,Night
8999,C,Ship,5,4,145,4,low,M,4,4790,1,25,Morning
9000,F,Ship,5,1,189,2,medium,M,10,5248,1,43,Night
9001,D,Ship,5,3,150,2,high,F,9,4446,1,32,Morning
9002,F,Ship,3,3,200,3,low,M,3,5739,1,12,Afternoon
9003,A,Ship,5,1,133,2,medium,M,1,4643,1,31,Night
9004,B,Ship,4,2,260,3,low,M,4,5504,0,9,Afternoon
9005,C,Ship,4,2,195,2,medium,M,10,4640,1,34,Afternoon
9006,F,Ship,4,3,245,4,medium,M,4,5940,1,26,Morning
9007,D,Ship,6,3,166,4,low,M,10,5783,0,2,Morning
9008,F,Ship,3,5,245,4,low,M,8,5600,1,36,Afternoon
9009,A,Ship,6,2,130,5,low,M,3,5654,1,2,Night
9010,B,Ship,3,5,204,4,low,M,6,4879,0,40,Night
9011,C,Ship,4,2,210,3,low,M,8,5672,0,23,Morning
9012,F,Ship,3,5,264,4,medium,F,8,4324,1,36,Afternoon
9013,D,Ship,5,2,141,2,medium,F,1,4287,1,35,Night
9014,F,Ship,3,5,162,3,medium,F,1,4432,1,38,Afternoon
9015,A,Ship,4,5,137,2,low,M,6,4055,0,30,Morning
9016,B,Road,4,3,141,2,low,F,8,4331,1,38,Afternoon
9017,C,Road,6,3,127,3,medium,F,7,5574,0,37,Morning
9018,F,Road,2,2,270,4,low,M,6,5585,1,22,Morning
9019,D,Road,3,4,185,4,medium,F,6,5322,1,20,Morning
9020,F,Road,4,1,241,3,low,M,6,5836,1,23,Morning
9021,A,Road,3,2,124,5,medium,M,10,5348,1,5,Night
9022,B,Road,3,4,228,4,medium,M,6,4947,1,45,Morning
9023,C,Road,5,4,140,3,medium,M,4,4623,1,1,Afternoon
9024,F,Road,6,3,192,4,low,M,9,5239,0,29,Morning
9025,D,Road,4,2,253,5,low,F,3,4676,0,41,Afternoon
9026,F,Road,3,4,287,5,medium,F,9,5308,1,14,Afternoon
9027,A,Road,3,4,162,5,low,F,1,4240,0,14,Night
9028,B,Road,3,4,156,3,low,M,4,4628,1,37,Night
9029,C,Road,4,3,187,4,low,M,4,4757,1,7,Night
9030,F,Road,6,3,171,3,low,F,1,4952,1,34,Morning
9031,D,Road,6,2,240,6,low,M,3,5967,0,5,Morning
9032,F,Road,3,3,250,4,medium,M,1,4717,1,38,Night
9033,A,Road,4,5,180,4,high,F,10,5176,0,44,Morning
9034,B,Road,3,1,242,4,low,M,10,4809,0,29,Morning
9035,C,Road,3,1,162,4,medium,F,4,5683,1,46,Morning
9036,F,Road,5,5,210,3,medium,M,8,5906,0,49,Morning
9037,D,Road,4,1,189,2,medium,M,4,4122,1,14,Night
9038,F,Flight,4,5,187,2,low,M,6,4316,0,5,Morning
9039,A,Flight,4,1,179,2,medium,F,7,4605,1,48,Afternoon
9040,B,Flight,2,1,199,2,low,F,10,5345,1,31,Afternoon
9041,C,Flight,5,1,158,4,medium,F,4,5687,0,46,Afternoon
9042,F,Flight,3,4,181,3,low,M,10,5276,0,12,Night
9043,D,Flight,3,5,238,2,low,F,8,5769,1,22,Night
9044,F,Flight,5,5,225,4,high,F,3,5274,0,42,Afternoon
9045,A,Flight,5,1,172,2,medium,F,3,4892,1,17,Night
9046,B,Flight,4,2,199,3,low,M,4,4070,1,42,Morning
9047,C,Flight,4,4,248,3,high,F,10,4532,1,9,Night
9048,F,Flight,3,2,226,3,low,F,5,5484,1,19,Afternoon
9049,D,Flight,4,1,177,3,medium,F,6,5215,1,21,Morning
9050,F,Flight,3,4,238,2,low,M,5,4349,0,7,Afternoon
9051,A,Flight,4,5,161,3,low,F,5,4732,1,7,Morning
9052,B,Flight,2,1,271,3,low,M,1,4537,1,14,Night
9053,C,Flight,5,2,254,3,medium,F,8,5892,0,22,Morning
9054,F,Flight,4,2,238,2,low,M,1,5229,1,22,Morning
9055,D,Flight,5,5,169,3,medium,M,2,5942,0,44,Afternoon
9056,F,Flight,3,3,168,2,high,M,10,5334,0,13,Night
9057,A,Flight,2,5,243,3,high,M,7,4486,1,43,Afternoon
9058,B,Flight,4,5,195,3,medium,M,7,4835,1,39,Morning
9059,C,Flight,3,2,227,3,high,M,5,4167,0,23,Morning
9060,F,Ship,3,2,199,3,medium,F,10,5768,0,16,Afternoon
9061,D,Ship,3,2,160,3,low,F,7,4468,1,5,Night
9062,F,Ship,2,2,160,6,medium,F,9,4972,0,23,Afternoon
9063,A,Ship,4,4,251,4,low,F,10,5984,1,10,Morning
9064,B,Ship,6,2,225,4,low,M,6,5787,0,19,Night
9065,C,Ship,4,3,260,4,low,F,5,5307,1,13,Afternoon
9066,F,Ship,4,2,263,3,medium,M,4,4935,0,10,Morning
9067,D,Ship,5,5,196,3,medium,M,7,4084,0,12,Morning
9068,F,Ship,4,2,184,2,medium,F,10,5959,1,30,Night
9069,A,Ship,5,5,231,2,medium,F,6,5862,1,23,Afternoon
9070,B,Ship,3,1,153,2,low,M,7,5292,0,15,Afternoon
9071,C,Ship,3,1,173,2,low,F,7,4684,1,35,Afternoon
9072,F,Ship,3,1,159,3,low,F,3,5044,1,48,Morning
9073,D,Ship,5,4,137,2,low,M,7,5338,0,8,Morning
9074,F,Ship,3,1,249,2,medium,M,9,5987,0,6,Afternoon
9075,A,Ship,3,5,247,3,medium,M,10,4286,0,7,Afternoon
9076,B,Ship,3,2,205,3,high,M,3,4563,0,38,Night
9077,C,Ship,3,2,209,3,medium,M,5,4999,1,31,Night
9078,F,Ship,3,2,247,2,high,M,1,4242,1,3,Afternoon
9079,D,Ship,4,3,225,2,medium,F,2,4169,0,15,Afternoon
9080,F,Ship,3,5,150,10,low,M,2,5042,1,41,Night
9081,A,Ship,5,2,210,7,medium,F,4,4525,0,43,Morning
9082,B,Ship,3,2,247,2,low,F,2,4677,1,23,Afternoon
9083,C,Ship,5,5,167,3,medium,M,9,4319,0,20,Morning
9084,F,Ship,4,5,233,3,medium,F,7,5604,0,38,Night
9085,D,Ship,2,5,204,10,low,F,1,4709,1,23,Afternoon
9086,F,Ship,5,5,140,8,medium,M,2,4793,0,11,Morning
9087,A,Ship,6,3,218,6,high,M,8,5879,1,41,Night
9088,B,Ship,3,3,250,3,low,M,9,4993,1,45,Afternoon
9089,C,Ship,3,4,225,4,low,M,10,4460,0,14,Afternoon
9090,F,Ship,7,1,308,4,medium,F,2,1504,1,24,Night
9091,D,Ship,6,5,256,4,low,F,2,1163,1,19,Morning
9092,F,Ship,4,3,251,5,medium,M,2,1482,1,22,Morning
9093,A,Ship,5,3,270,5,medium,F,8,1862,1,14,Night
9094,B,Ship,6,5,289,4,low,M,5,1600,0,34,Morning
9095,C,Ship,6,3,253,4,medium,F,9,1823,1,21,Night
9096,F,Ship,7,2,305,4,medium,M,7,1813,1,26,Night
9097,D,Ship,3,3,219,6,low,M,10,1116,1,23,Afternoon
9098,F,Ship,4,2,231,5,medium,M,8,1562,1,6,Afternoon
9099,A,Ship,6,5,298,4,medium,F,5,1804,1,8,Afternoon
9100,B,Ship,6,5,282,4,low,M,5,1364,0,11,Morning
9101,C,Ship,5,1,240,5,low,M,2,1400,0,25,Night
9102,F,Ship,5,3,223,5,medium,M,4,1817,1,8,Morning
9103,D,Ship,4,4,226,5,low,M,1,1761,1,32,Night
9104,F,Ship,5,3,253,5,low,M,6,1028,1,1,Night
9105,A,Ship,6,4,249,4,low,M,10,1318,1,20,Night
9106,B,Ship,6,5,294,4,medium,M,10,1628,0,31,Night
9107,C,Ship,4,4,263,3,medium,F,8,5475,1,19,Night
9108,F,Ship,5,2,196,3,medium,M,4,4868,0,40,Morning
9109,D,Ship,4,5,184,2,medium,F,2,4429,1,37,Afternoon
9110,F,Ship,5,4,231,2,medium,F,7,5491,0,24,Night
9111,A,Ship,3,1,153,2,low,M,6,4996,1,9,Night
9112,B,Ship,3,2,173,2,low,F,8,5492,1,24,Afternoon
9113,C,Ship,3,1,159,3,low,M,10,4358,0,23,Night
9114,F,Ship,5,4,137,2,low,F,2,4077,0,29,Afternoon
9115,D,Ship,3,1,249,2,medium,F,1,5190,0,42,Afternoon
9116,F,Ship,3,4,247,3,medium,M,9,5383,1,46,Night
9117,A,Ship,3,3,205,3,high,M,1,5851,0,38,Night
9118,B,Ship,3,3,209,3,medium,F,5,5831,1,49,Night
9119,C,Ship,3,3,247,2,high,F,8,4593,0,37,Night
9120,F,Ship,4,1,225,2,medium,M,5,5714,0,3,Night
9121,D,Ship,3,2,150,10,low,F,6,5580,1,30,Afternoon
9122,F,Ship,5,3,210,7,medium,F,4,4362,1,10,Afternoon
9123,A,Ship,3,1,247,2,low,M,7,5557,1,6,Afternoon
9124,B,Ship,5,5,167,3,medium,M,1,4314,1,22,Night
9125,C,Ship,4,5,233,3,medium,F,2,4501,1,13,Afternoon
9126,F,Ship,2,4,204,10,low,F,4,4679,0,40,Morning
9127,D,Ship,5,1,140,8,medium,M,7,5437,1,22,Night
9128,F,Ship,6,3,218,6,high,F,5,4352,0,41,Afternoon
9129,A,Ship,3,1,250,3,low,F,7,4760,1,14,Night
9130,B,Ship,3,1,225,4,low,F,10,4080,0,26,Night
9131,C,Ship,7,5,308,4,medium,M,6,1165,1,38,Night
9132,F,Ship,6,3,256,4,low,F,9,1212,0,8,Afternoon
9133,D,Ship,4,5,251,5,medium,F,7,1381,1,11,Night
9134,F,Ship,5,1,270,5,medium,M,10,1397,1,48,Morning
9135,A,Ship,6,1,289,4,low,M,3,1181,0,6,Morning
9136,B,Ship,6,5,253,4,medium,M,8,1899,0,26,Morning
9137,C,Ship,7,3,305,4,medium,F,6,1167,1,38,Afternoon
9138,F,Ship,3,5,219,6,low,M,1,1394,1,48,Afternoon
9139,D,Ship,4,1,231,5,medium,M,6,1231,1,38,Afternoon
9140,F,Ship,6,5,298,4,medium,F,8,1759,0,5,Afternoon
9141,A,Ship,6,1,282,4,low,M,7,1758,1,35,Night
9142,B,Ship,5,3,240,5,low,M,6,1489,1,15,Night
9143,C,Ship,5,5,223,5,medium,M,8,1132,1,39,Morning
9144,F,Ship,5,2,140,5,medium,M,2,1521,1,44,Morning
9145,D,Ship,5,3,268,5,medium,M,5,1365,1,30,Morning
9146,F,Ship,6,3,279,4,low,M,7,1090,0,25,Afternoon
9147,A,Ship,4,3,225,5,medium,F,6,1573,1,27,Morning
9148,B,Ship,6,3,296,4,medium,M,7,1515,1,6,Afternoon
9149,C,Ship,5,5,162,4,low,M,8,1311,1,26,Morning
9150,F,Ship,6,5,255,4,low,F,2,1218,0,10,Afternoon
9151,D,Ship,7,5,255,4,low,F,9,1367,1,2,Afternoon
9152,F,Ship,6,2,286,4,medium,M,6,1556,0,38,Afternoon
9153,A,Road,7,2,267,4,medium,M,8,1285,1,44,Afternoon
9154,B,Road,5,1,226,6,low,M,5,1078,1,45,Night
9155,C,Road,6,5,285,4,medium,F,5,1631,0,39,Morning
9156,F,Road,6,3,276,4,low,F,5,1637,0,22,Afternoon
9157,D,Road,6,2,257,4,low,F,5,1565,0,15,Night
9158,F,Road,6,4,287,4,medium,F,10,1811,0,26,Afternoon
9159,A,Road,6,1,283,5,low,F,10,1304,0,36,Night
9160,B,Road,6,3,309,4,medium,M,2,1270,0,15,Afternoon
9161,C,Road,4,3,274,5,low,F,3,1637,0,30,Night
9162,F,Road,7,4,244,4,medium,F,4,1953,0,25,Night
9163,D,Road,5,3,222,6,low,M,9,1656,1,31,Afternoon
9164,F,Road,6,1,264,4,low,M,5,1900,1,4,Afternoon
9165,A,Road,4,2,232,5,medium,M,3,1197,1,33,Night
9166,B,Road,5,2,227,6,medium,F,6,1620,1,31,Afternoon
9167,C,Road,6,4,294,3,medium,M,7,1455,1,12,Morning
9168,F,Road,6,4,260,4,low,F,1,1883,1,12,Afternoon
9169,D,Road,4,3,260,5,low,F,8,1756,1,5,Morning
9170,F,Road,6,1,277,5,low,F,2,1190,0,26,Afternoon
9171,A,Road,5,3,257,5,low,F,7,1451,0,36,Morning
9172,B,Road,5,5,271,6,low,M,6,1450,0,49,Afternoon
9173,C,Road,6,1,308,4,low,F,7,1260,0,28,Afternoon
9174,F,Road,7,2,281,4,medium,F,2,1291,1,13,Morning
9175,D,Flight,5,4,307,5,low,M,8,1903,1,20,Afternoon
9176,F,Flight,5,3,224,5,medium,M,9,1643,0,11,Night
9177,A,Flight,5,5,233,6,medium,F,4,1924,0,21,Night
9178,B,Flight,3,4,179,2,medium,M,5,1340,1,40,Morning
9179,C,Flight,4,3,267,5,medium,F,9,1538,1,6,Morning
9180,F,Flight,5,3,218,6,low,F,6,1519,0,1,Afternoon
9181,D,Flight,7,3,302,4,medium,F,7,1915,1,36,Night
9182,F,Flight,7,3,247,4,medium,M,5,1060,1,12,Afternoon
9183,A,Flight,6,3,266,4,medium,F,8,1547,1,22,Night
9184,B,Flight,5,1,247,5,low,M,10,1562,0,19,Night
9185,C,Flight,4,3,219,5,low,F,8,1702,0,41,Night
9186,F,Flight,7,1,287,4,medium,M,9,1150,0,39,Night
9187,D,Flight,6,3,297,5,low,F,5,1657,1,41,Morning
9188,F,Flight,5,5,273,5,medium,M,4,1597,0,25,Night
9189,A,Flight,5,5,219,5,low,M,6,1234,1,27,Afternoon
9190,B,Flight,5,1,232,5,medium,F,7,1069,0,1,Morning
9191,C,Flight,4,4,264,5,low,M,3,1782,1,49,Afternoon
9192,F,Flight,6,3,266,4,low,F,9,1106,0,50,Morning
9193,D,Flight,7,1,280,5,low,M,10,1199,0,24,Afternoon
9194,F,Flight,7,4,264,4,medium,M,6,1265,1,36,Night
9195,A,Flight,4,2,258,5,low,F,8,1878,1,34,Afternoon
9196,B,Flight,5,1,236,5,low,M,8,1441,1,6,Afternoon
9197,C,Ship,5,5,262,5,low,M,2,1304,1,49,Morning
9198,F,Ship,5,3,255,6,medium,F,1,5874,1,49,Night
9199,D,Ship,4,4,267,4,low,F,8,5219,0,1,Night
9200,F,Ship,4,1,240,4,low,M,10,5965,0,43,Afternoon
9201,A,Ship,4,2,215,2,high,F,10,4061,0,37,Night
9202,B,Ship,5,5,252,5,low,M,9,4135,1,6,Night
9203,C,Ship,4,5,136,2,medium,M,4,5512,1,40,Night
9204,F,Ship,3,4,225,4,medium,F,9,5575,1,38,Night
9205,D,Ship,3,3,187,6,low,F,2,4549,1,20,Night
9206,F,Ship,4,4,144,3,low,M,6,4137,0,17,Morning
9207,A,Ship,3,2,226,2,low,M,10,4254,1,35,Morning
9208,B,Ship,5,2,229,3,low,F,3,4916,1,41,Afternoon
9209,C,Ship,3,3,255,3,low,M,4,4628,0,8,Morning
9210,F,Ship,5,3,227,5,medium,F,9,4990,1,32,Night
9211,D,Ship,5,1,248,3,medium,M,6,5081,0,28,Morning
9212,F,Ship,3,2,151,2,low,F,3,4759,1,6,Morning
9213,A,Ship,4,5,188,3,medium,M,8,4125,1,15,Night
9214,B,Ship,4,2,160,2,medium,M,3,4304,0,15,Night
9215,C,Ship,4,2,156,3,low,F,1,5361,1,39,Night
9216,F,Ship,3,4,162,3,medium,M,7,5313,1,9,Night
9217,D,Ship,4,4,270,3,low,F,4,5888,1,34,Morning
9218,F,Ship,4,5,200,4,medium,F,2,4947,1,28,Night
9219,A,Ship,3,3,224,4,medium,M,10,4147,1,26,Afternoon
9220,B,Ship,4,4,146,4,medium,M,7,4953,0,45,Afternoon
9221,C,Ship,5,3,156,3,low,F,6,5231,0,41,Night
9222,F,Ship,4,3,235,3,medium,F,4,5748,0,9,Morning
9223,D,Ship,4,1,231,3,medium,M,5,4118,0,27,Morning
9224,F,Ship,4,5,141,2,low,F,10,5907,0,29,Night
9225,A,Ship,3,1,178,4,medium,M,9,5727,0,48,Afternoon
9226,B,Ship,5,4,244,6,high,F,3,4089,1,4,Afternoon
9227,C,Ship,4,2,247,2,medium,M,7,4955,0,18,Morning
9228,F,Ship,3,1,132,3,medium,F,5,5978,1,29,Morning
9229,D,Ship,4,5,190,3,medium,M,6,4671,0,31,Night
9230,F,Ship,3,2,113,5,medium,M,1,5993,1,26,Morning
9231,A,Ship,5,5,253,2,high,F,3,4851,1,50,Morning
9232,B,Ship,4,3,235,3,medium,F,4,4739,1,5,Night
9233,C,Ship,3,3,264,2,low,M,6,4102,1,9,Morning
9234,F,Ship,3,5,286,6,medium,M,3,4424,1,11,Afternoon
9235,D,Ship,4,3,141,3,medium,F,3,4249,1,16,Night
9236,F,Ship,4,2,243,3,low,M,3,5703,1,25,Morning
9237,A,Ship,5,4,209,4,low,F,10,5461,1,25,Afternoon
9238,B,Ship,4,4,246,2,medium,F,2,4633,0,15,Afternoon
9239,C,Ship,4,3,257,3,medium,M,1,5717,0,15,Afternoon
9240,F,Ship,4,2,217,2,medium,F,8,4907,0,43,Afternoon
9241,D,Ship,4,4,246,3,low,M,9,5041,1,23,Morning
9242,F,Ship,4,4,166,6,low,F,6,4100,0,12,Night
9243,A,Ship,3,3,183,2,low,F,3,5189,1,16,Night
9244,B,Ship,4,5,136,2,medium,M,4,5923,0,32,Afternoon
9245,C,Ship,4,1,224,2,low,M,10,4653,0,39,Morning
9246,F,Ship,4,3,174,3,medium,M,2,4069,0,22,Afternoon
9247,D,Ship,4,5,209,3,medium,F,4,4809,1,10,Night
9248,F,Ship,4,3,256,2,medium,F,3,4679,0,21,Morning
9249,A,Ship,4,2,231,4,medium,M,9,5194,1,4,Night
9250,B,Ship,2,1,228,2,low,F,2,5435,1,23,Night
9251,C,Ship,4,2,198,3,medium,M,10,5487,0,24,Morning
9252,F,Ship,5,5,223,3,medium,F,3,4382,1,42,Morning
9253,D,Ship,3,4,257,4,medium,F,8,4780,1,19,Morning
9254,F,Ship,4,4,265,3,low,M,10,4741,1,11,Morning
9255,A,Ship,3,3,258,3,medium,F,7,4068,0,7,Afternoon
9256,B,Ship,3,2,272,3,low,M,7,5657,0,26,Morning
9257,C,Ship,5,3,273,4,medium,M,1,5119,1,22,Morning
9258,F,Ship,3,5,287,5,high,M,1,5263,0,3,Afternoon
9259,D,Ship,5,1,176,4,low,F,1,4270,0,45,Afternoon
9260,F,Ship,5,4,136,3,medium,M,4,5413,1,44,Night
9261,A,Ship,3,5,204,2,low,F,1,4025,0,27,Night
9262,B,Ship,4,3,213,3,medium,M,2,5432,0,39,Afternoon
9263,C,Ship,3,3,160,3,low,M,1,4769,1,14,Night
9264,F,Ship,3,5,148,2,medium,F,9,5095,0,45,Afternoon
9265,D,Ship,4,3,255,4,medium,F,10,4740,1,49,Night
9266,F,Ship,3,3,212,3,medium,M,10,5724,0,19,Afternoon
9267,A,Ship,3,3,217,3,medium,M,10,5439,1,16,Afternoon
9268,B,Ship,4,2,145,3,medium,F,7,5823,1,49,Night
9269,C,Ship,3,1,170,3,high,F,6,5750,1,44,Morning
9270,F,Ship,3,2,244,3,high,F,5,5781,0,34,Night
9271,D,Ship,3,1,151,4,medium,M,2,5016,1,30,Afternoon
9272,F,Ship,4,1,202,3,low,M,10,4454,1,9,Morning
9273,A,Ship,4,1,195,3,medium,M,2,4682,1,13,Afternoon
9274,B,Ship,3,3,150,3,medium,M,9,5852,1,42,Afternoon
9275,C,Ship,4,3,225,2,medium,F,10,5523,0,38,Morning
9276,F,Ship,4,5,142,4,medium,F,6,5027,1,48,Night
9277,D,Ship,3,3,262,4,low,M,5,4782,1,1,Night
9278,F,Ship,3,1,251,6,medium,M,10,4912,1,28,Morning
9279,A,Ship,5,5,221,2,medium,M,10,4255,0,29,Morning
9280,B,Ship,3,2,202,2,medium,F,7,5328,1,45,Afternoon
9281,C,Ship,4,3,216,4,medium,M,3,4750,1,20,Afternoon
9282,F,Ship,4,2,239,3,low,F,4,5916,1,17,Night
9283,D,Ship,2,3,192,3,low,M,4,5524,1,50,Afternoon
9284,F,Ship,3,4,185,2,medium,M,5,4574,1,49,Afternoon
9285,A,Ship,5,4,235,3,low,M,3,4411,0,36,Morning
9286,B,Ship,3,2,253,2,low,M,8,5608,1,33,Afternoon
9287,C,Ship,3,4,180,3,low,M,2,5659,0,22,Morning
9288,F,Ship,3,5,150,2,medium,M,10,5187,1,8,Afternoon
9289,D,Ship,4,2,168,6,medium,F,9,4030,1,20,Night
9290,F,Road,5,4,274,3,medium,F,1,4030,1,41,Afternoon
9291,A,Road,3,2,179,3,medium,M,9,5224,0,46,Afternoon
9292,B,Road,6,1,237,5,medium,M,3,5299,0,42,Morning
9293,C,Road,3,4,160,3,low,M,10,4602,1,34,Afternoon
9294,F,Road,4,1,225,2,low,M,4,4102,1,22,Morning
9295,D,Road,4,2,217,2,low,M,4,5539,1,41,Night
9296,F,Road,3,5,263,3,medium,M,1,4645,1,18,Afternoon
9297,A,Road,4,4,128,6,medium,F,3,5459,1,27,Afternoon
9298,B,Road,3,3,167,3,low,F,8,4420,1,48,Night
9299,C,Road,3,2,221,2,low,F,10,4312,1,5,Morning
9300,F,Road,3,3,173,2,low,M,5,4703,1,50,Afternoon
9301,D,Road,4,2,149,6,low,F,6,4904,1,14,Morning
9302,F,Road,3,5,234,2,medium,F,8,5241,0,25,Morning
9303,A,Road,3,3,237,3,medium,M,6,4918,1,14,Morning
9304,B,Road,2,4,269,4,low,M,2,4267,0,26,Afternoon
9305,C,Road,3,5,182,3,high,M,5,4183,0,36,Morning
9306,F,Road,6,3,199,4,medium,F,1,5204,1,34,Afternoon
9307,D,Road,4,1,264,4,low,F,6,4863,1,8,Night
9308,F,Road,6,5,167,3,low,F,2,5761,0,48,Afternoon
9309,A,Road,4,4,155,3,medium,F,6,5778,0,33,Night
9310,B,Road,5,1,274,2,high,F,8,4647,0,17,Afternoon
9311,C,Road,4,1,213,5,low,M,10,5492,1,2,Afternoon
9312,F,Flight,3,2,204,2,high,M,8,4562,0,45,Morning
9313,D,Flight,5,2,259,2,medium,M,7,4764,1,21,Morning
9314,F,Flight,3,1,174,3,medium,F,2,4972,1,27,Afternoon
9315,A,Flight,3,1,230,2,low,F,4,4387,0,11,Night
9316,B,Flight,5,4,260,4,low,M,4,5911,0,12,Night
9317,C,Flight,4,5,176,2,low,F,1,4155,1,4,Afternoon
9318,F,Flight,5,2,217,2,medium,F,6,4120,0,18,Morning
9319,D,Flight,4,2,219,3,low,F,9,5703,1,45,Morning
9320,F,Flight,4,1,189,3,medium,M,5,4133,1,10,Morning
9321,A,Flight,4,1,252,4,low,F,7,5459,0,18,Morning
9322,B,Flight,3,2,189,3,medium,F,2,4152,0,48,Afternoon
9323,C,Flight,5,2,159,3,low,M,5,4930,1,42,Night
9324,F,Flight,4,2,262,3,low,M,6,5381,1,40,Afternoon
9325,D,Flight,6,1,191,5,low,M,8,5156,0,5,Night
9326,F,Flight,4,1,271,4,medium,F,2,4133,0,22,Afternoon
9327,A,Flight,4,5,196,5,low,F,2,5840,1,48,Night
9328,B,Flight,4,3,261,6,low,F,6,5068,1,14,Night
9329,C,Flight,4,5,233,6,medium,M,1,5284,1,24,Morning
9330,F,Flight,5,4,235,4,low,M,5,4506,1,46,Morning
9331,D,Flight,3,2,154,3,low,F,8,5149,0,2,Afternoon
9332,F,Flight,4,5,167,4,low,M,3,4658,1,4,Afternoon
9333,A,Flight,6,4,144,4,low,F,5,4631,1,1,Afternoon
9334,B,Ship,5,3,194,4,low,M,9,5851,1,20,Afternoon
9335,C,Ship,5,4,242,4,medium,F,5,5375,1,31,Night
9336,F,Ship,3,3,144,3,medium,M,8,5727,1,2,Night
9337,D,Ship,5,4,157,7,medium,F,9,4272,1,44,Afternoon
9338,F,Ship,4,3,184,7,medium,M,5,5920,0,11,Morning
9339,A,Ship,5,1,151,3,medium,M,2,4172,0,5,Morning
9340,B,Ship,4,1,175,3,medium,M,2,5861,1,50,Afternoon
9341,C,Ship,3,2,177,3,low,F,5,5941,1,2,Morning
9342,F,Ship,6,1,141,3,low,F,2,5144,1,22,Afternoon
9343,D,Ship,4,2,210,3,low,M,5,4746,1,28,Morning
9344,F,Ship,2,4,224,2,low,M,8,4754,1,46,Morning
9345,A,Ship,4,1,253,3,medium,F,9,5502,0,19,Morning
9346,B,Ship,4,1,157,2,medium,F,7,4690,0,10,Morning
9347,C,Ship,3,2,172,3,medium,F,8,4982,0,18,Afternoon
9348,F,Ship,3,5,193,10,high,M,6,5247,0,28,Afternoon
9349,D,Ship,6,2,255,4,low,M,9,1157,1,40,Afternoon
9350,F,Ship,7,5,255,4,low,F,2,1826,0,12,Night
9351,A,Ship,6,4,286,4,medium,F,1,1570,1,2,Afternoon
9352,B,Ship,7,1,267,4,medium,M,9,1261,0,7,Afternoon
9353,C,Ship,5,4,226,6,low,F,3,1223,0,23,Afternoon
9354,F,Ship,6,3,285,4,medium,F,1,1606,1,39,Night
9355,D,Ship,6,4,276,4,low,M,4,1662,0,39,Night
9356,F,Ship,6,4,257,4,low,F,4,1451,1,48,Morning
9357,A,Ship,6,4,287,4,medium,M,7,1141,0,29,Morning
9358,B,Ship,6,1,283,5,low,F,9,1311,0,2,Night
9359,C,Ship,6,1,309,4,medium,F,10,1904,0,5,Morning
9360,F,Ship,4,5,274,5,low,M,7,1225,1,16,Night
9361,D,Ship,7,2,244,4,medium,F,8,1477,0,39,Night
9362,F,Ship,5,4,222,6,low,F,9,1003,1,6,Afternoon
9363,A,Ship,6,1,264,4,low,M,9,1243,1,4,Night
9364,B,Ship,4,1,232,5,medium,F,7,1899,0,30,Morning
9365,C,Ship,5,1,217,2,medium,F,10,4264,1,20,Night
9366,F,Ship,4,5,219,3,low,F,1,5221,1,30,Afternoon
9367,D,Ship,4,3,189,3,medium,F,4,5613,0,5,Afternoon
9368,F,Ship,4,2,252,4,low,M,1,4705,0,43,Night
9369,A,Ship,3,3,189,3,medium,F,1,5896,0,26,Morning
9370,B,Ship,5,3,159,3,low,M,7,5462,0,39,Night
9371,C,Ship,4,3,262,3,low,F,3,4176,1,8,Night
9372,F,Ship,6,2,191,5,low,M,1,4314,1,1,Afternoon
9373,D,Ship,4,5,271,4,medium,M,9,5057,1,43,Morning
9374,F,Ship,4,2,196,5,low,M,5,4994,1,37,Night
9375,A,Ship,4,1,261,6,low,F,6,5861,1,29,Night
9376,B,Ship,4,1,233,6,medium,F,2,5406,1,39,Afternoon
9377,C,Ship,5,4,235,4,low,M,10,4880,1,23,Morning
9378,F,Ship,3,1,154,3,low,M,5,4720,0,40,Night
9379,D,Ship,4,4,167,4,low,M,2,5908,0,37,Night
9380,F,Ship,6,1,144,4,low,F,5,5121,1,50,Afternoon
9381,A,Ship,5,2,194,4,low,M,8,5650,0,4,Night
9382,B,Ship,5,3,242,4,medium,F,8,4410,0,9,Morning
9383,C,Ship,3,5,144,3,medium,F,9,5912,1,46,Afternoon
9384,F,Ship,5,4,157,7,medium,M,3,4723,1,46,Night
9385,D,Ship,4,1,184,7,medium,F,6,4956,1,32,Night
9386,F,Ship,5,1,151,3,medium,F,9,5667,1,34,Morning
9387,A,Ship,4,4,175,3,medium,M,2,4004,1,42,Night
9388,B,Ship,3,2,177,3,low,F,9,5427,1,36,Morning
9389,C,Ship,6,3,141,3,low,M,7,5222,0,13,Night
9390,F,Ship,4,2,210,3,low,F,9,4102,0,16,Afternoon
9391,D,Ship,2,3,224,2,low,F,5,5050,1,27,Morning
9392,F,Ship,4,4,253,3,medium,F,4,5236,1,22,Afternoon
9393,A,Ship,4,5,157,2,medium,F,1,5054,1,30,Morning
9394,B,Ship,3,1,172,3,medium,M,5,5696,0,38,Night
9395,C,Ship,3,1,193,10,high,F,1,4459,1,32,Night
9396,F,Ship,6,3,255,4,low,M,6,1654,0,15,Night
9397,D,Ship,7,5,255,4,low,M,7,1104,1,32,Night
9398,F,Ship,6,4,286,4,medium,F,1,1539,0,10,Night
9399,A,Ship,7,3,267,4,medium,F,10,1548,1,9,Night
9400,B,Ship,5,4,226,6,low,M,1,1327,1,36,Afternoon
9401,C,Ship,6,4,285,4,medium,M,4,1244,0,38,Morning
9402,F,Ship,6,3,276,4,low,F,8,1754,0,29,Morning
9403,D,Ship,6,3,257,4,low,F,2,1694,1,17,Morning
9404,F,Ship,6,1,287,4,medium,M,5,1791,0,26,Afternoon
9405,A,Ship,6,1,283,5,low,F,5,1298,1,6,Morning
9406,B,Ship,6,2,309,4,medium,F,8,1930,1,6,Morning
9407,C,Ship,4,1,274,5,low,F,5,1581,0,5,Afternoon
9408,F,Ship,7,3,244,4,medium,M,10,1629,1,31,Morning
9409,D,Ship,5,5,222,6,low,M,1,1962,1,41,Night
9410,F,Ship,7,1,264,4,medium,F,5,1238,1,41,Night
9411,A,Ship,4,4,258,5,low,M,7,1261,0,48,Afternoon
9412,B,Ship,5,5,236,5,low,F,7,1137,1,20,Morning
9413,C,Ship,6,3,304,4,low,F,9,1401,1,47,Morning
9414,F,Ship,6,3,244,5,medium,F,5,1092,1,22,Night
9415,D,Ship,7,1,301,4,low,M,10,1869,1,13,Afternoon
9416,F,Ship,4,4,275,5,medium,M,5,1117,1,48,Afternoon
9417,A,Ship,5,4,236,5,low,M,6,1829,0,16,Afternoon
9418,B,Ship,6,3,286,4,medium,M,4,1169,1,32,Afternoon
9419,C,Ship,5,4,238,6,low,M,6,1850,0,6,Morning
9420,F,Ship,7,3,300,4,medium,F,5,1244,1,39,Morning
9421,D,Ship,6,2,292,4,medium,M,2,1149,0,41,Morning
9422,F,Ship,5,2,172,2,low,M,9,1097,1,38,Night
9423,A,Ship,2,1,181,5,medium,M,3,1038,1,24,Night
9424,B,Ship,7,5,289,4,low,M,9,1904,1,18,Morning
9425,C,Ship,7,5,256,4,medium,M,4,1139,0,37,Afternoon
9426,F,Ship,4,5,251,5,medium,M,10,1683,0,23,Morning
9427,D,Road,6,5,245,4,low,M,3,1716,1,35,Morning
9428,F,Road,5,2,266,5,medium,M,8,1367,1,33,Morning
9429,A,Road,4,1,220,5,low,F,9,1817,1,39,Afternoon
9430,B,Road,4,2,274,5,low,F,8,1246,1,9,Morning
9431,C,Road,7,5,301,4,low,M,9,1660,0,6,Morning
9432,F,Road,6,5,285,4,low,M,8,1028,0,33,Morning
9433,D,Road,6,3,271,4,low,F,2,1364,0,26,Morning
9434,F,Road,4,3,241,5,low,F,2,1442,1,34,Night
9435,A,Road,3,1,146,5,low,M,10,1737,1,12,Afternoon
9436,B,Road,6,4,256,4,medium,F,9,1791,1,36,Morning
9437,C,Road,6,2,235,5,low,F,5,1051,0,35,Night
9438,F,Road,5,5,275,3,low,F,9,1691,0,41,Night
9439,D,Road,6,4,205,4,low,F,10,1974,0,15,Afternoon
9440,F,Road,5,4,244,5,medium,F,1,1320,1,1,Morning
9441,A,Road,5,2,269,6,medium,F,5,1097,1,11,Morning
9442,B,Road,4,1,238,5,medium,F,3,1913,1,35,Afternoon
9443,C,Road,5,4,217,5,low,F,8,1803,1,47,Morning
9444,F,Road,5,2,258,5,low,M,3,1824,1,7,Morning
9445,D,Road,7,1,269,5,medium,F,5,1402,1,20,Afternoon
9446,F,Road,4,2,259,5,low,M,6,1827,0,21,Night
9447,A,Road,6,5,260,4,low,F,8,1347,0,19,Afternoon
9448,B,Road,5,5,227,5,medium,F,2,1436,0,43,Night
9449,C,Flight,4,2,223,6,low,F,10,1650,0,49,Night
9450,F,Flight,5,2,221,5,medium,M,10,1160,1,26,Night
9451,D,Flight,7,4,296,4,low,F,10,1033,1,17,Afternoon
9452,F,Flight,5,3,228,5,high,M,9,1924,1,43,Night
9453,A,Flight,4,4,275,5,medium,M,7,1562,0,46,Morning
9454,B,Flight,5,3,230,5,medium,M,4,1123,1,45,Night
9455,C,Flight,5,1,241,5,medium,M,3,1379,1,11,Afternoon
9456,F,Flight,4,2,270,5,low,F,5,1747,0,13,Night
9457,D,Flight,6,4,264,5,medium,F,7,1220,0,10,Night
9458,F,Flight,4,4,260,5,low,F,5,1178,0,28,Night
9459,A,Flight,5,1,271,5,low,M,4,1353,1,26,Morning
9460,B,Flight,5,5,286,4,high,F,10,1071,0,15,Afternoon
9461,C,Flight,6,1,279,4,low,F,4,1263,0,22,Afternoon
9462,F,Flight,6,3,271,4,low,F,6,1934,1,24,Afternoon
9463,D,Flight,3,5,206,4,low,M,6,5038,1,39,Morning
9464,F,Flight,5,2,205,3,medium,F,1,4351,1,30,Night
9465,A,Flight,5,2,233,3,medium,F,10,4233,0,21,Night
9466,B,Flight,5,1,207,3,low,F,1,4112,1,30,Night
9467,C,Flight,4,1,174,4,low,M,3,5295,1,5,Afternoon
9468,F,Flight,3,4,191,3,medium,F,10,4667,1,35,Morning
9469,D,Flight,4,4,156,2,medium,F,7,5938,1,26,Morning
9470,F,Flight,4,4,137,3,medium,F,8,4066,0,35,Night
9471,A,Ship,3,3,251,3,low,M,8,4246,1,20,Afternoon
9472,B,Ship,5,3,194,3,low,M,7,5545,1,22,Morning
9473,C,Ship,4,1,141,3,low,F,6,5273,1,1,Night
9474,F,Ship,5,1,137,3,medium,F,10,4641,1,9,Afternoon
9475,D,Ship,3,1,221,3,medium,M,10,5696,0,6,Afternoon
9476,F,Ship,3,1,270,2,medium,M,6,4966,1,16,Night
9477,A,Ship,3,3,133,3,low,F,2,4926,1,49,Night
9478,B,Ship,4,4,181,3,medium,F,9,4425,0,19,Night
9479,C,Ship,6,4,147,3,low,M,4,4549,0,42,Night
9480,F,Ship,4,3,250,2,high,F,10,4885,0,2,Night
9481,D,Ship,3,5,184,2,high,M,3,4883,1,27,Morning
9482,F,Ship,5,1,234,3,low,F,4,5033,1,29,Night
9483,A,Ship,3,3,126,6,low,M,8,5084,0,5,Night
9484,B,Ship,3,2,241,3,medium,F,9,4301,1,31,Night
9485,C,Ship,3,5,218,2,medium,F,6,4072,1,37,Afternoon
9486,F,Ship,3,5,98,3,medium,F,3,5553,0,45,Morning
9487,D,Ship,3,5,211,2,medium,F,9,4577,0,50,Morning
9488,F,Ship,4,2,216,3,low,M,2,4750,0,27,Morning
9489,A,Ship,3,3,203,3,medium,F,4,5548,1,37,Night
9490,B,Ship,3,4,266,3,medium,M,9,5908,0,31,Night
9491,C,Ship,4,1,155,3,medium,M,9,4443,1,47,Night
9492,F,Ship,3,5,156,2,medium,F,8,5848,1,16,Afternoon
9493,D,Ship,5,2,169,5,medium,F,2,4542,1,36,Morning
9494,F,Ship,4,5,241,4,medium,F,10,4126,0,42,Night
9495,A,Ship,4,5,199,4,medium,M,1,5585,0,7,Night
9496,B,Ship,4,3,184,3,low,F,9,5602,1,5,Afternoon
9497,C,Ship,3,3,221,3,low,F,5,4388,1,34,Morning
9498,F,Ship,4,3,258,3,medium,F,7,4887,0,25,Morning
9499,D,Ship,5,4,193,3,medium,M,3,4559,1,2,Morning
9500,F,Ship,2,2,156,4,high,M,9,4184,0,23,Afternoon
9501,A,Ship,4,2,201,3,medium,F,4,4613,1,9,Night
9502,B,Ship,4,2,171,3,medium,M,4,5859,1,11,Afternoon
9503,C,Ship,3,4,193,6,low,M,2,5584,1,33,Morning
9504,F,Ship,5,2,254,2,medium,M,4,4180,0,41,Night
9505,D,Ship,4,4,251,3,medium,F,9,5350,0,14,Afternoon
9506,F,Ship,5,3,171,3,low,F,7,4946,1,41,Night
9507,A,Ship,4,1,243,3,medium,M,10,5832,1,11,Morning
9508,B,Ship,3,4,253,3,medium,M,4,4269,1,8,Night
9509,C,Ship,3,5,137,3,low,M,3,5497,0,17,Afternoon
9510,F,Ship,5,2,149,2,low,F,6,4661,1,16,Afternoon
9511,D,Ship,4,1,183,3,low,M,3,5178,0,29,Morning
9512,F,Ship,4,5,171,3,low,F,10,4752,0,5,Night
9513,A,Ship,4,5,102,5,low,F,3,5767,1,23,Afternoon
9514,B,Ship,3,3,249,4,low,M,7,5868,0,40,Night
9515,C,Ship,3,4,255,3,medium,F,10,5291,0,9,Afternoon
9516,F,Ship,3,1,150,2,low,F,6,5697,1,47,Afternoon
9517,D,Ship,4,4,169,4,medium,F,8,5493,1,26,Night
9518,F,Ship,4,1,208,3,medium,F,8,4890,0,21,Night
9519,A,Ship,3,3,154,4,high,F,2,4921,0,49,Afternoon
9520,B,Ship,2,2,101,5,medium,F,6,4196,1,10,Morning
9521,C,Ship,5,1,203,3,low,M,10,4750,1,28,Morning
9522,F,Ship,5,3,234,6,medium,F,8,5003,1,2,Night
9523,D,Ship,3,1,133,4,medium,F,6,5162,1,17,Afternoon
9524,F,Ship,3,3,222,4,low,F,6,5284,0,3,Night
9525,A,Ship,3,5,258,3,low,F,5,4494,1,5,Morning
9526,B,Ship,3,5,251,3,low,M,1,5073,1,14,Night
9527,C,Ship,4,2,241,6,medium,M,5,4880,0,31,Afternoon
9528,F,Ship,4,1,164,4,medium,M,3,5318,0,48,Morning
9529,D,Ship,5,4,273,2,low,F,1,5008,0,42,Morning
9530,F,Ship,3,1,266,3,low,M,6,4010,1,17,Afternoon
9531,A,Ship,4,2,144,5,low,F,3,5807,0,11,Night
9532,B,Ship,2,1,208,2,low,M,10,4671,0,22,Night
9533,C,Ship,2,4,178,4,medium,F,8,4620,1,25,Morning
9534,F,Ship,3,3,246,4,low,F,3,4316,1,25,Morning
9535,D,Ship,3,1,131,6,medium,M,8,5352,1,27,Afternoon
9536,F,Ship,2,2,156,3,low,F,5,4151,0,8,Morning
9537,A,Ship,3,2,222,4,medium,M,10,5720,1,21,Morning
9538,B,Ship,3,3,275,3,medium,M,7,4968,1,44,Afternoon
9539,C,Ship,3,2,212,3,medium,M,10,4117,1,47,Morning
9540,F,Ship,5,4,275,2,medium,M,7,5292,1,18,Night
9541,D,Ship,5,1,189,2,medium,M,8,5219,1,22,Night
9542,F,Ship,3,4,171,3,low,M,10,4839,1,34,Morning
9543,A,Ship,3,1,242,5,low,F,3,4026,1,37,Morning
9544,B,Ship,3,5,247,3,medium,F,7,4966,1,43,Afternoon
9545,C,Ship,3,3,149,2,low,M,8,4556,1,5,Morning
9546,F,Ship,3,3,190,3,low,F,9,5279,1,37,Night
9547,D,Ship,3,2,189,2,low,M,6,4488,0,35,Morning
9548,F,Ship,3,2,153,4,high,M,7,4750,0,14,Night
9549,A,Ship,4,1,173,2,low,M,5,4688,1,43,Afternoon
9550,B,Ship,5,3,117,4,low,F,3,5078,1,40,Afternoon
9551,C,Ship,6,5,204,3,medium,M,7,4119,1,30,Morning
9552,F,Ship,3,1,274,4,low,M,3,5979,1,39,Afternoon
9553,D,Ship,6,1,276,2,low,M,10,5108,1,1,Afternoon
9554,F,Ship,3,1,189,4,low,F,4,4785,1,48,Morning
9555,A,Ship,3,2,204,2,low,F,2,5033,0,44,Night
9556,B,Ship,3,3,229,3,medium,F,8,4549,1,13,Night
9557,C,Ship,3,1,257,2,medium,F,2,5815,1,5,Night
9558,F,Ship,4,5,184,3,low,M,5,4039,0,28,Afternoon
9559,D,Ship,3,5,157,4,medium,F,2,4640,1,33,Morning
9560,F,Ship,4,3,173,3,medium,M,5,5331,0,40,Afternoon
9561,A,Ship,3,2,236,2,medium,M,2,4239,0,43,Night
9562,B,Ship,4,1,234,3,low,M,2,4282,1,30,Night
9563,C,Ship,4,4,237,3,medium,M,2,4760,1,30,Morning
9564,F,Road,4,5,191,2,low,M,10,5068,0,14,Afternoon
9565,D,Road,4,4,222,3,medium,M,2,5140,1,37,Morning
9566,F,Road,4,4,153,2,low,F,8,4248,1,26,Afternoon
9567,A,Road,4,1,224,2,medium,M,2,4581,0,21,Morning
9568,B,Road,5,4,201,2,low,M,5,5593,0,11,Night
9569,C,Road,4,2,169,3,low,M,10,4309,0,49,Morning
9570,F,Road,3,2,133,5,medium,M,9,5744,0,28,Afternoon
9571,D,Road,4,4,146,2,medium,F,5,4356,1,41,Morning
9572,F,Road,4,1,230,3,low,M,8,4107,0,47,Morning
9573,A,Road,3,1,195,5,low,F,4,4034,1,50,Morning
9574,B,Road,4,4,204,3,low,F,9,4757,1,43,Afternoon
9575,C,Road,6,2,191,6,medium,M,7,5333,0,12,Afternoon
9576,F,Road,5,5,199,3,high,M,6,5547,0,47,Afternoon
9577,D,Road,3,4,192,4,medium,M,3,4030,1,10,Night
9578,F,Road,3,1,187,2,low,F,10,5064,0,2,Afternoon
9579,A,Road,3,1,236,3,medium,F,8,5341,0,4,Morning
9580,B,Road,4,5,176,3,high,F,1,5096,0,37,Night
9581,C,Road,6,2,239,4,medium,F,7,4589,1,4,Night
9582,F,Road,4,4,280,3,medium,M,5,5624,1,6,Afternoon
9583,D,Road,5,5,184,2,medium,M,9,4649,0,35,Night
9584,F,Road,3,2,145,2,low,M,3,4409,1,44,Afternoon
9585,A,Road,6,5,248,3,low,F,3,5709,0,35,Afternoon
9586,B,Flight,2,4,184,5,medium,M,9,5812,1,19,Morning
9587,C,Flight,4,5,265,2,low,M,9,5040,1,5,Night
9588,F,Flight,5,1,170,4,medium,M,4,5113,0,16,Afternoon
9589,D,Flight,2,1,181,4,low,F,2,4747,1,13,Night
9590,F,Flight,3,4,166,4,low,F,1,5533,0,13,Night
9591,A,Flight,4,4,137,4,medium,F,5,5095,1,4,Night
9592,B,Flight,4,1,173,5,low,F,5,5049,0,44,Afternoon
9593,C,Flight,4,3,249,4,medium,M,10,5614,1,31,Afternoon
9594,F,Flight,5,4,205,3,low,F,3,4157,0,31,Afternoon
9595,D,Flight,4,5,251,5,high,M,8,4573,1,44,Morning
9596,F,Flight,4,5,249,3,low,F,7,5509,1,46,Morning
9597,A,Flight,4,3,177,3,low,F,7,4834,0,39,Night
9598,B,Flight,3,5,268,3,low,M,7,4910,1,11,Afternoon
9599,C,Flight,6,1,215,4,low,M,1,4581,0,16,Night
9600,F,Flight,4,1,149,3,low,M,2,4499,1,28,Afternoon
9601,D,Flight,4,4,132,3,medium,F,5,4613,1,33,Afternoon
9602,F,Flight,3,1,246,3,low,F,10,4707,0,5,Morning
9603,A,Flight,3,4,155,3,medium,M,9,5718,0,41,Morning
9604,B,Flight,5,3,206,2,medium,M,7,4531,0,45,Night
9605,C,Flight,4,2,134,3,medium,F,1,4064,0,22,Night
9606,F,Flight,5,2,255,2,medium,M,9,5609,1,13,Afternoon
9607,D,Flight,3,1,168,4,medium,F,9,5136,1,40,Night
9608,F,Ship,4,1,140,2,low,M,8,4926,1,8,Night
9609,A,Ship,5,3,191,3,high,F,6,4244,1,48,Afternoon
9610,B,Ship,4,3,231,3,medium,F,8,5069,0,45,Night
9611,C,Ship,3,3,264,2,low,M,2,4350,1,42,Night
9612,F,Ship,5,3,137,3,low,M,6,5357,1,36,Afternoon
9613,D,Ship,5,3,170,3,medium,F,4,4446,0,35,Morning
9614,F,Ship,4,4,256,3,low,F,5,5399,1,8,Morning
9615,A,Ship,5,1,176,6,medium,M,9,4839,0,1,Morning
9616,B,Ship,3,2,198,4,low,F,3,4172,0,26,Night
9617,C,Ship,4,1,272,2,low,M,1,5666,1,22,Night
9618,F,Ship,4,4,149,3,medium,F,2,4241,0,45,Morning
9619,D,Ship,5,3,192,7,medium,M,10,5976,1,40,Morning
9620,F,Ship,6,5,117,7,medium,M,6,5529,0,31,Morning
9621,A,Ship,2,4,180,2,low,F,6,5579,1,47,Afternoon
9622,B,Ship,3,2,158,2,medium,F,8,5907,1,45,Afternoon
9623,C,Ship,5,2,266,10,high,M,9,4784,0,39,Night
9624,F,Ship,6,3,304,4,low,M,3,1752,0,10,Afternoon
9625,D,Ship,6,3,244,5,medium,F,1,1847,0,20,Morning
9626,F,Ship,7,4,301,4,low,F,1,1150,1,45,Morning
9627,A,Ship,4,2,275,5,medium,M,5,1900,1,47,Night
9628,B,Ship,5,5,236,5,low,M,3,1933,0,29,Morning
9629,C,Ship,6,1,286,4,medium,M,10,1177,0,47,Night
9630,F,Ship,5,5,238,6,low,M,3,1351,1,12,Morning
9631,D,Ship,7,1,300,4,medium,F,10,1148,0,3,Night
9632,F,Ship,6,4,292,4,medium,M,8,1779,0,11,Afternoon
9633,A,Ship,5,1,172,2,low,F,9,1723,1,23,Morning
9634,B,Ship,2,4,181,5,medium,F,9,1368,1,48,Morning
9635,C,Ship,7,3,289,4,low,F,3,1037,0,44,Night
9636,F,Ship,7,3,256,4,medium,M,4,1628,1,35,Afternoon
9637,D,Ship,4,4,251,5,medium,F,2,1329,0,30,Afternoon
9638,F,Ship,6,5,245,4,low,M,2,1832,0,40,Night
9639,A,Ship,4,4,140,2,low,M,6,4703,1,44,Night
9640,B,Ship,5,4,191,3,high,F,7,4435,0,20,Night
9641,C,Ship,4,3,231,3,medium,M,8,4991,1,6,Morning
9642,F,Ship,3,2,264,2,low,M,6,5702,0,33,Afternoon
9643,D,Ship,5,2,137,3,low,F,1,5242,1,5,Morning
9644,F,Ship,5,3,170,3,medium,M,6,5226,1,44,Morning
9645,A,Ship,4,1,256,3,low,M,6,5818,1,13,Afternoon
9646,B,Ship,5,4,176,6,medium,M,9,4605,1,9,Night
9647,C,Ship,3,5,198,4,low,F,10,4829,1,22,Afternoon
9648,F,Ship,4,1,272,2,low,M,2,5022,1,18,Night
9649,D,Ship,4,3,149,3,medium,F,5,4031,1,13,Afternoon
9650,F,Ship,5,2,192,7,medium,M,2,4045,0,44,Morning
9651,A,Ship,6,1,117,7,medium,F,4,4211,1,42,Morning
9652,B,Ship,2,4,180,2,low,F,5,4010,0,18,Morning
9653,C,Ship,3,2,158,2,medium,M,9,4881,1,24,Night
9654,F,Ship,5,5,266,10,high,F,2,5890,1,33,Afternoon
9655,D,Ship,6,3,304,4,low,M,5,1215,0,21,Night
9656,F,Ship,6,3,244,5,medium,F,4,1121,0,41,Night
9657,A,Ship,7,2,301,4,low,M,1,1339,1,46,Afternoon
9658,B,Ship,4,3,275,5,medium,M,5,1329,1,2,Night
9659,C,Ship,5,4,236,5,low,M,1,1682,1,39,Afternoon
9660,F,Ship,6,5,286,4,medium,F,3,1773,0,49,Morning
9661,D,Ship,5,1,238,6,low,F,9,1192,1,29,Morning
9662,F,Ship,7,2,300,4,medium,M,3,1070,0,33,Morning
9663,A,Ship,6,4,292,4,medium,F,1,1372,0,19,Night
9664,B,Ship,5,2,172,2,low,F,2,1680,1,27,Night
9665,C,Ship,2,5,181,5,medium,F,5,1043,1,1,Afternoon
9666,F,Ship,7,5,289,4,low,F,10,1074,0,9,Morning
9667,D,Ship,7,5,256,4,medium,F,2,1396,1,48,Night
9668,F,Ship,4,5,251,5,medium,F,6,1434,1,47,Morning
9669,A,Ship,6,4,279,4,low,F,1,1621,1,16,Night
9670,B,Ship,6,5,271,4,low,M,3,1710,0,18,Afternoon
9671,C,Ship,4,2,258,5,medium,M,1,1920,1,30,Night
9672,F,Ship,6,5,245,4,low,F,7,1521,1,5,Night
9673,D,Ship,6,4,296,4,low,M,7,1969,1,41,Afternoon
9674,F,Ship,5,3,267,5,low,F,1,1505,1,46,Morning
9675,A,Ship,6,5,268,4,medium,M,2,1462,1,17,Night
9676,B,Ship,7,2,277,5,low,F,1,1700,0,10,Night
9677,C,Ship,6,2,259,4,low,M,5,1771,0,33,Afternoon
9678,F,Ship,5,1,275,5,low,F,3,1062,1,29,Afternoon
9679,D,Ship,6,5,298,4,low,M,3,1009,0,43,Night
9680,F,Ship,5,2,243,5,medium,F,4,1013,0,42,Afternoon
9681,A,Ship,7,3,255,4,medium,F,4,1373,1,46,Night
9682,B,Ship,4,3,232,5,low,F,9,1856,1,38,Afternoon
9683,C,Ship,6,5,254,4,medium,M,4,1887,0,6,Morning
9684,F,Ship,4,1,234,5,low,M,3,1134,1,1,Morning
9685,D,Ship,6,1,303,4,low,F,9,1080,1,29,Afternoon
9686,F,Ship,6,3,262,4,low,F,5,1563,1,4,Afternoon
9687,A,Ship,5,5,218,5,medium,F,7,1692,1,36,Night
9688,B,Ship,4,5,241,5,low,M,2,1043,1,5,Morning
9689,C,Ship,6,3,267,4,medium,M,1,1942,0,17,Night
9690,F,Ship,7,1,301,4,low,F,6,1052,0,8,Afternoon
9691,D,Ship,5,4,221,5,low,F,8,1927,0,7,Night
9692,F,Ship,6,5,275,4,low,M,2,1700,0,13,Morning
9693,A,Ship,6,4,292,4,medium,M,5,1793,1,32,Afternoon
9694,B,Ship,5,4,245,6,medium,M,9,1660,1,40,Night
9695,C,Ship,6,3,301,5,low,F,2,1452,0,34,Night
9696,F,Ship,6,3,245,4,medium,M,3,1772,0,17,Afternoon
9697,D,Ship,7,5,288,4,low,F,1,1269,0,49,Afternoon
9698,F,Ship,6,3,274,4,low,F,5,1452,1,2,Morning
9699,A,Ship,4,2,231,5,low,F,2,1465,0,11,Afternoon
9700,B,Ship,6,3,310,5,low,M,6,1139,1,7,Morning
9701,C,Road,5,3,256,6,medium,M,3,1441,1,26,Night
9702,F,Road,6,5,281,4,medium,M,5,1484,1,46,Morning
9703,D,Road,6,3,264,4,medium,F,3,1498,0,23,Night
9704,F,Road,7,3,274,5,low,F,9,1764,1,49,Night
9705,A,Road,5,2,272,5,low,M,8,1317,1,8,Night
9706,B,Road,4,5,257,5,medium,M,6,1008,1,24,Morning
9707,C,Road,6,3,310,4,low,F,2,1189,1,8,Morning
9708,F,Road,5,2,249,6,low,M,8,1170,0,33,Night
9709,D,Road,7,5,244,4,low,M,2,1330,0,10,Night
9710,F,Road,4,3,219,6,medium,F,2,1634,1,16,Morning
9711,A,Road,7,1,264,4,medium,F,2,1540,1,28,Morning
9712,B,Road,4,5,217,5,low,F,3,1572,0,3,Night
9713,C,Road,6,1,280,4,low,F,5,1624,1,1,Afternoon
9714,F,Road,4,2,247,5,low,M,10,1515,1,35,Night
9715,D,Road,3,4,270,6,low,F,7,4098,0,1,Afternoon
9716,F,Road,4,5,248,3,low,F,2,5310,0,34,Night
9717,A,Road,4,3,167,2,medium,F,1,5409,0,28,Afternoon
9718,B,Road,4,5,268,3,medium,M,9,5521,0,19,Afternoon
9719,C,Road,3,4,257,5,medium,M,10,4901,0,35,Afternoon
9720,F,Road,5,2,152,3,low,F,4,4770,0,25,Afternoon
9721,D,Road,4,2,147,3,low,M,3,4152,0,49,Morning
9722,F,Road,3,4,179,2,low,M,5,4882,0,26,Afternoon
9723,A,Flight,3,4,201,3,medium,M,10,4032,0,29,Morning
9724,B,Flight,3,2,140,3,medium,M,8,5724,1,24,Afternoon
9725,C,Flight,5,1,139,3,medium,M,2,5632,1,4,Afternoon
9726,F,Flight,4,1,152,5,medium,M,8,5711,1,34,Night
9727,D,Flight,6,4,171,5,medium,M,9,4376,0,45,Night
9728,F,Flight,5,4,97,3,medium,F,8,4577,1,10,Morning
9729,A,Flight,4,2,257,3,medium,M,8,5772,1,47,Afternoon
9730,B,Flight,4,1,154,4,medium,M,1,5480,1,4,Morning
9731,C,Flight,3,5,138,2,medium,M,1,4881,0,49,Afternoon
9732,F,Flight,5,5,173,2,low,M,7,4716,1,25,Morning
9733,D,Flight,3,5,252,3,medium,F,8,4557,0,13,Morning
9734,F,Flight,5,2,251,2,low,M,2,4245,0,44,Morning
9735,A,Flight,3,5,223,4,high,F,7,5042,0,17,Night
9736,B,Flight,5,2,261,3,high,M,3,5303,0,18,Night
9737,C,Flight,4,2,111,2,high,F,4,5393,1,20,Night
9738,F,Flight,3,2,210,3,low,F,9,4731,0,50,Night
9739,D,Flight,4,1,161,3,low,M,1,4789,1,35,Morning
9740,F,Flight,3,4,143,3,low,M,10,5261,1,46,Night
9741,A,Flight,4,3,170,2,low,M,2,5607,1,15,Night
9742,B,Flight,2,5,151,3,medium,M,9,4767,0,33,Afternoon
9743,C,Flight,3,3,154,2,low,M,1,5884,0,27,Afternoon
9744,F,Flight,4,4,146,3,medium,F,6,4672,0,37,Morning
9745,D,Ship,5,1,238,5,low,F,5,5854,1,35,Afternoon
9746,F,Ship,4,2,264,2,low,F,9,4490,1,26,Afternoon
9747,A,Ship,4,5,196,3,low,F,4,5610,1,18,Morning
9748,B,Ship,5,4,164,3,low,M,9,5135,0,50,Afternoon
9749,C,Ship,4,2,144,4,medium,F,2,4316,1,11,Morning
9750,F,Ship,3,5,147,2,medium,M,6,4350,1,8,Night
9751,D,Ship,3,4,181,3,high,F,9,5470,1,12,Afternoon
9752,F,Ship,4,3,212,3,low,F,1,4518,1,25,Night
9753,A,Ship,2,3,258,2,low,M,4,5052,0,40,Night
9754,B,Ship,3,5,202,2,medium,F,8,4552,0,18,Afternoon
9755,C,Ship,4,5,143,3,medium,M,2,5286,0,42,Night
9756,F,Ship,5,3,175,3,medium,F,7,5047,0,44,Night
9757,D,Ship,5,1,135,3,low,F,10,5301,0,16,Night
9758,F,Ship,2,5,249,3,low,F,3,4169,1,44,Night
9759,A,Ship,4,2,202,3,medium,M,7,5821,1,46,Night
9760,B,Ship,4,5,135,3,low,F,6,4557,1,7,Afternoon
9761,C,Ship,3,2,268,4,low,M,6,4415,1,19,Morning
9762,F,Ship,4,3,103,2,low,M,4,5146,1,41,Afternoon
9763,D,Ship,6,4,225,4,medium,M,10,4723,1,4,Morning
9764,F,Ship,6,5,211,6,low,M,3,4957,1,15,Morning
9765,A,Ship,3,5,161,2,low,F,8,5021,1,43,Morning
9766,B,Ship,4,4,155,2,medium,F,6,5942,1,48,Afternoon
9767,C,Ship,5,2,182,4,medium,F,9,5159,1,10,Morning
9768,F,Ship,5,5,124,3,low,M,10,4331,1,45,Afternoon
9769,D,Ship,4,3,167,3,high,F,4,6000,0,41,Night
9770,F,Ship,4,4,246,3,low,F,7,4090,1,9,Morning
9771,A,Ship,3,2,196,5,medium,F,6,5692,1,7,Afternoon
9772,B,Ship,3,5,211,2,low,F,5,5877,0,6,Morning
9773,C,Ship,2,1,234,4,medium,F,9,5075,1,42,Morning
9774,F,Ship,3,5,174,6,low,M,6,5713,1,11,Night
9775,D,Ship,5,4,190,3,medium,F,4,4424,0,1,Night
9776,F,Ship,4,1,255,3,medium,F,6,4313,0,17,Night
9777,A,Ship,3,1,192,3,medium,M,4,4997,0,30,Afternoon
9778,B,Ship,5,2,174,3,low,F,10,5973,0,25,Night
9779,C,Ship,3,1,263,3,medium,F,4,4208,1,17,Night
9780,F,Ship,5,5,251,2,high,F,3,4741,0,44,Afternoon
9781,D,Ship,5,3,223,3,low,F,2,4671,0,47,Night
9782,F,Ship,3,3,168,2,low,M,1,5097,0,23,Afternoon
9783,A,Ship,3,4,213,3,high,M,7,5516,0,45,Morning
9784,B,Ship,4,3,99,6,medium,M,9,5903,1,39,Afternoon
9785,C,Ship,4,4,267,3,medium,M,9,5254,1,17,Afternoon
9786,F,Ship,5,1,183,3,medium,F,8,4531,1,29,Morning
9787,D,Ship,4,4,180,3,low,M,3,5031,1,21,Morning
9788,F,Ship,2,1,206,2,low,M,7,4721,1,22,Morning
9789,A,Ship,4,2,216,3,low,M,10,4636,1,29,Night
9790,B,Ship,5,5,167,3,low,M,10,5591,1,4,Morning
9791,C,Ship,3,2,162,3,medium,M,4,4812,0,16,Morning
9792,F,Ship,3,1,250,3,medium,F,6,5832,1,22,Afternoon
9793,D,Ship,4,2,245,3,medium,M,1,4731,0,50,Night
9794,F,Ship,3,4,226,3,low,F,7,4411,0,4,Morning
9795,A,Ship,5,1,226,2,medium,M,6,5395,1,11,Afternoon
9796,B,Ship,5,4,222,2,high,M,8,4996,0,7,Night
9797,C,Ship,4,1,177,2,low,M,2,5911,1,26,Morning
9798,F,Ship,4,4,223,3,high,F,5,5654,1,17,Night
9799,D,Ship,5,5,210,6,low,M,3,5051,1,35,Morning
9800,F,Ship,4,2,170,2,low,M,3,4299,1,34,Night
9801,A,Ship,5,5,135,4,low,M,8,5029,1,10,Night
9802,B,Ship,3,5,192,4,medium,F,7,4741,0,40,Afternoon
9803,C,Ship,4,2,204,3,medium,F,3,4001,1,26,Night
9804,F,Ship,3,4,244,3,medium,M,4,4458,1,48,Night
9805,D,Ship,3,2,255,4,low,F,8,5511,1,29,Morning
9806,F,Ship,4,5,160,2,medium,F,8,5234,1,35,Afternoon
9807,A,Ship,4,1,150,2,low,M,5,4133,1,18,Night
9808,B,Ship,4,2,242,6,medium,F,10,5655,0,50,Afternoon
9809,C,Ship,4,5,240,6,medium,F,9,5498,0,25,Afternoon
9810,F,Ship,2,4,246,2,low,M,10,5337,0,9,Morning
9811,D,Ship,3,1,232,2,low,F,3,4562,0,50,Morning
9812,F,Ship,4,3,274,3,low,F,5,4409,1,37,Morning
9813,A,Ship,4,3,253,3,low,F,5,5703,1,17,Afternoon
9814,B,Ship,5,1,229,4,medium,M,1,4584,0,48,Morning
9815,C,Ship,4,4,131,3,medium,F,10,4625,1,4,Afternoon
9816,F,Ship,4,3,125,3,low,F,10,5883,1,35,Morning
9817,D,Ship,3,3,201,3,low,F,2,5540,0,41,Afternoon
9818,F,Ship,4,4,207,3,medium,F,1,4019,1,31,Morning
9819,A,Ship,3,1,144,2,medium,M,8,5378,0,45,Afternoon
9820,B,Ship,3,5,109,4,medium,F,4,4308,1,31,Night
9821,C,Ship,4,2,161,2,high,F,8,5654,0,18,Afternoon
9822,F,Ship,4,2,151,3,medium,M,3,5154,0,32,Morning
9823,D,Ship,3,3,149,4,low,F,2,5282,1,21,Afternoon
9824,F,Ship,5,5,239,3,low,M,5,4122,1,32,Afternoon
9825,A,Ship,4,3,287,5,medium,M,6,4376,0,35,Afternoon
9826,B,Ship,3,3,132,2,medium,F,8,5810,0,35,Night
9827,C,Ship,5,2,165,5,medium,M,9,5313,1,28,Morning
9828,F,Ship,5,4,143,2,low,M,1,5872,0,41,Night
9829,D,Ship,4,4,262,3,medium,M,2,5429,1,9,Afternoon
9830,F,Ship,5,3,201,6,low,F,3,4025,0,27,Morning
9831,A,Ship,4,3,213,4,medium,M,8,4220,1,16,Afternoon
9832,B,Ship,2,3,269,2,low,M,3,5976,1,26,Morning
9833,C,Ship,6,5,217,4,low,F,2,4073,1,14,Morning
9834,F,Ship,4,3,133,2,low,F,10,4195,1,17,Morning
9835,D,Ship,3,4,248,3,medium,M,7,5299,1,29,Morning
9836,F,Ship,4,3,244,3,low,M,9,5339,1,49,Morning
9837,A,Ship,4,1,197,3,high,M,9,4917,1,19,Night
9838,B,Road,5,5,268,4,low,F,9,4208,1,10,Afternoon
9839,C,Road,5,5,203,4,low,M,6,4557,0,3,Morning
9840,F,Road,4,4,224,2,low,F,3,4817,1,29,Night
9841,D,Road,3,4,212,3,low,M,6,5935,0,34,Morning
9842,F,Road,5,4,208,6,medium,M,8,5098,1,34,Morning
9843,A,Road,4,5,155,3,medium,M,3,5939,0,27,Afternoon
9844,B,Road,5,4,260,3,low,M,8,4535,1,31,Morning
9845,C,Road,2,2,174,3,low,F,3,5348,1,48,Afternoon
9846,F,Road,4,1,161,3,medium,M,3,4590,1,45,Morning
9847,D,Road,5,5,246,3,medium,F,7,5167,1,33,Morning
9848,F,Road,5,1,173,4,medium,F,2,4615,1,15,Morning
9849,A,Road,3,2,175,2,low,M,9,4859,1,35,Night
9850,B,Road,5,1,243,3,medium,F,10,4037,1,36,Night
9851,C,Road,3,2,122,4,low,F,9,5299,0,46,Night
9852,F,Road,4,2,219,2,low,F,1,5071,0,9,Afternoon
9853,D,Road,3,2,217,3,high,M,7,5910,1,41,Night
9854,F,Road,4,3,250,6,medium,M,2,4246,1,21,Morning
9855,A,Road,3,3,274,3,low,F,5,5981,0,24,Night
9856,B,Road,2,2,260,3,medium,F,6,4747,1,10,Afternoon
9857,C,Road,4,4,185,2,medium,F,1,4729,1,7,Afternoon
9858,F,Road,4,5,270,3,low,M,1,4131,1,37,Morning
9859,D,Road,6,3,166,5,medium,F,3,4596,0,42,Night
9860,F,Flight,4,4,160,4,low,M,1,5520,0,33,Morning
9861,A,Flight,3,2,247,3,low,M,3,4338,1,29,Morning
9862,B,Flight,4,2,272,2,low,M,1,5703,0,13,Night
9863,C,Flight,4,5,171,2,medium,F,1,4439,1,17,Night
9864,F,Flight,5,2,211,3,medium,F,8,4962,1,27,Afternoon
9865,D,Flight,3,4,271,3,medium,M,1,4444,0,23,Night
9866,F,Flight,6,4,155,5,medium,F,8,5982,1,16,Morning
9867,A,Flight,4,1,220,3,medium,F,7,4552,0,49,Morning
9868,B,Flight,3,3,220,3,low,F,10,5234,0,48,Afternoon
9869,C,Flight,2,4,285,3,high,M,6,4427,0,35,Afternoon
9870,F,Flight,3,1,109,6,low,F,5,4374,0,39,Morning
9871,D,Flight,3,4,194,3,medium,M,7,4565,1,3,Afternoon
9872,F,Flight,3,3,214,2,medium,F,9,4185,1,3,Morning
9873,A,Flight,3,5,161,3,low,F,4,5629,1,47,Afternoon
9874,B,Flight,3,5,202,4,medium,F,7,4458,1,21,Morning
9875,C,Flight,3,3,179,8,high,F,3,5429,0,32,Night
9876,F,Flight,5,1,137,5,low,F,8,4584,1,20,Afternoon
9877,D,Flight,6,1,173,3,medium,F,2,4892,1,36,Afternoon
9878,F,Flight,3,4,243,3,medium,M,6,4950,1,36,Morning
9879,A,Flight,4,2,258,5,medium,M,2,1494,1,26,Afternoon
9880,B,Flight,6,3,245,4,low,F,3,1982,0,32,Morning
9881,C,Flight,6,3,296,4,low,F,4,1650,1,50,Afternoon
9882,F,Ship,5,4,267,5,low,M,9,1113,1,40,Night
9883,D,Ship,6,5,268,4,medium,F,1,1248,0,42,Morning
9884,F,Ship,7,4,277,5,low,M,4,1373,1,8,Afternoon
9885,A,Ship,6,1,259,4,low,F,4,1198,1,45,Afternoon
9886,B,Ship,5,1,275,5,low,M,6,1156,0,24,Night
9887,C,Ship,6,3,298,4,low,F,9,1515,0,15,Morning
9888,F,Ship,5,2,243,5,medium,F,4,1385,1,14,Afternoon
9889,D,Ship,7,2,255,4,medium,F,10,1372,1,2,Morning
9890,F,Ship,4,5,232,5,low,F,3,1817,1,23,Morning
9891,A,Ship,3,4,247,3,low,F,4,5844,1,5,Morning
9892,B,Ship,4,4,272,2,low,M,1,4013,0,34,Morning
9893,C,Ship,4,1,171,2,medium,F,10,4536,1,14,Afternoon
9894,F,Ship,5,5,211,3,medium,F,7,5983,0,31,Afternoon
9895,D,Ship,3,1,271,3,medium,M,1,5486,0,38,Morning
9896,F,Ship,6,1,155,5,medium,F,8,4882,1,9,Afternoon
9897,A,Ship,4,5,220,3,medium,F,1,4912,0,13,Afternoon
9898,B,Ship,3,5,220,3,low,F,5,4407,1,13,Afternoon
9899,C,Ship,2,1,285,3,high,F,7,4999,1,46,Night
9900,F,Ship,3,1,109,6,low,F,6,5457,0,28,Afternoon
9901,D,Ship,3,2,194,3,medium,F,7,4727,0,36,Night
9902,F,Ship,3,5,214,2,medium,F,6,4578,1,25,Night
9903,A,Ship,3,5,161,3,low,F,10,5663,0,1,Afternoon
9904,B,Ship,3,3,202,4,medium,M,10,5137,0,18,Afternoon
9905,C,Ship,3,2,179,8,high,M,3,4584,1,30,Afternoon
9906,F,Ship,5,1,137,5,low,M,4,4586,0,9,Afternoon
9907,D,Ship,6,2,173,3,medium,F,4,5970,1,3,Afternoon
9908,F,Ship,3,1,243,3,medium,M,6,5371,1,4,Night
9909,A,Ship,4,5,258,5,medium,M,2,1481,1,14,Afternoon
9910,B,Ship,6,2,245,4,low,F,9,1594,1,16,Night
9911,C,Ship,6,4,296,4,low,M,4,1973,1,6,Night
9912,F,Ship,5,5,267,5,low,F,1,1352,0,18,Morning
9913,D,Ship,6,1,268,4,medium,M,10,1958,1,14,Night
9914,F,Ship,7,2,277,5,low,F,7,1260,0,18,Afternoon
9915,A,Ship,6,2,259,4,low,F,10,2000,0,30,Morning
9916,B,Ship,5,3,275,5,low,F,2,1816,1,37,Night
9917,C,Ship,6,2,298,4,low,M,2,1648,1,4,Afternoon
9918,F,Ship,5,5,243,5,medium,M,2,1817,1,32,Afternoon
9919,D,Ship,6,5,280,4,low,F,3,1819,0,10,Morning
9920,F,Ship,6,3,277,4,medium,M,6,1623,0,37,Afternoon
9921,A,Ship,6,4,284,4,low,F,7,1518,0,44,Night
9922,B,Ship,4,1,258,5,low,M,8,1306,1,15,Night
9923,C,Ship,7,1,254,4,low,F,5,1865,0,6,Morning
9924,F,Ship,5,4,263,5,medium,M,8,1548,1,26,Afternoon
9925,D,Ship,6,2,267,4,low,M,10,1580,1,47,Night
9926,F,Ship,6,3,247,4,medium,M,7,1626,0,14,Afternoon
9927,A,Ship,5,1,233,5,medium,F,6,1631,0,22,Morning
9928,B,Ship,7,2,254,4,medium,F,9,1788,1,41,Afternoon
9929,C,Ship,6,1,289,5,medium,M,7,1223,1,31,Night
9930,F,Ship,6,2,282,4,medium,M,6,1674,1,25,Night
9931,D,Ship,5,3,243,6,medium,M,10,1729,0,19,Afternoon
9932,F,Ship,5,3,243,5,medium,M,8,1223,0,49,Morning
9933,A,Ship,4,2,228,5,low,F,3,1473,0,28,Night
9934,B,Ship,5,5,235,5,low,M,4,1758,1,18,Morning
9935,C,Ship,4,4,274,6,low,M,10,1355,0,31,Morning
9936,F,Ship,6,4,254,5,medium,F,10,1435,1,3,Morning
9937,D,Ship,4,5,251,6,low,F,1,1625,1,29,Afternoon
9938,F,Ship,7,1,310,4,medium,F,8,1601,0,5,Afternoon
9939,A,Ship,7,3,288,4,medium,M,3,1989,1,29,Morning
9940,B,Ship,4,3,218,5,medium,F,9,1024,1,48,Morning
9941,C,Ship,5,5,251,5,medium,F,10,1683,1,28,Afternoon
9942,F,Ship,5,3,263,5,medium,F,6,1192,1,20,Night
9943,D,Ship,4,4,266,6,low,F,2,1776,0,49,Night
9944,F,Ship,6,2,307,4,low,F,9,1674,1,33,Morning
9945,A,Ship,7,5,268,4,medium,F,9,1754,0,5,Night
9946,B,Ship,6,5,157,5,low,F,10,1133,1,48,Afternoon
9947,C,Ship,7,3,262,4,low,F,1,1384,0,47,Afternoon
9948,F,Ship,4,2,245,5,medium,M,10,1668,0,42,Night
9949,D,Ship,5,5,217,6,medium,M,5,1616,1,32,Night
9950,F,Ship,6,3,259,4,high,F,7,1208,1,46,Afternoon
9951,A,Ship,5,2,238,5,low,F,4,1962,1,17,Night
9952,B,Ship,6,4,288,4,medium,F,9,1575,1,22,Afternoon
9953,C,Ship,7,4,284,4,low,M,3,1751,0,26,Night
9954,F,Ship,4,4,243,5,medium,M,2,1842,1,46,Afternoon
9955,D,Ship,6,2,260,4,low,F,8,1522,1,3,Night
9956,F,Ship,4,3,264,5,low,F,2,1541,1,2,Night
9957,A,Ship,5,2,269,5,medium,F,10,1113,0,43,Night
9958,B,Ship,7,4,282,4,low,M,6,1800,1,2,Morning
9959,C,Ship,5,2,250,6,low,M,1,1296,0,19,Morning
9960,F,Ship,5,5,230,5,low,F,8,1067,1,19,Afternoon
9961,D,Ship,6,5,254,4,high,F,10,1217,1,44,Night
9962,F,Ship,5,4,256,5,low,M,2,1723,0,43,Morning
9963,A,Ship,4,2,255,5,low,F,7,1378,1,20,Morning
9964,B,Ship,7,3,306,4,low,M,2,1790,0,18,Afternoon
9965,C,Ship,6,2,189,2,low,F,2,1837,1,46,Afternoon
9966,F,Ship,6,3,280,4,low,M,2,1753,1,30,Morning
9967,D,Ship,6,5,310,4,medium,F,10,1553,1,45,Morning
9968,F,Ship,5,4,266,2,medium,M,1,5494,1,14,Night
9969,A,Ship,3,3,196,3,low,M,4,5622,1,36,Night
9970,B,Ship,3,2,198,5,medium,F,6,5443,1,42,Morning
9971,C,Ship,5,5,163,2,high,M,6,5253,0,40,Afternoon
9972,F,Ship,3,3,137,3,low,F,8,4742,1,24,Afternoon
9973,D,Ship,3,1,167,2,low,F,8,4171,0,45,Afternoon
9974,F,Ship,3,5,115,2,low,M,10,4200,1,42,Night
9975,A,Road,5,2,192,2,low,M,5,4046,1,8,Afternoon
9976,B,Road,4,2,238,5,medium,M,9,4618,1,13,Afternoon
9977,C,Road,4,2,142,3,low,M,2,4790,0,38,Afternoon
9978,F,Road,3,2,256,2,low,F,7,5725,0,15,Morning
9979,D,Road,4,1,208,3,medium,F,7,4592,1,42,Night
9980,F,Road,3,2,257,2,medium,M,8,4242,0,14,Morning
9981,A,Road,4,3,227,3,medium,M,8,5829,0,33,Night
9982,B,Road,4,2,219,4,low,M,8,5660,1,29,Night
9983,C,Road,5,3,202,2,low,F,9,5645,0,48,Afternoon
9984,F,Road,4,2,158,3,medium,F,9,4078,0,50,Afternoon
9985,D,Road,6,3,235,3,low,F,7,4829,0,35,Night
9986,F,Road,4,4,233,3,low,M,9,4300,0,46,Morning
9987,A,Road,4,5,244,3,medium,M,3,5857,0,1,Night
9988,B,Road,3,5,244,5,medium,F,10,4163,1,17,Morning
9989,C,Road,3,5,148,3,low,M,4,5919,1,43,Afternoon
9990,F,Road,5,5,171,2,high,M,8,4602,1,3,Morning
9991,D,Road,5,2,197,5,low,F,4,4196,0,13,Morning
9992,F,Road,3,1,256,3,low,F,5,5643,1,35,Night
9993,A,Road,6,3,223,2,medium,M,7,5007,1,18,Morning
9994,B,Road,5,2,271,4,low,F,4,4066,1,36,Night
9995,C,Road,2,1,135,4,medium,F,8,5001,0,18,Morning
9996,F,Road,6,4,272,2,low,M,7,4145,1,15,Morning
9997,D,Flight,3,1,265,3,medium,F,10,4244,1,11,Morning
9998,F,Flight,5,5,180,2,high,M,5,4585,0,8,Afternoon
9999,A,Flight,5,3,187,3,low,M,2,5967,1,27,Morning
10000,B,Flight,3,3,158,3,low,M,1,5502,1,21,Night
10001,C,Flight,4,1,234,2,medium,F,4,5164,1,45,Afternoon
10002,F,Flight,6,4,224,5,medium,M,10,5602,1,23,Night
10003,D,Flight,4,4,153,3,medium,M,3,4422,0,46,Afternoon
10004,F,Flight,3,5,125,2,low,F,2,4182,0,16,Afternoon
10005,A,Flight,4,1,204,3,medium,M,3,4310,1,50,Morning
10006,B,Flight,3,1,199,3,high,M,3,5127,1,45,Night
10007,C,Flight,3,4,216,3,low,F,3,5149,1,22,Morning
10008,F,Flight,4,3,183,3,low,F,6,5712,0,8,Night
10009,D,Flight,4,3,136,3,medium,F,4,5769,0,17,Night
10010,F,Flight,4,1,269,3,low,F,3,4409,0,27,Afternoon
10011,A,Flight,5,5,105,4,low,M,6,5135,0,18,Afternoon
10012,B,Flight,4,2,253,2,low,F,4,4502,0,15,Morning
10013,C,Flight,3,1,263,3,medium,M,4,4616,1,22,Afternoon
10014,F,Flight,4,1,266,3,low,M,10,4382,1,33,Night
10015,D,Flight,3,3,185,2,low,M,4,4746,1,14,Morning
10016,F,Flight,3,4,245,2,medium,F,1,4427,1,50,Morning
10017,A,Flight,3,5,184,3,medium,F,9,4969,1,16,Night
10018,B,Flight,5,4,235,3,medium,F,8,4636,1,36,Morning
10019,C,Ship,3,2,247,3,medium,M,8,5194,1,11,Afternoon
10020,F,Ship,4,4,145,2,medium,M,9,5070,1,20,Morning
10021,D,Ship,3,3,158,2,low,F,4,5960,1,43,Morning
10022,F,Ship,4,5,268,2,low,M,2,4721,0,34,Night
10023,A,Ship,3,1,186,3,medium,F,4,5515,0,19,Morning
10024,B,Ship,2,3,226,3,medium,M,8,5106,0,16,Afternoon
10025,C,Ship,5,1,258,3,medium,M,7,4466,0,39,Morning
10026,F,Ship,3,4,189,3,high,M,2,5464,1,26,Morning
10027,D,Ship,5,3,255,4,medium,F,4,4178,0,48,Afternoon
10028,F,Ship,5,5,207,4,low,F,1,5035,1,21,Night
10029,A,Ship,3,5,271,3,low,M,2,5229,0,10,Night
10030,B,Ship,3,4,239,4,medium,F,10,5455,0,22,Night
10031,C,Ship,4,4,186,3,low,F,8,4969,0,3,Night
10032,F,Ship,4,1,139,3,medium,F,7,4275,1,47,Night
10033,D,Ship,3,3,224,6,medium,M,10,4221,1,21,Night
10034,F,Ship,4,2,198,2,high,M,2,5662,1,32,Night
10035,A,Ship,4,4,102,3,high,F,9,5644,0,36,Night
10036,B,Ship,3,3,219,3,high,M,5,4321,1,39,Morning
10037,C,Ship,4,5,240,5,medium,M,8,4314,1,48,Night
10038,F,Ship,3,2,222,2,medium,M,1,4021,0,1,Morning
10039,D,Ship,2,2,221,2,medium,F,3,4500,0,44,Morning
10040,F,Ship,5,3,229,2,medium,F,1,5294,0,1,Afternoon
10041,A,Ship,5,2,146,3,low,F,5,4725,1,35,Morning
10042,B,Ship,3,3,165,2,low,M,1,5661,1,12,Morning
10043,C,Ship,4,4,200,3,low,F,7,5807,0,33,Afternoon
10044,F,Ship,4,2,232,2,low,M,5,4907,1,41,Morning
10045,D,Ship,5,5,240,2,low,F,2,5655,1,6,Night
10046,F,Ship,5,4,240,4,medium,M,7,4552,0,35,Afternoon
10047,A,Ship,3,2,187,3,medium,F,7,5334,1,26,Morning
10048,B,Ship,5,4,239,3,low,F,7,4960,1,44,Morning
10049,C,Ship,3,1,171,4,medium,F,6,5398,1,29,Night
10050,F,Ship,4,2,239,4,medium,M,8,4039,1,22,Afternoon
10051,D,Ship,4,2,166,5,low,M,8,4493,1,37,Morning
10052,F,Ship,6,1,113,2,medium,F,7,5234,0,2,Afternoon
10053,A,Ship,4,3,104,5,low,F,6,4617,0,50,Afternoon
10054,B,Ship,3,4,270,3,medium,F,10,5417,1,47,Night
10055,C,Ship,5,1,145,2,medium,M,8,4485,0,19,Afternoon
10056,F,Ship,3,5,171,3,medium,M,5,4075,0,23,Afternoon
10057,D,Ship,4,5,160,3,low,F,9,5799,0,19,Night
10058,F,Ship,4,2,210,2,medium,F,1,5437,0,11,Morning
10059,A,Ship,4,1,256,4,medium,F,3,5324,1,3,Morning
10060,B,Ship,4,5,155,3,low,F,10,5315,0,31,Night
10061,C,Ship,5,1,126,5,medium,F,2,5659,0,39,Afternoon
10062,F,Ship,3,1,189,3,low,M,1,4886,1,15,Afternoon
10063,D,Ship,4,1,206,3,high,M,2,5013,0,38,Afternoon
10064,F,Ship,4,3,242,2,medium,M,2,5879,1,29,Morning
10065,A,Ship,3,1,258,2,low,F,4,5262,1,44,Afternoon
10066,B,Ship,4,4,196,4,low,F,10,4871,0,4,Morning
10067,C,Ship,3,3,209,3,low,M,1,5186,1,3,Afternoon
10068,F,Ship,4,4,259,2,low,M,6,4308,0,30,Night
10069,D,Ship,2,1,140,2,medium,F,8,4965,1,22,Night
10070,F,Ship,5,3,141,2,medium,F,10,4651,1,30,Morning
10071,A,Ship,3,1,160,2,medium,M,5,4435,0,50,Afternoon
10072,B,Ship,5,4,208,4,medium,F,8,4116,1,9,Night
10073,C,Ship,3,4,198,3,low,F,3,5322,1,4,Morning
10074,F,Ship,4,4,264,3,low,M,6,5959,0,50,Night
10075,D,Ship,4,3,136,4,low,M,10,5911,1,11,Morning
10076,F,Ship,4,4,221,4,low,F,2,5595,0,4,Morning
10077,A,Ship,5,3,242,3,low,F,10,4889,0,48,Afternoon
10078,B,Ship,4,2,162,3,low,M,7,5614,1,48,Morning
10079,C,Ship,4,5,258,3,low,F,3,5422,0,12,Morning
10080,F,Ship,5,3,172,3,medium,F,3,4056,1,46,Morning
10081,D,Ship,4,4,222,4,medium,M,6,4733,1,16,Morning
10082,F,Ship,3,2,215,2,low,F,7,4305,1,30,Afternoon
10083,A,Ship,3,4,164,2,low,M,1,4067,0,36,Morning
10084,B,Ship,5,1,233,3,low,F,6,5560,1,37,Night
10085,C,Ship,4,4,249,3,medium,F,1,5743,1,49,Morning
10086,F,Ship,4,5,217,3,low,F,3,5380,0,50,Night
10087,D,Ship,4,3,260,3,low,M,1,4796,1,23,Night
10088,F,Ship,4,1,219,2,medium,M,6,5314,1,30,Afternoon
10089,A,Ship,4,1,267,4,medium,M,2,4024,1,9,Morning
10090,B,Ship,5,3,137,4,low,F,9,4754,1,22,Night
10091,C,Ship,4,5,141,2,low,M,1,4395,0,12,Night
10092,F,Ship,4,2,201,2,medium,M,6,5729,1,46,Morning
10093,D,Ship,5,1,125,4,medium,M,3,5595,1,10,Morning
10094,F,Ship,3,1,173,2,medium,F,1,5927,0,1,Night
10095,A,Ship,3,5,271,2,medium,F,6,4020,0,33,Morning
10096,B,Ship,4,5,243,3,low,M,9,5263,1,11,Night
10097,C,Ship,5,1,151,3,low,F,9,4895,1,48,Morning
10098,F,Ship,4,4,224,4,medium,F,2,4503,0,21,Afternoon
10099,D,Ship,3,2,141,3,low,M,7,4682,1,22,Afternoon
10100,F,Ship,3,2,133,3,medium,M,10,5803,1,31,Night
10101,A,Ship,3,2,239,3,low,M,4,5628,0,26,Morning
10102,B,Ship,4,3,203,2,low,M,8,5597,1,39,Night
10103,C,Ship,4,2,220,3,low,F,9,5896,1,32,Morning
10104,F,Ship,4,3,212,2,low,M,8,5513,1,12,Morning
10105,D,Ship,2,4,252,4,medium,M,4,4787,1,8,Morning
10106,F,Ship,5,5,265,3,low,M,3,5637,1,17,Morning
10107,A,Ship,4,2,199,3,low,M,7,5342,1,40,Night
10108,B,Ship,3,5,209,3,high,F,4,5413,1,17,Morning
10109,C,Ship,4,5,254,3,low,F,7,4363,1,23,Night
10110,F,Ship,2,3,216,3,high,M,9,4032,0,26,Afternoon
10111,D,Ship,5,4,196,2,medium,M,2,5515,1,47,Night
10112,F,Road,4,4,258,3,high,M,2,5420,1,38,Morning
10113,A,Road,3,3,137,3,high,M,7,5794,0,49,Morning
10114,B,Road,6,5,282,4,low,M,10,4901,1,14,Night
10115,C,Road,3,2,156,2,medium,M,10,4276,1,37,Night
10116,F,Road,4,5,237,5,medium,M,4,4917,1,24,Night
10117,D,Road,4,5,170,3,medium,M,3,4695,0,32,Morning
10118,F,Road,4,1,243,3,high,F,9,4277,1,13,Morning
10119,A,Road,4,5,163,3,medium,F,2,4887,1,27,Night
10120,B,Road,3,4,257,3,low,F,4,4883,1,46,Morning
10121,C,Road,5,4,179,6,medium,M,1,5433,1,5,Afternoon
10122,F,Road,3,3,274,4,medium,F,7,4828,1,8,Morning
10123,D,Road,3,4,174,2,low,F,4,4295,0,29,Night
10124,F,Road,4,2,162,6,low,F,4,4094,1,37,Afternoon
10125,A,Road,6,2,269,6,medium,M,4,4423,1,3,Morning
10126,B,Road,4,1,147,2,low,M,8,4600,0,42,Morning
10127,C,Road,6,4,286,4,medium,F,5,4262,1,20,Morning
10128,F,Road,2,5,271,3,low,F,6,5471,0,11,Morning
10129,D,Road,5,2,130,4,high,M,4,4371,1,37,Night
10130,F,Road,4,5,258,2,medium,F,2,4303,0,50,Night
10131,A,Road,5,1,151,3,medium,F,1,4981,1,39,Afternoon
10132,B,Road,5,4,208,8,medium,F,4,5155,0,14,Morning
10133,C,Road,6,2,137,10,low,F,5,4510,1,44,Night
10134,F,Flight,3,1,250,3,medium,F,8,5509,1,17,Morning
10135,D,Flight,4,5,211,2,low,F,4,4106,0,17,Afternoon
10136,F,Flight,4,1,196,3,medium,F,9,5216,0,16,Afternoon
10137,A,Flight,3,4,174,3,low,F,3,5366,0,49,Night
10138,B,Flight,6,5,277,4,medium,F,5,1845,0,18,Afternoon
10139,C,Flight,6,2,284,4,low,F,7,1181,0,46,Afternoon
10140,F,Flight,4,5,258,5,low,M,3,1162,1,45,Morning
10141,D,Flight,7,1,254,4,low,M,9,1876,1,6,Night
10142,F,Flight,5,5,263,5,medium,M,10,1789,0,50,Morning
10143,A,Flight,6,5,267,4,low,M,3,1550,1,27,Morning
10144,B,Flight,6,4,247,4,medium,M,2,1858,0,6,Morning
10145,C,Flight,5,1,233,5,medium,M,4,1622,1,38,Afternoon
10146,F,Flight,7,5,254,4,medium,F,6,1014,1,23,Afternoon
10147,D,Flight,6,3,289,5,medium,F,1,1949,0,6,Afternoon
10148,F,Flight,6,2,282,4,medium,F,9,1385,1,41,Night
10149,A,Flight,5,3,243,6,medium,F,10,1189,0,14,Afternoon
10150,B,Flight,5,1,243,5,medium,M,8,1732,1,32,Morning
10151,C,Flight,4,5,228,5,low,M,2,1996,1,19,Afternoon
10152,F,Flight,5,4,235,5,low,F,8,1549,1,45,Morning
10153,D,Flight,4,1,274,6,low,M,8,1141,0,33,Night
10154,F,Flight,6,3,254,5,medium,F,7,1615,0,8,Morning
10155,A,Flight,4,4,237,5,medium,F,6,4586,1,43,Night
10156,B,Ship,4,4,170,3,medium,M,4,4062,1,48,Afternoon
10157,C,Ship,4,4,243,3,high,F,4,5082,0,32,Afternoon
10158,F,Ship,4,5,163,3,medium,M,1,4049,0,28,Afternoon
10159,D,Ship,3,3,257,3,low,M,5,4937,0,21,Night
10160,F,Ship,5,3,179,6,medium,M,1,4930,0,50,Afternoon
10161,A,Ship,3,1,274,4,medium,M,4,4057,1,45,Afternoon
10162,B,Ship,3,4,174,2,low,M,7,4596,1,2,Morning
10163,C,Ship,4,1,162,6,low,M,1,5525,0,36,Afternoon
10164,F,Ship,6,1,269,6,medium,F,2,5363,1,40,Morning
10165,D,Ship,4,3,147,2,low,M,2,5431,1,50,Morning
10166,F,Ship,6,5,286,4,medium,F,4,4889,1,18,Morning
10167,A,Ship,2,5,271,3,low,M,9,4185,1,36,Afternoon
10168,B,Ship,5,1,130,4,high,F,9,4946,0,26,Morning
10169,C,Ship,4,4,258,2,medium,F,5,4562,1,33,Afternoon
10170,F,Ship,5,5,151,3,medium,M,2,5506,1,3,Afternoon
10171,D,Ship,5,2,208,8,medium,M,5,4751,1,42,Afternoon
10172,F,Ship,6,2,137,10,low,F,4,4490,1,19,Night
10173,A,Ship,3,2,250,3,medium,M,6,4636,1,24,Night
10174,B,Ship,4,3,211,2,low,F,6,5473,0,15,Morning
10175,C,Ship,4,4,196,3,medium,F,2,4320,0,47,Morning
10176,F,Ship,3,2,174,3,low,F,3,5207,0,15,Afternoon
10177,D,Ship,6,3,277,4,medium,F,6,1433,1,22,Night
10178,F,Ship,6,3,284,4,low,F,3,1291,1,42,Afternoon
10179,A,Ship,4,4,258,5,low,M,9,1947,0,6,Morning
10180,B,Ship,7,2,254,4,low,M,6,1006,1,27,Morning
10181,C,Ship,5,5,263,5,medium,M,2,1417,1,30,Night
10182,F,Ship,6,1,267,4,low,M,9,1146,0,22,Afternoon
10183,D,Ship,6,2,247,4,medium,M,3,1118,1,37,Night
10184,F,Ship,5,3,233,5,medium,F,3,1398,1,39,Afternoon
10185,A,Ship,7,5,254,4,medium,F,1,1347,1,7,Afternoon
10186,B,Ship,6,2,289,5,medium,F,10,1607,0,47,Afternoon
10187,C,Ship,6,3,282,4,medium,F,8,1375,1,36,Morning
10188,F,Ship,5,2,243,6,medium,M,7,1752,1,39,Afternoon
10189,D,Ship,5,4,243,5,medium,F,4,1813,1,14,Afternoon
10190,F,Ship,4,1,228,5,low,F,6,1874,1,44,Afternoon
10191,A,Ship,5,5,235,5,low,M,8,1332,0,28,Afternoon
10192,B,Ship,7,3,306,4,low,F,4,1630,1,15,Afternoon
10193,C,Ship,6,1,189,2,low,F,6,1269,1,18,Morning
10194,F,Ship,6,4,280,4,low,M,4,1831,0,29,Morning
10195,D,Ship,6,4,310,4,medium,M,1,1494,0,11,Night
10196,F,Ship,4,3,264,6,medium,F,10,1962,0,23,Night
10197,A,Ship,5,5,243,6,low,M,9,1348,1,30,Morning
10198,B,Ship,5,5,245,5,low,M,5,1252,1,40,Morning
10199,C,Ship,5,5,239,6,low,M,1,1384,1,22,Morning
10200,F,Ship,4,3,248,5,low,F,7,1789,0,35,Night
10201,D,Ship,6,1,268,4,low,F,1,1654,0,30,Morning
10202,F,Ship,6,4,271,4,low,F,6,1503,1,1,Morning
10203,A,Ship,4,5,233,5,low,F,8,1040,0,28,Night
10204,B,Ship,5,1,245,5,low,M,9,1694,0,8,Afternoon
10205,C,Ship,5,2,248,5,medium,F,1,1845,0,42,Night
10206,F,Ship,5,2,234,5,medium,M,6,1703,1,39,Night
10207,D,Ship,4,2,259,5,medium,F,2,1054,1,33,Afternoon
10208,F,Ship,5,1,259,6,low,F,2,1876,1,19,Night
10209,A,Ship,5,2,263,6,low,M,2,1851,1,50,Morning
10210,B,Ship,3,1,158,5,low,M,4,1171,0,29,Afternoon
10211,C,Ship,5,5,270,5,low,M,5,1852,0,21,Morning
10212,F,Ship,4,3,271,5,low,M,6,1555,0,21,Night
10213,D,Ship,5,5,237,5,medium,F,9,1709,1,29,Afternoon
10214,F,Ship,6,1,250,4,medium,M,5,1747,1,10,Afternoon
10215,A,Ship,4,2,270,5,low,F,10,1340,1,48,Morning
10216,B,Ship,4,5,242,6,low,F,9,1858,1,13,Afternoon
10217,C,Ship,5,1,271,5,low,F,4,1557,0,16,Afternoon
10218,F,Ship,4,3,254,5,low,F,8,1851,1,30,Night
10219,D,Ship,5,3,274,5,medium,M,7,1696,0,1,Afternoon
10220,F,Ship,4,3,249,5,low,F,10,1067,0,4,Afternoon
10221,A,Ship,4,3,245,5,low,M,7,1182,1,46,Morning
10222,B,Ship,4,5,237,5,low,F,9,1978,0,34,Afternoon
10223,C,Ship,4,3,238,6,low,M,2,1898,1,36,Morning
10224,F,Ship,5,3,242,5,low,F,6,1681,1,16,Night
10225,D,Ship,5,5,217,6,medium,M,1,1761,1,35,Night
10226,F,Ship,4,2,242,6,low,F,10,1531,0,48,Afternoon
10227,A,Ship,6,1,265,4,low,F,1,1345,0,15,Night
10228,B,Ship,3,4,267,3,low,F,3,4566,1,47,Night
10229,C,Ship,3,1,238,2,low,M,9,5158,1,40,Morning
10230,F,Ship,5,3,284,5,medium,F,4,5343,0,2,Night
10231,D,Ship,4,3,137,3,medium,M,5,4854,0,46,Morning
10232,F,Ship,2,1,232,6,low,F,2,5281,0,16,Afternoon
10233,A,Ship,3,3,262,2,low,F,10,5951,0,16,Morning
10234,B,Ship,5,1,158,2,medium,M,6,4873,1,30,Afternoon
10235,C,Ship,5,5,226,4,low,F,10,5676,0,43,Afternoon
10236,F,Ship,4,3,199,2,low,M,4,5855,1,34,Night
10237,D,Ship,4,4,175,2,medium,F,10,4927,1,41,Morning
10238,F,Ship,5,1,233,3,low,F,9,5039,1,44,Morning
10239,A,Ship,2,5,111,2,low,F,5,4038,0,3,Afternoon
10240,B,Ship,5,2,218,3,low,M,4,5363,0,16,Morning
10241,C,Ship,5,1,189,4,low,F,10,4166,0,20,Morning
10242,F,Ship,4,3,257,3,low,M,8,5944,1,27,Afternoon
10243,D,Ship,4,2,160,3,low,M,5,4492,1,11,Night
10244,F,Ship,3,3,197,3,low,F,4,4858,0,8,Afternoon
10245,A,Ship,3,5,283,2,low,M,2,4207,1,17,Morning
10246,B,Ship,5,5,197,4,low,F,7,4141,0,1,Morning
10247,C,Ship,3,1,259,4,low,F,9,4084,0,42,Afternoon
10248,F,Ship,4,3,195,3,medium,M,5,5863,1,5,Afternoon
10249,D,Road,3,1,159,2,medium,M,5,4906,0,30,Night
10250,F,Road,3,1,267,3,medium,F,8,5415,0,49,Afternoon
10251,A,Road,5,2,155,3,low,F,10,4485,0,32,Morning
10252,B,Road,3,1,267,2,low,F,9,5744,1,11,Night
10253,C,Road,4,1,239,3,medium,F,9,4930,0,46,Afternoon
10254,F,Road,3,1,263,3,high,M,10,4911,1,21,Afternoon
10255,D,Road,3,5,217,3,medium,M,3,5433,1,35,Afternoon
10256,F,Road,4,3,173,3,low,M,4,4793,0,37,Night
10257,A,Road,2,2,163,3,low,M,5,5887,1,19,Afternoon
10258,B,Road,5,5,232,5,low,F,2,5561,1,39,Afternoon
10259,C,Road,3,3,155,3,medium,M,5,4957,0,24,Afternoon
10260,F,Road,3,4,160,4,low,M,1,5341,1,30,Afternoon
10261,D,Road,5,4,200,3,medium,M,3,4225,1,36,Morning
10262,F,Road,4,1,160,2,medium,M,1,5741,0,43,Afternoon
10263,A,Road,3,3,220,3,low,M,7,5323,0,21,Morning
10264,B,Road,3,3,160,2,medium,F,3,4665,1,22,Night
10265,C,Road,3,4,136,3,low,F,4,5368,1,35,Morning
10266,F,Road,5,1,252,3,high,F,2,5032,1,3,Night
10267,D,Road,3,4,138,5,medium,F,5,5690,1,30,Afternoon
10268,F,Road,4,4,173,3,low,M,10,4616,1,1,Night
10269,A,Road,4,5,198,3,low,M,2,4272,1,35,Night
10270,B,Road,4,1,194,2,medium,F,3,5503,1,32,Afternoon
10271,C,Flight,4,5,157,3,medium,M,10,5898,0,29,Night
10272,F,Flight,3,3,220,3,low,F,2,5065,0,25,Afternoon
10273,D,Flight,4,4,160,3,medium,M,5,4440,1,16,Afternoon
10274,F,Flight,3,4,214,2,low,M,7,5256,0,9,Night
10275,A,Flight,5,5,213,3,medium,M,5,5247,1,32,Morning
10276,B,Flight,3,5,146,3,medium,M,8,5637,0,17,Night
10277,C,Flight,4,3,176,5,low,M,2,5751,0,33,Afternoon
10278,F,Flight,3,2,219,4,low,F,6,4314,0,12,Morning
10279,D,Flight,4,3,164,3,medium,F,4,4495,1,16,Night
10280,F,Flight,3,4,168,2,medium,F,7,4699,0,4,Morning
10281,A,Flight,5,3,167,3,low,M,9,5026,1,14,Morning
10282,B,Flight,3,2,152,3,medium,F,7,4244,1,41,Morning
10283,C,Flight,5,4,248,3,low,M,7,5335,0,26,Night
10284,F,Flight,3,5,177,2,low,F,2,4906,0,44,Afternoon
10285,D,Flight,4,4,148,3,low,M,4,5716,0,46,Afternoon
10286,F,Flight,4,2,107,2,low,F,8,4460,1,35,Afternoon
10287,A,Flight,6,2,196,2,low,M,10,5180,0,5,Afternoon
10288,B,Flight,3,3,215,2,low,F,2,5661,1,9,Night
10289,C,Flight,4,5,260,3,low,M,10,4331,1,38,Night
10290,F,Flight,5,5,156,2,low,F,8,4817,1,3,Morning
10291,D,Flight,4,1,266,2,high,M,4,5116,1,19,Morning
10292,F,Flight,4,1,146,3,low,F,1,4831,0,40,Morning
10293,A,Ship,4,2,210,3,medium,F,10,5354,1,40,Morning
10294,B,Ship,2,4,144,2,medium,M,5,5867,1,40,Morning
10295,C,Ship,3,5,181,4,low,F,1,5812,1,32,Afternoon
10296,F,Ship,5,5,132,4,low,F,8,4339,0,36,Afternoon
10297,D,Ship,5,3,243,6,medium,F,9,5640,1,33,Morning
10298,F,Ship,4,3,166,4,medium,F,1,4536,1,21,Night
10299,A,Ship,5,5,148,4,medium,F,4,5909,1,29,Morning
10300,B,Ship,6,4,221,5,low,M,9,4360,1,23,Afternoon
10301,C,Ship,4,2,207,3,medium,F,5,4702,0,42,Morning
10302,F,Ship,4,1,228,3,medium,M,4,5347,0,41,Morning
10303,D,Ship,3,2,161,3,medium,M,2,4174,0,43,Night
10304,F,Ship,4,2,259,2,high,F,10,5265,1,19,Afternoon
10305,A,Ship,4,5,272,2,low,F,10,4962,1,38,Afternoon
10306,B,Ship,4,4,154,3,low,M,4,5393,0,39,Night
10307,C,Ship,4,2,174,3,low,M,4,5625,1,47,Morning
10308,F,Ship,4,2,225,2,medium,F,5,5943,1,2,Afternoon
10309,D,Ship,3,5,209,3,medium,M,8,5591,1,23,Morning
10310,F,Ship,6,1,208,5,low,M,6,4537,1,18,Night
10311,A,Ship,4,4,163,3,low,M,8,4921,0,31,Morning
10312,B,Ship,3,5,174,3,low,M,7,5672,0,48,Afternoon
10313,C,Ship,3,5,236,3,medium,F,1,5220,1,17,Afternoon
10314,F,Ship,3,2,229,6,medium,F,3,5689,0,46,Night
10315,D,Ship,3,4,195,2,low,F,5,4660,0,45,Morning
10316,F,Ship,4,2,146,3,low,F,9,5871,0,28,Afternoon
10317,A,Ship,3,2,211,2,low,M,4,4978,0,37,Night
10318,B,Ship,2,2,161,3,low,F,5,5999,0,43,Night
10319,C,Ship,2,5,243,3,medium,F,9,4182,1,42,Morning
10320,F,Ship,3,3,169,2,medium,F,8,4281,0,26,Night
10321,D,Ship,3,4,273,3,high,F,8,4530,0,10,Night
10322,F,Ship,4,2,137,2,medium,M,3,4622,0,31,Morning
10323,A,Ship,2,1,96,2,high,F,9,4449,0,43,Morning
10324,B,Ship,5,5,177,4,medium,F,2,4873,1,7,Afternoon
10325,C,Ship,4,1,269,3,low,F,7,5211,0,7,Morning
10326,F,Ship,3,2,188,5,medium,M,7,5673,1,17,Afternoon
10327,D,Ship,4,1,238,3,low,F,10,4172,1,21,Morning
10328,F,Ship,5,2,172,5,medium,F,5,4805,1,48,Night
10329,A,Ship,4,4,134,5,medium,M,2,5865,0,9,Morning
10330,B,Ship,4,2,191,2,medium,F,8,4806,0,41,Night
10331,C,Ship,5,3,210,6,low,M,6,4203,0,39,Morning
10332,F,Ship,4,5,161,3,medium,F,2,5378,1,37,Night
10333,D,Ship,5,4,161,5,medium,M,1,5779,0,8,Afternoon
10334,F,Ship,4,1,166,5,low,F,9,4472,1,27,Morning
10335,A,Ship,4,3,170,4,medium,F,9,4375,1,6,Afternoon
10336,B,Ship,3,1,251,3,medium,F,4,5291,1,25,Night
10337,C,Ship,3,3,214,3,medium,M,3,4056,0,28,Night
10338,F,Ship,4,3,197,3,medium,F,6,5395,1,12,Afternoon
10339,D,Ship,3,3,227,2,high,M,5,4269,0,35,Night
10340,F,Ship,4,5,265,2,low,F,6,4660,0,29,Afternoon
10341,A,Ship,6,5,287,5,low,M,2,5611,0,42,Night
10342,B,Ship,3,5,206,2,low,M,3,5113,0,1,Morning
10343,C,Ship,4,2,192,3,low,F,4,5578,0,13,Night
10344,F,Ship,2,1,109,4,low,F,3,5264,0,22,Afternoon
10345,D,Ship,4,3,180,2,medium,M,7,5546,0,42,Night
10346,F,Ship,3,2,224,3,medium,M,2,4015,1,9,Night
10347,A,Ship,3,2,259,6,medium,M,1,5873,1,30,Afternoon
10348,B,Ship,3,4,269,3,medium,M,8,5364,0,12,Night
10349,C,Ship,5,4,187,4,medium,F,1,4147,1,18,Night
10350,F,Ship,4,4,185,3,low,F,2,5288,0,22,Morning
10351,D,Ship,5,2,241,2,medium,F,2,5448,1,48,Night
10352,F,Ship,2,5,228,3,low,M,8,5643,0,39,Morning
10353,A,Ship,3,2,214,2,medium,F,9,4512,1,6,Afternoon
10354,B,Ship,3,2,196,6,low,M,6,5414,1,38,Night
10355,C,Ship,3,1,175,3,low,M,6,4695,1,50,Morning
10356,F,Ship,3,5,171,3,medium,F,7,5318,0,28,Afternoon
10357,D,Ship,4,2,185,2,medium,M,5,4066,1,27,Afternoon
10358,F,Ship,2,4,226,3,low,M,9,4098,0,41,Night
10359,A,Ship,4,1,265,3,low,F,4,4249,1,28,Night
10360,B,Ship,4,4,205,4,medium,F,2,4690,0,42,Morning
10361,C,Ship,4,3,189,3,medium,F,9,4825,1,48,Afternoon
10362,F,Ship,3,4,141,3,medium,M,2,5512,1,17,Morning
10363,D,Ship,3,3,217,3,low,F,6,4887,1,1,Morning
10364,F,Ship,4,2,198,3,low,F,4,5863,1,25,Afternoon
10365,A,Ship,4,4,246,3,medium,F,2,4150,1,9,Afternoon
10366,B,Ship,3,4,261,4,medium,F,7,5731,1,19,Morning
10367,C,Ship,4,3,160,2,low,M,9,5940,1,36,Afternoon
10368,F,Ship,5,5,135,3,low,F,4,5734,1,3,Morning
10369,D,Ship,5,2,213,3,low,M,9,5526,1,16,Morning
10370,F,Ship,3,4,189,6,low,F,9,4668,0,24,Morning
10371,A,Ship,4,1,259,3,low,M,9,5148,0,2,Night
10372,B,Ship,4,5,170,3,low,M,2,5671,1,24,Morning
10373,C,Ship,3,3,257,2,medium,M,5,4681,0,35,Morning
10374,F,Ship,3,5,143,2,low,M,8,4754,0,25,Night
10375,D,Ship,4,1,258,3,low,F,10,4906,1,34,Afternoon
10376,F,Ship,4,3,216,2,low,M,4,5997,1,38,Night
10377,A,Ship,4,3,169,3,low,F,8,4613,1,50,Night
10378,B,Ship,4,3,165,2,low,M,2,5210,1,28,Afternoon
10379,C,Ship,4,4,245,3,medium,F,7,4480,0,32,Afternoon
10380,F,Ship,4,1,171,2,low,F,6,5719,0,27,Morning
10381,D,Ship,2,5,238,4,medium,M,9,4086,1,49,Morning
10382,F,Ship,4,2,265,3,medium,F,1,5385,1,48,Morning
10383,A,Ship,4,3,207,2,medium,M,5,4286,1,6,Afternoon
10384,B,Ship,3,4,257,3,medium,M,10,4670,0,40,Afternoon
10385,C,Ship,3,4,252,2,high,M,9,4278,1,29,Morning
10386,F,Road,5,5,272,2,low,F,4,5342,1,31,Afternoon
10387,D,Road,3,2,180,6,medium,M,3,5780,0,4,Night
10388,F,Road,5,1,217,2,low,F,9,4345,1,11,Morning
10389,A,Road,3,1,149,3,medium,F,9,5952,0,4,Afternoon
10390,B,Road,4,5,185,2,low,M,6,4610,1,43,Morning
10391,C,Road,5,2,222,3,medium,M,10,5644,0,31,Night
10392,F,Road,4,3,180,3,medium,M,4,5471,1,28,Night
10393,D,Road,4,2,156,3,medium,M,1,4097,0,20,Night
10394,F,Road,3,5,241,3,medium,M,10,5099,0,8,Afternoon
10395,A,Road,4,1,170,10,medium,F,3,5211,0,49,Afternoon
10396,B,Road,3,2,286,6,high,F,1,5035,0,12,Night
10397,C,Road,3,4,232,5,medium,M,7,5653,0,32,Afternoon
10398,F,Road,5,2,171,3,low,M,6,4656,0,4,Night
10399,D,Road,4,4,146,10,low,F,3,4152,0,35,Afternoon
10400,F,Road,4,2,189,10,medium,F,5,5470,1,30,Afternoon
10401,A,Road,2,1,235,3,high,M,8,4522,0,18,Night
10402,B,Road,4,2,187,3,high,F,5,4897,0,10,Morning
10403,C,Road,3,5,166,3,high,F,5,5206,1,32,Morning
10404,F,Road,4,4,264,6,medium,F,6,1748,0,45,Afternoon
10405,D,Road,5,3,243,6,low,F,1,1856,1,1,Morning
10406,F,Road,5,2,245,5,low,F,9,1466,1,40,Afternoon
10407,A,Road,5,5,239,6,low,F,1,1984,1,8,Morning
10408,B,Flight,4,3,248,5,low,M,3,1093,1,41,Afternoon
10409,C,Flight,6,4,268,4,low,M,9,1793,1,1,Afternoon
10410,F,Flight,6,2,271,4,low,F,2,1893,0,25,Night
10411,D,Flight,4,3,233,5,low,M,2,1079,1,34,Night
10412,F,Flight,5,1,245,5,low,F,7,1092,1,45,Night
10413,A,Flight,5,5,248,5,medium,M,8,1881,0,31,Afternoon
10414,B,Flight,5,1,234,5,medium,M,2,1030,0,45,Afternoon
10415,C,Flight,4,5,259,5,medium,M,2,1066,0,4,Afternoon
10416,F,Flight,5,4,259,6,low,M,1,1206,0,3,Afternoon
10417,D,Flight,5,2,263,6,low,F,6,1511,0,40,Morning
10418,F,Flight,3,1,158,5,low,M,9,1537,0,24,Morning
10419,A,Flight,5,3,270,5,low,F,1,1568,0,39,Morning
10420,B,Flight,2,1,238,4,medium,F,4,4780,1,37,Night
10421,C,Flight,4,1,265,3,medium,M,3,5177,1,35,Morning
10422,F,Flight,4,3,207,2,medium,M,4,5227,0,2,Morning
10423,D,Flight,3,2,257,3,medium,M,9,5236,1,40,Afternoon
10424,F,Flight,3,3,252,2,high,M,1,5707,0,12,Night
10425,A,Flight,5,5,272,2,low,M,1,4883,0,40,Night
10426,B,Flight,3,4,180,6,medium,F,3,5605,1,4,Morning
10427,C,Flight,5,4,217,2,low,M,2,5469,0,35,Night
10428,F,Flight,3,4,149,3,medium,F,3,4540,1,29,Afternoon
10429,D,Flight,4,5,185,2,low,F,4,5428,1,30,Morning
10430,F,Ship,5,4,222,3,medium,M,8,5559,0,17,Night
10431,A,Ship,4,2,180,3,medium,M,6,4417,1,41,Morning
10432,B,Ship,4,2,156,3,medium,M,5,4946,0,34,Night
10433,C,Ship,3,3,241,3,medium,F,10,5275,0,48,Afternoon
10434,F,Ship,4,2,170,10,medium,F,4,4696,0,37,Night
10435,D,Ship,3,5,286,6,high,M,8,4777,1,19,Night
10436,F,Ship,3,3,232,5,medium,M,10,5580,1,44,Night
10437,A,Ship,5,4,171,3,low,F,1,5011,1,12,Night
10438,B,Ship,4,4,146,10,low,M,1,4351,1,3,Morning
10439,C,Ship,4,1,189,10,medium,F,2,4505,0,9,Morning
10440,F,Ship,2,5,235,3,high,F,10,5775,0,18,Morning
10441,D,Ship,4,4,187,3,high,M,6,4567,1,8,Morning
10442,F,Ship,3,4,166,3,high,M,6,4247,1,7,Night
10443,A,Ship,4,3,264,6,medium,F,7,1178,0,38,Night
10444,B,Ship,5,3,243,6,low,F,10,1078,0,36,Night
10445,C,Ship,5,2,245,5,low,M,8,1528,1,45,Afternoon
10446,F,Ship,5,5,239,6,low,M,9,1417,0,45,Morning
10447,D,Ship,4,5,248,5,low,F,6,1754,1,45,Morning
10448,F,Ship,6,5,268,4,low,M,7,1600,0,6,Night
10449,A,Ship,6,4,271,4,low,F,6,1091,1,26,Morning
10450,B,Ship,4,3,233,5,low,M,5,1799,0,28,Morning
10451,C,Ship,5,1,245,5,low,M,7,1038,1,27,Morning
10452,F,Ship,5,5,248,5,medium,F,1,1945,0,44,Afternoon
10453,D,Ship,5,5,234,5,medium,M,9,1812,1,38,Morning
10454,F,Ship,4,3,259,5,medium,M,2,1574,1,24,Night
10455,A,Ship,5,5,259,6,low,M,5,1382,0,8,Morning
10456,B,Ship,5,1,263,6,low,F,3,1665,0,43,Afternoon
10457,C,Ship,5,4,217,6,medium,M,6,1483,0,5,Morning
10458,F,Ship,4,3,242,6,low,M,5,1411,1,46,Night
10459,D,Ship,4,4,255,6,low,F,2,1430,0,35,Afternoon
10460,F,Ship,2,3,277,3,medium,F,1,1738,1,4,Night
10461,A,Ship,4,2,267,5,low,M,3,1933,0,18,Morning
10462,B,Ship,5,4,260,5,low,M,5,1370,1,30,Night
10463,C,Ship,4,5,259,5,low,F,9,1951,0,31,Afternoon
10464,F,Ship,5,5,257,5,medium,F,6,1101,1,6,Night
10465,D,Ship,5,1,228,5,low,F,2,1950,0,9,Afternoon
10466,F,Ship,5,1,255,6,low,F,3,1014,1,5,Night
10467,A,Ship,5,5,262,6,low,M,10,1816,0,1,Morning
10468,B,Ship,5,1,262,5,medium,M,4,1196,1,15,Morning
10469,C,Ship,5,1,241,5,low,M,4,1348,0,15,Afternoon
10470,F,Ship,4,2,262,6,medium,F,4,1644,0,50,Night
10471,D,Ship,4,2,263,6,medium,F,4,1644,1,43,Afternoon
10472,F,Ship,4,3,233,5,low,M,4,1668,1,21,Morning
10473,A,Ship,5,3,221,5,low,F,8,1109,1,49,Afternoon
10474,B,Ship,5,5,254,5,low,M,7,1967,1,25,Morning
10475,C,Ship,3,4,236,4,medium,M,2,1016,1,13,Morning
10476,F,Ship,5,1,258,5,high,F,9,1856,0,21,Morning
10477,D,Ship,4,2,223,5,medium,F,8,1559,0,19,Morning
10478,F,Ship,5,1,248,5,low,M,3,1642,0,27,Morning
10479,A,Ship,4,1,204,4,low,F,3,1667,1,48,Afternoon
10480,B,Ship,4,1,276,5,low,F,2,1246,1,48,Night
10481,C,Ship,5,4,241,5,medium,M,1,1924,0,42,Morning
10482,F,Ship,5,4,263,5,low,M,5,1181,1,34,Night
10483,D,Ship,5,2,265,5,medium,F,5,1864,1,43,Night
10484,F,Ship,4,2,253,5,medium,F,3,1092,1,48,Morning
10485,A,Ship,5,1,257,5,high,F,2,1323,1,31,Morning
10486,B,Ship,4,2,259,6,medium,M,8,1096,0,10,Night
10487,C,Ship,6,4,206,5,medium,F,10,1680,1,33,Morning
10488,F,Ship,5,2,254,5,medium,F,4,1030,1,30,Morning
10489,D,Ship,5,1,143,3,medium,F,3,4907,0,6,Afternoon
10490,F,Ship,3,2,169,2,low,M,6,4033,1,14,Morning
10491,A,Ship,3,1,194,4,low,F,8,4308,1,14,Afternoon
10492,B,Ship,4,5,248,3,low,M,7,5853,1,15,Night
10493,C,Ship,4,1,153,3,medium,M,5,5952,1,44,Morning
10494,F,Ship,3,3,151,3,low,M,9,5082,1,25,Morning
10495,D,Ship,3,4,148,3,medium,M,7,4531,1,15,Afternoon
10496,F,Ship,4,2,214,6,medium,M,9,4736,0,12,Afternoon
10497,A,Ship,4,1,251,2,low,F,2,4839,0,14,Morning
10498,B,Ship,2,3,136,3,low,M,10,4933,1,29,Night
10499,C,Ship,3,4,247,3,medium,M,8,5792,1,12,Night
10500,F,Ship,3,4,239,2,low,F,10,5674,0,44,Afternoon
10501,D,Ship,4,1,247,3,low,M,5,5636,0,25,Morning
10502,F,Ship,2,1,184,2,high,F,3,4331,1,38,Afternoon
10503,A,Ship,3,1,248,3,medium,M,7,5588,1,41,Afternoon
10504,B,Ship,5,5,244,3,medium,M,7,4078,0,47,Afternoon
10505,C,Ship,5,2,252,3,low,M,7,5058,1,33,Afternoon
10506,F,Ship,4,2,136,4,low,F,3,4190,1,17,Night
10507,D,Ship,4,5,200,4,low,F,1,4885,1,7,Morning
10508,F,Ship,3,1,187,2,low,M,6,5448,1,44,Afternoon
10509,A,Ship,4,2,222,2,medium,M,10,5115,0,10,Night
10510,B,Ship,3,4,247,2,low,M,2,4975,0,47,Afternoon
10511,C,Ship,3,2,195,2,high,M,2,4669,0,45,Night
10512,F,Ship,4,3,190,2,low,F,7,5834,0,49,Night
10513,D,Ship,4,5,226,2,low,M,10,4706,0,14,Afternoon
10514,F,Ship,3,4,205,3,low,F,7,4490,1,31,Night
10515,A,Ship,4,1,225,3,medium,M,9,4242,0,3,Night
10516,B,Ship,2,3,275,3,medium,M,10,4183,0,1,Night
10517,C,Ship,3,4,154,2,high,F,2,4998,1,26,Afternoon
10518,F,Ship,5,5,141,3,low,M,4,4534,1,11,Afternoon
10519,D,Ship,3,2,198,2,medium,M,8,5889,1,13,Night
10520,F,Ship,4,3,263,2,low,M,9,4210,1,36,Afternoon
10521,A,Ship,4,4,184,3,medium,F,9,4500,1,30,Night
10522,B,Ship,3,2,221,2,medium,M,9,4466,1,35,Morning
10523,C,Road,3,5,259,3,medium,M,7,4480,0,48,Night
10524,F,Road,4,4,238,4,high,M,1,5702,0,27,Afternoon
10525,D,Road,3,5,188,3,high,F,6,4234,0,25,Night
10526,F,Road,3,2,164,2,medium,F,3,4666,1,21,Afternoon
10527,A,Road,4,1,204,6,low,M,1,4943,1,29,Afternoon
10528,B,Road,5,5,237,3,medium,M,5,4285,0,28,Morning
10529,C,Road,6,1,235,6,medium,M,3,5591,1,32,Morning
10530,F,Road,3,2,235,2,medium,F,9,5116,1,46,Afternoon
10531,D,Road,3,5,263,3,medium,M,4,4081,0,41,Night
10532,F,Road,5,4,236,4,medium,M,6,4457,1,28,Afternoon
10533,A,Road,5,2,146,2,low,M,2,4075,1,26,Afternoon
10534,B,Road,3,2,188,3,medium,M,8,5709,1,6,Morning
10535,C,Road,5,1,152,3,medium,F,3,5981,1,17,Night
10536,F,Road,4,1,211,3,medium,F,7,4083,0,9,Afternoon
10537,D,Road,4,3,195,3,low,M,1,4236,0,48,Night
10538,F,Road,4,4,180,4,medium,F,7,5609,0,44,Afternoon
10539,A,Road,3,2,213,6,medium,M,9,5418,0,27,Night
10540,B,Road,4,1,171,3,medium,M,10,5971,1,23,Afternoon
10541,C,Road,3,5,253,4,medium,F,5,4761,0,41,Morning
10542,F,Road,5,4,228,4,low,F,8,4831,0,13,Morning
10543,D,Road,3,4,158,2,low,M,8,4086,1,40,Night
10544,F,Road,3,5,158,3,low,M,10,4861,1,6,Afternoon
10545,A,Flight,4,1,195,2,low,F,3,4165,1,42,Night
10546,B,Flight,5,1,202,4,low,F,2,5748,1,14,Afternoon
10547,C,Flight,4,4,209,3,medium,M,7,4717,0,40,Afternoon
10548,F,Flight,2,5,156,5,medium,M,7,5780,1,6,Night
10549,D,Flight,3,4,199,3,medium,M,10,4925,0,6,Morning
10550,F,Flight,6,2,205,5,high,M,6,4756,1,35,Night
10551,A,Flight,6,3,165,4,low,F,10,5965,1,17,Night
10552,B,Flight,5,3,119,2,low,M,8,5290,0,4,Morning
10553,C,Flight,3,1,185,2,medium,F,9,4316,1,23,Night
10554,F,Flight,6,3,178,5,low,F,5,4567,1,48,Afternoon
10555,D,Flight,4,3,248,3,medium,F,5,4667,1,11,Morning
10556,F,Flight,3,5,190,3,medium,M,4,5069,1,15,Night
10557,A,Flight,4,1,227,3,high,M,8,4795,1,34,Afternoon
10558,B,Flight,4,2,255,5,low,F,6,4053,1,26,Afternoon
10559,C,Flight,3,5,214,2,medium,F,4,4077,0,17,Morning
10560,F,Flight,4,5,134,3,medium,M,3,5000,0,41,Morning
10561,D,Flight,3,4,216,3,low,F,3,5817,1,40,Afternoon
10562,F,Flight,2,4,183,2,low,M,5,5335,0,43,Morning
10563,A,Flight,3,5,190,5,high,F,7,4457,1,39,Afternoon
10564,B,Flight,4,5,219,2,low,M,4,4197,0,24,Afternoon
10565,C,Flight,3,2,207,2,medium,F,10,4070,0,12,Morning
10566,F,Flight,5,4,135,4,medium,M,4,4541,1,18,Afternoon
10567,D,Ship,3,4,254,2,medium,M,2,5957,1,28,Afternoon
10568,F,Ship,3,5,233,4,low,F,9,4541,1,44,Morning
10569,A,Ship,4,4,233,3,low,F,5,5421,1,42,Night
10570,B,Ship,4,4,156,2,low,F,5,5216,1,19,Afternoon
10571,C,Ship,5,1,262,2,medium,M,4,5761,1,36,Night
10572,F,Ship,3,1,201,3,medium,F,8,4315,1,43,Afternoon
10573,D,Ship,5,1,208,2,low,F,9,4887,1,40,Night
10574,F,Ship,3,1,174,3,low,F,9,4380,0,46,Morning
10575,A,Ship,3,2,144,4,medium,M,8,4867,0,14,Morning
10576,B,Ship,4,3,184,3,low,F,5,4712,0,30,Afternoon
10577,C,Ship,3,5,196,3,low,F,5,4891,1,36,Morning
10578,F,Ship,6,3,251,4,low,M,10,4889,0,38,Night
10579,D,Ship,4,4,160,3,low,M,1,4770,1,41,Afternoon
10580,F,Ship,5,2,176,4,low,M,10,5532,1,17,Night
10581,A,Ship,3,1,235,3,low,F,9,5735,1,30,Morning
10582,B,Ship,4,2,152,4,medium,F,3,4006,1,30,Night
10583,C,Ship,4,3,184,4,low,M,4,4030,0,15,Night
10584,F,Ship,3,2,209,2,low,M,5,5713,1,25,Afternoon
10585,D,Ship,5,5,187,3,medium,F,5,4613,1,48,Night
10586,F,Ship,4,4,160,5,low,M,6,4055,1,45,Morning
10587,A,Ship,4,2,258,3,low,F,5,5393,0,46,Afternoon
10588,B,Ship,3,5,166,3,medium,F,9,5275,0,2,Morning
10589,C,Ship,4,1,193,3,low,F,3,5919,1,33,Afternoon
10590,F,Ship,3,2,167,2,low,M,3,4722,0,16,Night
10591,D,Ship,4,5,272,2,medium,M,9,5055,0,26,Afternoon
10592,F,Ship,4,2,222,2,low,M,1,5028,0,5,Afternoon
10593,A,Ship,5,5,189,3,low,F,10,5554,0,15,Morning
10594,B,Ship,2,5,188,2,medium,F,9,4610,1,31,Morning
10595,C,Ship,3,2,183,2,medium,F,6,4313,0,27,Morning
10596,F,Ship,4,5,183,2,low,F,1,4741,1,16,Night
10597,D,Ship,3,1,167,3,low,F,4,5943,0,40,Night
10598,F,Ship,2,2,258,3,medium,F,3,5365,0,20,Morning
10599,A,Ship,4,2,177,3,medium,M,5,5757,1,6,Afternoon
10600,B,Ship,3,1,226,3,medium,F,8,5000,1,30,Morning
10601,C,Ship,5,1,240,5,medium,F,5,4144,1,5,Morning
10602,F,Ship,3,3,158,3,low,F,6,5261,0,32,Afternoon
10603,D,Ship,5,2,176,4,low,M,1,5810,1,39,Morning
10604,F,Ship,6,4,230,4,low,M,3,4736,0,27,Morning
10605,A,Ship,4,2,238,3,low,F,3,5265,0,3,Afternoon
10606,B,Ship,5,2,254,3,low,F,9,5714,0,25,Morning
10607,C,Ship,4,4,209,3,high,F,5,5979,1,48,Morning
10608,F,Ship,4,3,245,4,medium,F,5,4660,1,3,Afternoon
10609,D,Ship,3,1,133,3,low,F,10,5640,1,15,Morning
10610,F,Ship,4,4,233,2,high,F,1,5320,1,9,Night
10611,A,Ship,3,1,257,4,low,M,8,4692,0,13,Night
10612,B,Ship,5,3,262,5,low,M,7,4157,1,30,Afternoon
10613,C,Ship,5,2,252,3,low,M,6,4013,0,48,Morning
10614,F,Ship,3,3,231,3,low,F,3,4649,0,18,Morning
10615,D,Ship,3,5,228,4,low,F,7,4068,0,43,Morning
10616,F,Ship,3,2,100,4,low,F,10,5163,1,6,Afternoon
10617,A,Ship,4,2,253,3,medium,F,7,5813,0,22,Afternoon
10618,B,Ship,3,4,160,3,medium,M,3,5662,1,17,Morning
10619,C,Ship,6,3,153,6,medium,F,7,4975,0,41,Morning
10620,F,Ship,4,1,270,2,low,M,4,4369,1,39,Afternoon
10621,D,Ship,4,3,156,3,medium,F,8,4701,0,4,Night
10622,F,Ship,4,1,132,2,medium,M,1,5025,0,3,Night
10623,A,Ship,5,5,98,2,medium,M,2,4125,0,48,Morning
10624,B,Ship,5,5,161,3,high,F,7,5338,0,49,Morning
10625,C,Ship,4,1,258,3,medium,M,10,5916,1,30,Night
10626,F,Ship,3,2,228,2,medium,M,2,5640,1,12,Afternoon
10627,D,Ship,5,4,180,2,low,F,9,5208,1,15,Afternoon
10628,F,Ship,3,5,136,3,medium,F,7,4147,1,34,Afternoon
10629,A,Ship,3,3,228,2,low,M,5,4470,1,28,Afternoon
10630,B,Ship,4,5,274,4,low,M,3,5145,1,25,Night
10631,C,Ship,3,2,208,2,low,F,6,5344,1,20,Night
10632,F,Ship,4,2,230,3,high,F,5,5888,1,8,Afternoon
10633,D,Ship,2,3,273,4,low,M,3,5079,1,33,Night
10634,F,Ship,5,1,253,2,medium,M,3,5159,0,15,Morning
10635,A,Ship,3,1,241,3,low,F,10,4120,1,34,Morning
10636,B,Ship,4,2,205,2,medium,M,10,4641,0,36,Morning
10637,C,Ship,5,5,132,3,low,F,2,5552,1,32,Morning
10638,F,Ship,5,4,151,3,low,F,10,4611,1,50,Afternoon
10639,D,Ship,4,3,163,4,medium,M,5,5593,1,10,Morning
10640,F,Ship,3,3,176,8,medium,F,1,4895,0,36,Night
10641,A,Ship,3,5,169,3,low,M,1,4636,0,34,Morning
10642,B,Ship,3,4,133,4,low,F,10,4571,1,12,Morning
10643,C,Ship,5,3,184,5,low,M,3,5219,0,12,Morning
10644,F,Ship,2,4,258,3,medium,M,3,4811,1,19,Afternoon
10645,D,Ship,2,2,237,5,low,F,6,4622,0,4,Night
10646,F,Ship,4,3,260,3,medium,F,4,5770,0,27,Afternoon
10647,A,Ship,3,2,159,2,medium,M,8,4326,1,5,Afternoon
10648,B,Ship,3,3,223,10,low,F,7,4273,0,11,Night
10649,C,Ship,3,3,207,10,low,F,7,4423,1,18,Afternoon
10650,F,Ship,4,5,261,10,low,M,7,5208,1,4,Night
10651,D,Ship,4,4,239,3,medium,F,7,5297,0,44,Morning
10652,F,Ship,3,4,222,3,low,M,6,5819,1,8,Afternoon
10653,A,Ship,3,2,143,4,low,F,3,5845,1,36,Night
10654,B,Ship,2,2,157,3,medium,F,9,4547,0,4,Afternoon
10655,C,Ship,5,1,251,4,low,M,1,5011,0,38,Morning
10656,F,Ship,4,4,255,6,low,M,5,1708,0,27,Morning
10657,D,Ship,2,5,277,3,medium,M,6,1032,1,26,Morning
10658,F,Ship,4,5,267,5,low,M,7,1983,1,37,Morning
10659,A,Ship,5,4,260,5,low,F,2,1178,0,9,Night
10660,B,Road,4,4,259,5,low,F,5,1065,0,36,Morning
10661,C,Road,5,1,257,5,medium,F,8,1128,0,37,Morning
10662,F,Road,5,1,228,5,low,F,4,1316,1,46,Afternoon
10663,D,Road,5,2,255,6,low,M,6,1610,1,24,Morning
10664,F,Road,5,4,262,6,low,M,3,1700,1,50,Morning
10665,A,Road,5,2,262,5,medium,M,1,1483,1,18,Night
10666,B,Road,5,1,241,5,low,F,1,1146,1,28,Afternoon
10667,C,Road,4,5,262,6,medium,M,1,1249,1,16,Morning
10668,F,Road,4,3,263,6,medium,M,8,1123,0,34,Afternoon
10669,D,Road,4,4,233,5,low,F,10,1173,0,35,Night
10670,F,Road,5,2,221,5,low,F,2,1855,1,38,Night
10671,A,Road,5,3,254,5,low,M,10,1501,0,8,Night
10672,B,Road,3,1,236,4,medium,F,10,1551,1,6,Morning
10673,C,Road,5,2,258,5,high,M,6,1059,1,44,Night
10674,F,Road,4,2,223,5,medium,M,3,1395,0,39,Night
10675,D,Road,3,4,208,2,low,F,3,5811,0,23,Afternoon
10676,F,Road,4,3,230,3,high,F,1,5114,0,47,Night
10677,A,Road,2,4,273,4,low,F,7,4743,0,25,Morning
10678,B,Road,5,2,253,2,medium,F,9,5530,1,1,Afternoon
10679,C,Road,3,3,241,3,low,F,6,5261,1,20,Night
10680,F,Road,4,4,205,2,medium,F,8,5876,1,22,Morning
10681,D,Road,5,3,132,3,low,M,7,4462,0,1,Afternoon
10682,F,Flight,5,4,151,3,low,F,4,5522,1,15,Morning
10683,A,Flight,4,2,163,4,medium,F,5,5751,1,48,Afternoon
10684,B,Flight,3,3,176,8,medium,M,10,4376,0,24,Morning
10685,C,Flight,3,5,169,3,low,F,4,5659,1,43,Afternoon
10686,F,Flight,3,5,133,4,low,M,10,4151,1,43,Morning
10687,D,Flight,5,4,184,5,low,F,5,4782,1,17,Morning
10688,F,Flight,2,4,258,3,medium,M,7,5736,1,25,Night
10689,A,Flight,2,2,237,5,low,M,8,4461,1,16,Afternoon
10690,B,Flight,4,1,260,3,medium,M,6,4816,1,43,Night
10691,C,Flight,3,3,159,2,medium,F,6,5269,1,47,Morning
10692,F,Flight,3,4,223,10,low,F,9,4337,1,13,Morning
10693,D,Flight,3,4,207,10,low,F,6,5856,1,46,Afternoon
10694,F,Flight,4,3,261,10,low,F,6,4347,0,10,Night
10695,A,Flight,4,3,239,3,medium,M,7,5511,0,23,Night
10696,B,Flight,3,5,222,3,low,F,10,5185,0,34,Afternoon
10697,C,Flight,3,1,143,4,low,M,6,5474,1,16,Morning
10698,F,Flight,2,5,157,3,medium,F,4,4888,1,9,Night
10699,D,Flight,5,4,251,4,low,M,8,4190,0,7,Afternoon
10700,F,Flight,4,4,255,6,low,F,9,1322,1,10,Night
10701,A,Flight,2,5,277,3,medium,F,6,1057,1,28,Night
10702,B,Flight,4,2,267,5,low,F,2,1876,1,23,Afternoon
10703,C,Flight,5,5,260,5,low,F,2,1128,1,28,Afternoon
10704,F,Ship,4,3,259,5,low,M,6,1867,0,43,Morning
10705,D,Ship,5,1,257,5,medium,M,1,1619,1,7,Night
10706,F,Ship,5,4,228,5,low,M,9,1044,1,31,Morning
10707,A,Ship,5,4,255,6,low,M,4,1255,0,8,Morning
10708,B,Ship,5,2,262,6,low,F,7,1774,1,37,Morning
10709,C,Ship,5,1,262,5,medium,F,9,1893,1,35,Morning
10710,F,Ship,5,1,241,5,low,F,5,1116,0,25,Afternoon
10711,D,Ship,4,2,262,6,medium,F,2,1069,1,26,Night
10712,F,Ship,4,3,263,6,medium,M,10,1345,0,21,Afternoon
10713,A,Ship,4,2,233,5,low,F,8,1097,1,29,Night
10714,B,Ship,5,5,221,5,low,F,8,1123,0,39,Morning
10715,C,Ship,5,4,254,5,low,M,10,1350,1,48,Morning
10716,F,Ship,5,2,254,5,medium,F,4,1926,1,43,Night
10717,D,Ship,5,2,224,5,low,F,2,1022,1,45,Morning
10718,F,Ship,4,3,225,5,low,F,10,1310,1,28,Night
10719,A,Ship,5,2,246,5,low,F,4,1072,0,48,Morning
10720,B,Ship,5,5,221,6,medium,M,6,1429,1,18,Afternoon
10721,C,Ship,4,3,257,5,medium,F,9,1080,1,39,Afternoon
10722,F,Ship,5,1,234,5,medium,M,8,1837,1,47,Afternoon
10723,D,Ship,4,1,216,6,low,M,9,1678,0,38,Afternoon
10724,F,Ship,5,5,221,5,low,M,7,1958,0,33,Afternoon
10725,A,Ship,4,2,249,5,low,M,2,1195,1,35,Night
10726,B,Ship,5,5,240,5,low,M,8,1750,0,47,Morning
10727,C,Ship,5,1,219,5,low,M,8,1419,0,16,Night
10728,F,Ship,5,4,219,5,low,M,10,1363,0,14,Afternoon
10729,D,Ship,3,2,278,4,medium,M,7,1879,1,11,Morning
10730,F,Ship,5,4,232,5,medium,M,5,1861,1,40,Night
10731,A,Ship,4,1,253,5,low,F,1,1235,1,33,Afternoon
10732,B,Ship,4,3,253,5,low,F,10,1464,1,42,Afternoon
10733,C,Ship,4,1,261,5,low,F,6,1129,1,41,Afternoon
10734,F,Ship,5,1,251,6,low,F,5,1827,1,16,Afternoon
10735,D,Ship,5,5,275,5,low,M,4,1646,1,45,Night
10736,F,Ship,4,4,229,6,medium,F,8,1175,1,12,Night
10737,A,Ship,5,3,257,5,medium,F,10,1812,1,45,Afternoon
10738,B,Ship,5,3,229,5,low,F,1,1424,1,50,Afternoon
10739,C,Ship,4,1,255,5,medium,F,1,1918,0,39,Morning
10740,F,Ship,5,3,242,5,low,F,9,1716,1,43,Afternoon
10741,D,Ship,4,3,192,4,low,F,3,1406,0,33,Morning
10742,F,Ship,5,3,218,5,medium,F,4,1433,1,4,Morning
10743,A,Ship,5,3,219,6,low,F,9,1019,1,20,Night
10744,B,Ship,5,1,261,5,medium,M,3,1644,0,44,Night
10745,C,Ship,5,4,236,5,medium,F,7,1017,1,15,Afternoon
10746,F,Ship,5,1,257,6,low,M,2,1258,0,49,Night
10747,D,Ship,4,4,252,5,medium,M,1,1539,0,2,Afternoon
10748,F,Ship,4,2,232,5,medium,F,3,1500,1,14,Night
10749,A,Ship,5,4,229,5,low,M,9,1069,0,24,Morning
10750,B,Ship,3,1,202,3,medium,M,5,1556,0,24,Afternoon
10751,C,Ship,4,5,228,5,medium,F,4,1618,1,3,Afternoon
10752,F,Ship,5,5,244,6,low,F,1,1222,1,16,Night
10753,D,Ship,5,1,260,5,low,M,4,1257,1,32,Morning
10754,F,Ship,4,5,245,5,low,M,8,1841,1,18,Afternoon
10755,A,Ship,5,5,227,5,medium,M,5,1186,1,47,Night
10756,B,Ship,4,1,300,5,medium,M,6,1027,1,1,Night
10757,C,Ship,2,4,160,5,low,F,3,1645,1,4,Night
10758,F,Ship,5,4,274,5,low,M,6,1969,1,30,Morning
10759,D,Ship,4,4,260,5,low,F,5,1952,0,30,Night
10760,F,Ship,4,3,253,5,low,M,6,1367,0,50,Morning
10761,A,Ship,4,5,218,5,low,M,8,1574,0,27,Morning
10762,B,Ship,5,1,220,5,low,F,4,1156,0,22,Afternoon
10763,C,Ship,5,2,253,5,medium,M,6,1326,1,17,Afternoon
10764,F,Ship,5,1,259,5,low,F,7,1871,0,23,Night
10765,D,Ship,5,1,235,5,low,M,4,1259,0,8,Night
10766,F,Ship,5,1,274,5,low,F,2,1558,0,6,Afternoon
10767,A,Ship,5,2,264,5,medium,M,4,1318,1,26,Night
10768,B,Ship,4,2,258,5,medium,F,1,1010,1,4,Night
10769,C,Ship,4,1,237,5,medium,M,5,1154,0,16,Morning
10770,F,Ship,4,1,273,6,medium,M,1,1826,1,33,Night
10771,D,Ship,4,1,249,6,medium,M,7,1415,0,11,Morning
10772,F,Ship,4,1,250,6,medium,F,7,1292,1,49,Afternoon
10773,A,Ship,4,4,229,5,medium,F,7,1716,0,32,Night
10774,B,Ship,5,4,223,5,low,F,2,1713,1,5,Morning
10775,C,Ship,4,1,272,5,medium,F,1,1149,1,27,Morning
10776,F,Ship,5,3,230,5,low,M,7,1996,1,22,Morning
10777,D,Ship,5,2,226,6,low,F,5,1981,0,50,Afternoon
10778,F,Ship,5,5,263,5,medium,F,1,1114,0,22,Afternoon
10779,A,Ship,4,5,243,5,low,M,7,1243,0,13,Night
10780,B,Ship,5,2,269,5,medium,F,9,1165,1,40,Night
10781,C,Ship,4,4,234,5,low,M,7,1871,1,30,Morning
10782,F,Ship,4,2,267,5,medium,F,2,1307,0,7,Afternoon
10783,D,Ship,2,1,240,2,low,M,8,1144,0,44,Night
10784,F,Ship,5,1,247,5,medium,F,8,1842,0,41,Morning
10785,A,Ship,5,3,137,4,low,F,2,1034,1,21,Morning
10786,B,Ship,5,1,248,5,medium,F,5,1861,1,3,Night
10787,C,Ship,5,5,222,6,low,F,3,1861,1,18,Night
10788,F,Ship,4,2,169,3,medium,F,7,1897,1,14,Afternoon
10789,D,Ship,4,3,241,5,low,M,6,1324,1,20,Night
10790,F,Ship,6,3,136,3,low,F,10,1826,1,14,Night
10791,A,Ship,4,4,224,5,medium,F,5,1184,1,16,Morning
10792,B,Ship,4,2,259,5,medium,M,7,1042,0,46,Night
10793,C,Ship,6,1,260,3,low,F,4,1338,0,32,Afternoon
10794,F,Ship,4,2,217,5,medium,M,10,1744,1,37,Morning
10795,D,Ship,5,5,224,5,low,F,7,1505,1,35,Night
10796,F,Ship,4,3,232,5,medium,F,8,1265,1,49,Morning
10797,A,Road,3,5,156,4,low,F,6,1015,1,29,Afternoon
10798,B,Road,4,2,251,6,low,F,3,1297,1,30,Night
10799,C,Road,4,2,253,5,medium,F,9,1438,1,21,Morning
10800,F,Road,4,3,245,6,medium,M,2,1727,0,37,Afternoon
10801,D,Road,5,5,253,6,low,F,1,1300,1,38,Morning
10802,F,Road,5,3,234,5,low,M,7,1691,0,1,Morning
10803,A,Road,4,5,229,5,low,F,3,1954,1,3,Night
10804,B,Road,5,2,250,5,low,F,9,1897,1,48,Afternoon
10805,C,Road,4,3,268,5,medium,M,7,1932,0,39,Morning
10806,F,Road,5,5,269,5,medium,F,3,1120,1,21,Night
10807,D,Road,5,3,242,5,low,M,3,1276,0,27,Night
10808,F,Road,5,5,223,6,medium,F,10,1711,1,43,Morning
10809,A,Road,2,4,155,5,low,M,9,1740,0,8,Afternoon
10810,B,Road,4,2,220,6,medium,M,10,1878,0,4,Morning
10811,C,Road,4,3,256,3,medium,M,3,4480,1,30,Morning
10812,F,Road,5,1,162,3,low,F,4,5869,0,35,Afternoon
10813,D,Road,3,3,139,3,low,F,7,5199,0,2,Morning
10814,F,Road,4,3,207,3,medium,F,5,4847,0,30,Afternoon
10815,A,Road,5,1,174,5,medium,F,6,4677,1,25,Night
10816,B,Road,3,2,216,2,low,F,1,4350,0,28,Afternoon
10817,C,Road,3,3,176,3,medium,M,9,5575,1,19,Night
10818,F,Road,4,3,223,2,low,F,3,5765,0,48,Night
10819,D,Flight,4,1,135,4,low,F,5,5934,1,21,Afternoon
10820,F,Flight,4,4,249,3,medium,F,4,5809,0,26,Morning
10821,A,Flight,4,1,157,5,low,M,10,4871,1,48,Night
10822,B,Flight,3,1,102,3,medium,M,9,4459,0,23,Morning
10823,C,Flight,3,3,197,3,medium,M,8,4568,1,47,Afternoon
10824,F,Flight,5,5,203,2,low,M,10,4790,0,27,Afternoon
10825,D,Flight,5,1,244,2,medium,M,6,5217,1,34,Afternoon
10826,F,Flight,4,4,258,3,medium,M,8,5324,0,34,Night
10827,A,Flight,4,5,167,2,low,F,10,5067,1,36,Night
10828,B,Flight,6,5,225,3,medium,M,10,4972,1,38,Morning
10829,C,Flight,3,3,192,3,high,F,4,4339,0,22,Morning
10830,F,Flight,4,4,199,4,high,M,1,4163,0,21,Night
10831,D,Flight,5,5,142,4,low,M,5,5749,1,23,Night
10832,F,Flight,5,4,145,2,low,M,2,4753,1,48,Morning
10833,A,Flight,3,1,148,4,low,M,9,5536,1,37,Morning
10834,B,Flight,6,5,258,5,low,F,1,5376,1,48,Afternoon
10835,C,Flight,2,4,114,5,high,M,3,4423,1,8,Afternoon
10836,F,Flight,5,4,143,2,low,F,8,5291,1,14,Afternoon
10837,D,Flight,6,4,186,2,low,M,5,4851,0,2,Morning
10838,F,Flight,3,4,212,2,low,M,7,4742,1,6,Afternoon
10839,A,Flight,4,2,145,3,medium,M,1,5400,1,28,Morning
10840,B,Flight,4,3,148,3,medium,M,8,4240,0,8,Afternoon
10841,C,Ship,3,1,139,2,medium,M,2,4534,1,48,Night
10842,F,Ship,3,5,169,2,medium,F,4,4466,0,10,Morning
10843,D,Ship,5,5,251,2,medium,F,5,5178,0,32,Afternoon
10844,F,Ship,4,1,154,2,low,M,1,5578,1,40,Afternoon
10845,A,Ship,5,2,150,3,medium,F,7,5980,1,40,Night
10846,B,Ship,4,5,272,4,medium,F,9,5034,0,32,Morning
10847,C,Ship,4,4,197,2,low,F,7,4684,1,40,Morning
10848,F,Ship,4,1,169,2,low,M,2,5702,0,46,Morning
10849,D,Ship,3,2,201,4,medium,M,10,5565,1,11,Afternoon
10850,F,Ship,3,4,168,3,medium,F,3,5303,0,34,Afternoon
10851,A,Ship,4,1,202,3,low,M,7,4788,1,42,Afternoon
10852,B,Ship,5,1,241,4,medium,M,7,5519,0,23,Night
10853,C,Ship,5,5,152,4,low,F,10,5913,0,8,Morning
10854,F,Ship,5,3,139,2,medium,F,3,5261,1,40,Afternoon
10855,D,Ship,5,5,204,5,medium,F,10,4251,1,5,Afternoon
10856,F,Ship,3,3,198,2,low,M,7,4996,0,23,Morning
10857,A,Ship,6,5,206,2,low,F,6,5646,0,24,Night
10858,B,Ship,3,4,231,6,medium,F,3,5910,0,5,Afternoon
10859,C,Ship,3,1,166,3,medium,M,4,4716,1,25,Night
10860,F,Ship,3,1,125,3,medium,M,9,5489,1,32,Night
10861,D,Ship,5,3,237,3,high,M,7,4208,0,13,Night
10862,F,Ship,4,1,145,3,medium,F,7,4386,0,24,Afternoon
10863,A,Ship,6,4,242,3,medium,M,9,5920,1,4,Night
10864,B,Ship,4,2,261,3,low,M,4,5345,0,49,Morning
10865,C,Ship,5,3,148,3,low,M,7,4714,1,24,Night
10866,F,Ship,3,3,148,4,low,F,2,5557,1,6,Night
10867,D,Ship,4,3,185,2,low,M,3,5914,0,11,Morning
10868,F,Ship,4,3,195,3,low,M,7,4915,0,47,Afternoon
10869,A,Ship,4,4,219,3,medium,M,10,4947,1,18,Morning
10870,B,Ship,4,2,146,3,medium,M,7,4381,0,2,Morning
10871,C,Ship,4,3,125,4,medium,M,7,4203,0,17,Afternoon
10872,F,Ship,3,5,205,4,low,F,9,4819,0,27,Morning
10873,D,Ship,3,4,177,2,medium,M,3,4240,0,17,Afternoon
10874,F,Ship,5,1,190,2,low,M,9,5226,1,10,Afternoon
10875,A,Ship,3,3,137,4,low,M,6,4803,0,15,Afternoon
10876,B,Ship,3,2,255,3,medium,F,8,4471,1,50,Morning
10877,C,Ship,3,3,141,2,low,M,2,5923,1,16,Afternoon
10878,F,Ship,4,4,151,2,low,M,8,5724,1,36,Afternoon
10879,D,Ship,3,5,272,2,medium,M,6,4652,1,1,Night
10880,F,Ship,5,3,265,2,low,F,4,4641,0,40,Afternoon
10881,A,Ship,3,4,148,3,low,M,1,4387,1,22,Morning
10882,B,Ship,3,2,123,4,low,F,10,5891,1,12,Morning
10883,C,Ship,5,2,244,2,medium,F,4,4992,0,14,Morning
10884,F,Ship,3,4,181,4,medium,F,3,5163,0,43,Afternoon
10885,D,Ship,4,4,221,3,medium,M,5,4024,1,9,Afternoon
10886,F,Ship,4,4,177,5,medium,M,7,4070,0,5,Night
10887,A,Ship,4,2,226,2,low,F,2,4332,1,5,Afternoon
10888,B,Ship,4,1,275,3,medium,F,7,5382,0,36,Morning
10889,C,Ship,4,4,192,2,low,M,1,4429,1,14,Morning
10890,F,Ship,5,5,243,2,medium,F,5,4709,1,48,Night
10891,D,Ship,4,3,188,4,medium,M,7,4024,0,35,Night
10892,F,Ship,3,3,149,2,medium,F,2,5311,1,32,Night
10893,A,Ship,4,5,167,2,low,F,7,5800,1,14,Afternoon
10894,B,Ship,4,2,211,3,low,M,4,5989,1,26,Morning
10895,C,Ship,3,2,248,3,medium,M,8,5171,1,34,Night
10896,F,Ship,6,3,244,3,medium,M,4,5277,0,40,Night
10897,D,Ship,4,1,133,4,low,F,10,5258,1,34,Night
10898,F,Ship,4,3,242,2,low,M,9,4876,1,15,Afternoon
10899,A,Ship,4,1,222,2,high,M,3,5665,0,33,Night
10900,B,Ship,2,1,229,3,medium,M,9,5075,1,2,Afternoon
10901,C,Ship,5,5,196,4,medium,M,8,4604,0,14,Morning
10902,F,Ship,4,4,201,2,medium,M,7,4320,1,33,Night
10903,D,Ship,5,3,210,3,medium,M,9,5912,1,46,Night
10904,F,Ship,3,5,241,4,low,F,9,5526,0,26,Night
10905,A,Ship,4,2,218,2,low,M,4,4299,0,11,Night
10906,B,Ship,2,2,210,3,medium,F,10,4324,0,2,Afternoon
10907,C,Ship,4,1,261,3,low,F,3,4673,0,12,Night
10908,F,Ship,2,1,125,4,low,M,1,4097,0,44,Morning
10909,D,Ship,4,1,192,4,high,M,10,4570,0,36,Afternoon
10910,F,Ship,4,2,229,4,low,M,8,5385,1,23,Afternoon
10911,A,Ship,5,5,264,8,high,F,10,5759,0,33,Night
10912,B,Ship,4,5,227,10,low,M,7,4403,1,27,Afternoon
10913,C,Ship,4,2,258,3,medium,F,9,4977,0,46,Morning
10914,F,Ship,3,2,164,4,medium,F,10,4560,0,18,Morning
10915,D,Ship,4,1,261,4,medium,F,6,4888,1,1,Afternoon
10916,F,Ship,4,4,220,10,medium,F,7,4598,1,6,Afternoon
10917,A,Ship,5,1,224,5,low,M,1,1600,1,33,Night
10918,B,Ship,4,1,225,5,low,M,3,1488,1,44,Night
10919,C,Ship,5,3,246,5,low,M,2,1185,1,20,Afternoon
10920,F,Ship,5,1,221,6,medium,F,7,1841,0,45,Afternoon
10921,D,Ship,4,4,257,5,medium,F,9,1869,0,30,Afternoon
10922,F,Ship,5,1,234,5,medium,F,9,1932,0,6,Afternoon
10923,A,Ship,4,4,216,6,low,M,10,1255,1,41,Night
10924,B,Ship,5,5,221,5,low,F,3,1220,1,16,Afternoon
10925,C,Ship,4,2,249,5,low,M,1,1200,1,24,Afternoon
10926,F,Ship,5,1,240,5,low,M,10,1373,0,44,Morning
10927,D,Ship,5,3,219,5,low,F,6,1553,1,48,Morning
10928,F,Ship,5,3,219,5,low,M,7,1993,0,16,Night
10929,A,Ship,3,5,278,4,medium,F,8,1785,1,48,Morning
10930,B,Ship,5,4,232,5,medium,M,5,1337,1,39,Afternoon
10931,C,Ship,4,4,253,5,low,F,2,1709,1,8,Night
10932,F,Ship,4,3,253,5,low,M,6,1366,0,40,Morning
10933,D,Ship,4,2,261,5,low,F,8,1235,0,10,Night
10934,F,Road,5,1,251,6,low,F,3,1562,1,32,Afternoon
10935,A,Road,5,4,275,5,low,M,4,1522,0,17,Morning
10936,B,Road,4,2,229,6,medium,F,5,1689,1,20,Morning
10937,C,Road,5,3,257,5,medium,M,8,1981,0,16,Afternoon
10938,F,Road,5,3,229,5,low,F,10,1951,1,6,Morning
10939,D,Road,4,2,255,5,medium,M,2,1186,0,48,Afternoon
10940,F,Road,5,4,242,5,low,F,10,1365,1,15,Night
10941,A,Road,4,1,192,4,low,M,3,1689,1,48,Night
10942,B,Road,5,1,218,5,medium,M,8,1651,0,32,Afternoon
10943,C,Road,5,1,219,6,low,F,2,1650,0,42,Night
10944,F,Road,5,3,261,5,medium,M,10,1434,0,31,Night
10945,D,Road,5,4,236,5,medium,F,4,1948,1,25,Morning
10946,F,Road,5,2,257,6,low,M,3,1379,0,49,Morning
10947,A,Road,4,2,252,5,medium,M,7,1134,0,6,Morning
10948,B,Road,4,1,232,5,medium,M,9,1145,1,47,Morning
10949,C,Road,5,4,229,5,low,F,3,1861,0,34,Morning
10950,F,Road,3,4,202,3,medium,M,7,1946,1,4,Night
10951,D,Road,4,3,228,5,medium,M,8,1753,0,9,Afternoon
10952,F,Road,5,2,244,6,low,M,1,1199,1,39,Afternoon
10953,A,Road,5,1,260,5,low,F,3,1705,1,7,Night
10954,B,Road,4,1,245,5,low,M,3,1496,0,16,Night
10955,C,Road,4,1,261,3,low,F,8,5206,0,49,Night
10956,F,Flight,2,5,125,4,low,M,5,5866,1,26,Night
10957,D,Flight,4,3,192,4,high,M,7,4949,1,16,Afternoon
10958,F,Flight,4,3,229,4,low,F,7,4829,1,7,Night
10959,A,Flight,5,2,264,8,high,M,2,5252,0,21,Night
10960,B,Flight,4,2,227,10,low,F,10,4619,1,11,Morning
10961,C,Flight,4,4,258,3,medium,M,4,4578,1,49,Afternoon
10962,F,Flight,3,2,164,4,medium,M,6,5761,1,11,Night
10963,D,Flight,4,1,261,4,medium,F,7,5600,0,30,Afternoon
10964,F,Flight,4,5,220,10,medium,M,8,4100,0,21,Afternoon
10965,A,Flight,5,3,224,5,low,M,5,1842,1,3,Afternoon
10966,B,Flight,4,3,225,5,low,M,1,1755,1,23,Night
10967,C,Flight,5,5,246,5,low,F,6,1300,1,14,Morning
10968,F,Flight,5,4,221,6,medium,M,5,1944,1,5,Night
10969,D,Flight,4,4,257,5,medium,F,4,1668,1,4,Night
10970,F,Flight,5,2,234,5,medium,M,7,1524,1,38,Afternoon
10971,A,Flight,4,4,216,6,low,M,5,1272,1,38,Afternoon
10972,B,Flight,5,5,221,5,low,M,8,1718,1,11,Morning
10973,C,Flight,4,1,249,5,low,F,10,1762,0,40,Night
10974,F,Flight,5,2,240,5,low,F,7,1923,1,28,Afternoon
10975,D,Flight,5,2,219,5,low,F,9,1505,1,1,Afternoon
10976,F,Flight,5,2,219,5,low,M,10,1276,1,29,Afternoon
10977,A,Flight,3,2,278,4,medium,M,9,1631,1,22,Night
10978,B,Ship,5,4,232,5,medium,F,4,1561,1,32,Night
10979,C,Ship,4,1,253,5,low,F,2,1362,1,44,Morning
10980,F,Ship,4,2,253,5,low,F,3,1086,0,7,Morning
10981,D,Ship,4,4,261,5,low,F,4,1649,0,7,Morning
10982,F,Ship,5,2,251,6,low,M,10,1196,1,2,Night
10983,A,Ship,5,1,275,5,low,M,7,1623,0,29,Morning
10984,B,Ship,4,3,229,6,medium,M,1,1235,0,39,Night
10985,C,Ship,5,1,257,5,medium,M,1,1102,0,12,Morning
10986,F,Ship,5,1,229,5,low,F,10,1040,0,2,Night
10987,D,Ship,4,5,255,5,medium,M,5,1458,0,47,Night
10988,F,Ship,5,3,242,5,low,F,10,1846,0,33,Afternoon
10989,A,Ship,4,3,192,4,low,F,2,1830,1,23,Night
10990,B,Ship,5,1,218,5,medium,F,9,1603,1,30,Night
10991,C,Ship,5,4,219,6,low,M,3,1098,1,43,Afternoon
10992,F,Ship,5,2,261,5,medium,M,9,1227,0,20,Morning
10993,D,Ship,5,1,236,5,medium,M,3,1906,1,45,Afternoon
10994,F,Ship,5,1,257,6,low,F,1,1150,1,34,Night
10995,A,Ship,4,1,252,5,medium,F,1,1538,0,23,Morning
10996,B,Ship,4,1,232,5,medium,F,6,1247,1,45,Morning
10997,C,Ship,5,4,242,5,low,F,4,1155,1,45,Night
10998,F,Ship,5,2,223,6,medium,M,2,1210,1,8,Morning
10999,D,Ship,2,5,155,5,low,F,6,1639,1,46,Morning
